[Licensing::Module] Trying to connect to existing licensing client channel...
Built from '6000.2/staging' branch; Version is '6000.2.6f1 (cc51a95c0300) revision 13390249'; Using compiler version '194234433'; Build Type 'Release'
[Licensing::IpcConnector] Successfully connected to: "LicenseClient-jkbfa" at "2026-09-23T19:10:21.2966147Z"
OS: 'Windows 11  (10.0.26200) 64bit Professional' Language: 'en' Physical Memory: 32581 MB
BatchMode: 1, IsHumanControllingUs: 0, StartBugReporterOnCrash: 0, Is64bit: 1
Date: 2026-09-23T19:10:21Z

COMMAND LINE ARGUMENTS:
C:\Program Files\Unity\Hub\Editor\6000.2.6f1\Editor\Unity.exe
-adb2
-batchMode
-noUpm
-name
AssetImportWorker0
-projectPath
C:/3 Last Chances
-logFile
Logs/AssetImportWorker0.log
-srvPort
59994
-licensingIpc
LicenseClient-jkbfa
-job-worker-count
9
-background-job-worker-count
8
-gc-helper-count
1
-name
AssetImport
Successfully changed project path to: C:/3 Last Chances
C:/3 Last Chances
[UnityMemory] Configuration Parameters - Can be set up in boot.config
    "memorysetup-allocator-temp-initial-block-size-main=262144"
    "memorysetup-allocator-temp-initial-block-size-worker=262144"
    "memorysetup-bucket-allocator-granularity=16"
    "memorysetup-bucket-allocator-bucket-count=8"
    "memorysetup-bucket-allocator-block-size=33554432"
    "memorysetup-bucket-allocator-block-count=8"
    "memorysetup-main-allocator-block-size=16777216"
    "memorysetup-thread-allocator-block-size=16777216"
    "memorysetup-gfx-main-allocator-block-size=16777216"
    "memorysetup-gfx-thread-allocator-block-size=16777216"
    "memorysetup-cache-allocator-block-size=4194304"
    "memorysetup-typetree-allocator-block-size=2097152"
    "memorysetup-profiler-bucket-allocator-granularity=16"
    "memorysetup-profiler-bucket-allocator-bucket-count=8"
    "memorysetup-profiler-bucket-allocator-block-size=33554432"
    "memorysetup-profiler-bucket-allocator-block-count=8"
    "memorysetup-profiler-allocator-block-size=16777216"
    "memorysetup-profiler-editor-allocator-block-size=1048576"
    "memorysetup-temp-allocator-size-main=16777216"
    "memorysetup-job-temp-allocator-block-size=2097152"
    "memorysetup-job-temp-allocator-block-size-background=1048576"
    "memorysetup-job-temp-allocator-reduction-small-platforms=262144"
    "memorysetup-temp-allocator-size-background-worker=32768"
    "memorysetup-temp-allocator-size-job-worker=262144"
    "memorysetup-temp-allocator-size-preload-manager=33554432"
    "memorysetup-temp-allocator-size-nav-mesh-worker=65536"
    "memorysetup-temp-allocator-size-audio-worker=65536"
    "memorysetup-temp-allocator-size-cloud-worker=32768"
    "memorysetup-temp-allocator-size-gi-baking-worker=262144"
    "memorysetup-temp-allocator-size-gi-baking-worker=262144"
    "memorysetup-temp-allocator-size-gi-baking-worker=262144"
    "memorysetup-temp-allocator-size-gi-baking-worker=262144"
    "memorysetup-temp-allocator-size-gi-baking-worker=262144"
    "memorysetup-temp-allocator-size-gfx=262144"
Player connection [14924]  Target information:

Player connection [14924]  * "[IP] 192.168.0.21 [Port] 0 [Flags] 2 [Guid] 1864510208 [EditorId] 1864510208 [Version] 1048832 [Id] WindowsEditor(7,DESKTOP-EQG8JSA) [Debug] 1 [PackageName] WindowsEditor [ProjectName] Editor" 

Player connection [14924] Host joined multi-casting on [225.0.0.222:54997]...
Player connection [14924] Host joined alternative multi-casting on [225.0.0.222:34997]...
JobSystem: Creating JobQueue using job-worker-count value 9
Input System module state changed to: Initialized.
[Physics::Module] Initialized fallback backend.
[Physics::Module] Id: 0xdecafbad
[Licensing::Client] Code 10 while verifying Licensing Client signature (process Id: 2376, path: "C:/Program Files/Unity Hub/UnityLicensingClient_V1/Unity.Licensing.Client.exe")
[Licensing::Module] LicensingClient has failed validation; ignoring
[Licensing::Client] Error: HandshakeResponse reported an error:
	ResponseCode: 505
	ResponseStatus: Unsupported protocol version '1.17.2'.
[Licensing::Module] Error: Failed to handshake to channel: "LicenseClient-jkbfa"
[Licensing::IpcConnector] LicenseClient-jkbfa channel disconnected successfully.
[Licensing::IpcConnector] Successfully connected to: "LicenseClient-jkbfa-6000.2.6" at "2026-09-23T19:10:21.3272831Z"
[Licensing::Client] Code 10 while verifying Licensing Client signature (process Id: 40488, path: "C:/Program Files/Unity/Hub/Editor/6000.2.6f1/Editor/Data/Resources/Licensing/Client/Unity.Licensing.Client.exe")
[Licensing::Module] LicensingClient has failed validation; ignoring
[Licensing::Client] Handshaking with LicensingClient:
  Version:                 1.17.2+ff71f16
  Session Id:              1160c9b6013a4f449813e7d2bcc10a42
  Correlation Id:          ec57722df6fef91696d5b312a48fed2d
  External correlation Id: 1254678908405281505
  Machine Id:              xK1gEWRMnxM/pvrCIBXVFOFyDwA=
[Licensing::Module] Successfully connected to LicensingClient on channel: "LicenseClient-jkbfa-6000.2.6" (connect: 0.00s, validation: 0.00s, handshake: 0.00s)
[Licensing::IpcConnector] Successfully connected to: "LicenseClient-jkbfa-6000.2.6-notifications" at "2026-09-23T19:10:21.3341312Z"
[Licensing::Module] Licensing Background thread has ended after 0.04s
Library Redirect Path: Library/
[Physics::Module] Selected backend.
[Physics::Module] Name: PhysX
[Physics::Module] Id: 0xf2b8ea05
[Physics::Module] SDK Version: 4.1.2
[Physics::Module] Integration Version: 1.0.0
[Physics::Module] Threading Mode: Multi-Threaded
Refreshing native plugins compatible for Editor in 17.96 ms, found 7 plugins.
Preloading 0 native plugins for Editor in 0.00 ms.
Initialize engine version: 6000.2.6f1 (cc51a95c0300)
[Subsystems] Discovering subsystems at path C:/Program Files/Unity/Hub/Editor/6000.2.6f1/Editor/Data/Resources/UnitySubsystems
[Subsystems] Discovering subsystems at path C:/3 Last Chances/Assets
GfxDevice: creating device client; kGfxThreadingModeNonThreaded
Direct3D:
    Version:  Direct3D 11.0 [level 11.1]
    Renderer: NVIDIA GeForce RTX 4070 SUPER (ID=0x2783)
    Vendor:   NVIDIA
    VRAM:     11997 MB
    Driver:   32.0.15.9186
Initialize mono
Mono path[0] = 'C:/Program Files/Unity/Hub/Editor/6000.2.6f1/Editor/Data/Managed'
Mono path[1] = 'C:/Program Files/Unity/Hub/Editor/6000.2.6f1/Editor/Data/MonoBleedingEdge/lib/mono/unityjit-win32'
Mono config path = 'C:/Program Files/Unity/Hub/Editor/6000.2.6f1/Editor/Data/MonoBleedingEdge/etc'
Using monoOptions --debugger-agent=transport=dt_socket,embedding=1,server=y,suspend=n,address=127.0.0.1:56404
Begin MonoManager ReloadAssembly
Registering precompiled unity dll's ...
Register platform support module: C:/Program Files/Unity/Hub/Editor/6000.2.6f1/Editor/Data/PlaybackEngines/WindowsStandaloneSupport/UnityEditor.WindowsStandalone.Extensions.dll
Registered in 0.001025 seconds.
- Loaded All Assemblies, in  0.276 seconds
Native extension for WindowsStandalone target not found
Mono: successfully reloaded assembly
- Finished resetting the current domain, in  0.247 seconds
Domain Reload Profiling: 522ms
	BeginReloadAssembly (93ms)
		ExecutionOrderSort (0ms)
		DisableScriptedObjects (0ms)
		BackupInstance (0ms)
		ReleaseScriptingObjects (0ms)
		CreateAndSetChildDomain (1ms)
	RebuildCommonClasses (27ms)
	RebuildNativeTypeToScriptingClass (8ms)
	initialDomainReloadingComplete (35ms)
	LoadAllAssembliesAndSetupDomain (112ms)
		LoadAssemblies (91ms)
		RebuildTransferFunctionScriptingTraits (0ms)
		AnalyzeDomain (110ms)
			TypeCache.Refresh (109ms)
				TypeCache.ScanAssembly (96ms)
			BuildScriptInfoCaches (0ms)
			ResolveRequiredComponents (0ms)
	FinalizeReload (247ms)
		ReleaseScriptCaches (0ms)
		RebuildScriptCaches (0ms)
		SetupLoadedEditorAssemblies (203ms)
			LogAssemblyErrors (0ms)
			InitializePlatformSupportModulesInManaged (32ms)
			SetLoadedEditorAssemblies (3ms)
			BeforeProcessingInitializeOnLoad (41ms)
			ProcessInitializeOnLoadAttributes (92ms)
			ProcessInitializeOnLoadMethodAttributes (35ms)
			AfterProcessingInitializeOnLoad (0ms)
			EditorAssembliesLoaded (0ms)
		ExecutionOrderSort2 (0ms)
		AwakeInstancesAfterBackupRestoration (0ms)
========================================================================
Worker process is ready to serve import requests
Import Worker Mode flag is 0x00
Begin MonoManager ReloadAssembly
[Licensing::Client] Successfully resolved entitlement details
[Licensing::Module] License group:
  Id: 7971575436243-UnityPersXXXX
  Product: Unity Personal
  Type: Assigned
  Expiration: Unlimited
Symbol file LoadedFromMemory is not a mono symbol file
- Loaded All Assemblies, in  0.660 seconds
Refreshing native plugins compatible for Editor in 6.77 ms, found 7 plugins.
Native extension for WindowsStandalone target not found
Refreshing native plugins compatible for Editor in 7.76 ms, found 7 plugins.
Package Manager log level set to [2]
[Package Manager] Failed to launch server process. Reason: Unity was launched with the -noUpm command-line argument
[Package Manager] Unable to send message (not connected to server process).
[Package Manager] Cannot connect to Unity Package Manager local server
The project currently uses the compatibility mode where the Render Graph API is disabled. Support for this mode will be removed in future Unity versions. Migrate existing ScriptableRenderPasses to the new RenderGraph API. After the migration, disable the compatibility mode in Edit > Projects Settings > Graphics > Render Graph.
UnityEngine.Debug:ExtractStackTraceNoAlloc (byte*,int,string)
UnityEngine.StackTraceUtility:ExtractStackTrace ()
UnityEngine.DebugLogHandler:Internal_Log (UnityEngine.LogType,UnityEngine.LogOption,string,UnityEngine.Object)
UnityEngine.DebugLogHandler:LogFormat (UnityEngine.LogType,UnityEngine.Object,string,object[])
UnityEngine.Logger:Log (UnityEngine.LogType,object)
UnityEngine.Debug:LogWarning (object)
UnityEngine.Rendering.Universal.WarnUsingNonRenderGraph:EmitConsoleWarning () (at ./Library/PackageCache/com.unity.render-pipelines.universal@1e1527b3a17b/Runtime/Data/UniversalRenderPipelineAsset.cs:432)
System.Reflection.RuntimeMethodInfo:Invoke (object,System.Reflection.BindingFlags,System.Reflection.Binder,object[],System.Globalization.CultureInfo)
System.Reflection.MethodBase:Invoke (object,object[])
UnityEditor.EditorAssemblies:ProcessInitializeOnLoadMethodAttributes ()

(Filename: ./Library/PackageCache/com.unity.render-pipelines.universal@1e1527b3a17b/Runtime/Data/UniversalRenderPipelineAsset.cs Line: 432)

Mono: successfully reloaded assembly
- Finished resetting the current domain, in  1.264 seconds
Domain Reload Profiling: 1921ms
	BeginReloadAssembly (129ms)
		ExecutionOrderSort (0ms)
		DisableScriptedObjects (4ms)
		BackupInstance (0ms)
		ReleaseScriptingObjects (0ms)
		CreateAndSetChildDomain (25ms)
	RebuildCommonClasses (25ms)
	RebuildNativeTypeToScriptingClass (9ms)
	initialDomainReloadingComplete (26ms)
	LoadAllAssembliesAndSetupDomain (469ms)
		LoadAssemblies (317ms)
		RebuildTransferFunctionScriptingTraits (0ms)
		AnalyzeDomain (221ms)
			TypeCache.Refresh (160ms)
				TypeCache.ScanAssembly (145ms)
			BuildScriptInfoCaches (46ms)
			ResolveRequiredComponents (11ms)
	FinalizeReload (1264ms)
		ReleaseScriptCaches (0ms)
		RebuildScriptCaches (0ms)
		SetupLoadedEditorAssemblies (1152ms)
			LogAssemblyErrors (0ms)
			InitializePlatformSupportModulesInManaged (2ms)
			SetLoadedEditorAssemblies (5ms)
			BeforeProcessingInitializeOnLoad (139ms)
			ProcessInitializeOnLoadAttributes (884ms)
			ProcessInitializeOnLoadMethodAttributes (115ms)
			AfterProcessingInitializeOnLoad (7ms)
			EditorAssembliesLoaded (0ms)
		ExecutionOrderSort2 (0ms)
		AwakeInstancesAfterBackupRestoration (5ms)
Launched and connected shader compiler UnityShaderCompiler.exe after 0.02 seconds
Refreshing native plugins compatible for Editor in 13.43 ms, found 7 plugins.
Preloading 0 native plugins for Editor in 0.00 ms.
Unloading 15 Unused Serialized files (Serialized files now loaded: 0)
Unloading 8482 unused Assets / (4.7 MB). Loaded Objects now: 9270.
Memory consumption went from 189.7 MB to 185.0 MB.
Total: 11.212100 ms (FindLiveObjects: 1.162500 ms CreateObjectMapping: 0.473500 ms MarkObjects: 6.377800 ms  DeleteObjects: 3.197000 ms)

========================================================================
Received Import Request.
  Time since last request: 567413.862293 seconds.
  path: Assets/Resources/Mat_SpirteArt.mat
  artifactKey: Guid(ea0df5702ebd32645a76686adf974373) Importer(2089858483,934ff659095e30574adcf32a4c2f97b5)
Start importing Assets/Resources/Mat_SpirteArt.mat using Guid(ea0df5702ebd32645a76686adf974373) Importer(2089858483,934ff659095e30574adcf32a4c2f97b5) (ScriptedImporter) -> (artifact id: '0c5b29c988f2d402052a267e169b59dc') in 0.1533303 seconds
Number of updated asset objects reloaded before import = 0Number of asset objects unloaded after import = 1

========================================================================
Received Import Request.
  Time since last request: 52.338086 seconds.
  path: Assets/Resources/Prefabs/AreaOfEffect/AreaOfEffect_WindRush_Knockback.prefab
  artifactKey: Guid(4e0e0c5af904b9f4d8249c518fe9a783) Importer(815301076,1909f56bfc062723c751e8b465ee728b)
Start importing Assets/Resources/Prefabs/AreaOfEffect/AreaOfEffect_WindRush_Knockback.prefab using Guid(4e0e0c5af904b9f4d8249c518fe9a783) Importer(815301076,1909f56bfc062723c751e8b465ee728b) (PreviewImporter) -> (artifact id: '6c3d8defaa59fc974d862daddf199dfb') in 0.2254747 seconds
Number of updated asset objects reloaded before import = 0Number of asset objects unloaded after import = 23

========================================================================
Received Import Request.
  Time since last request: 33.128020 seconds.
  path: Assets/Resources/Prefabs/AreaOfEffect/AreaOfEffect_WindRush_Knockback.prefab
  artifactKey: Guid(4e0e0c5af904b9f4d8249c518fe9a783) Importer(2089858483,934ff659095e30574adcf32a4c2f97b5)
Start importing Assets/Resources/Prefabs/AreaOfEffect/AreaOfEffect_WindRush_Knockback.prefab using Guid(4e0e0c5af904b9f4d8249c518fe9a783) Importer(2089858483,934ff659095e30574adcf32a4c2f97b5) (ScriptedImporter) -> (artifact id: 'f839fc1f6d87f265ca03f653a881362e') in 0.0287328 seconds
Number of updated asset objects reloaded before import = 0Number of asset objects unloaded after import = 13

========================================================================
Received Import Request.
  Time since last request: 0.635917 seconds.
  path: Assets/TextMesh Pro/Examples & Extras/Resources/Fonts & Materials/Bangers SDF Glow.mat
  artifactKey: Guid(d75b8f41e959450c84ac6e967084d3e1) Importer(815301076,1909f56bfc062723c751e8b465ee728b)
Start importing Assets/TextMesh Pro/Examples & Extras/Resources/Fonts & Materials/Bangers SDF Glow.mat using Guid(d75b8f41e959450c84ac6e967084d3e1) Importer(815301076,1909f56bfc062723c751e8b465ee728b) (PreviewImporter) -> (artifact id: 'afdb6049e1c3fac6c3cbc091d8359ccc') in 0.0354799 seconds
Number of updated asset objects reloaded before import = 0Number of asset objects unloaded after import = 3

========================================================================
Received Import Request.
  Time since last request: 0.000025 seconds.
  path: Assets/TextMesh Pro/Examples & Extras/Resources/Fonts & Materials/Bangers SDF Logo - URP.mat
  artifactKey: Guid(6751ce1a4611b3940812c13a6847d94f) Importer(815301076,1909f56bfc062723c751e8b465ee728b)
Start importing Assets/TextMesh Pro/Examples & Extras/Resources/Fonts & Materials/Bangers SDF Logo - URP.mat using Guid(6751ce1a4611b3940812c13a6847d94f) Importer(815301076,1909f56bfc062723c751e8b465ee728b) (PreviewImporter) -> (artifact id: 'bbad52ddbdaaaa01e3976b180b775a99') in 0.0437462 seconds
Number of updated asset objects reloaded before import = 0Number of asset objects unloaded after import = 5

========================================================================
Received Import Request.
  Time since last request: 0.000026 seconds.
  path: Assets/AllIn1VfxToolkit/Demo & Assets/Demo/Materials/BlackFire.mat
  artifactKey: Guid(8a6fc155f59173f46a682fdfcd8ce147) Importer(815301076,1909f56bfc062723c751e8b465ee728b)
Start importing Assets/AllIn1VfxToolkit/Demo & Assets/Demo/Materials/BlackFire.mat using Guid(8a6fc155f59173f46a682fdfcd8ce147) Importer(815301076,1909f56bfc062723c751e8b465ee728b) (PreviewImporter) -> (artifact id: '55cc9cf97322bdf5d17ce2389b31ee96') in 0.0187174 seconds
Number of updated asset objects reloaded before import = 0Number of asset objects unloaded after import = 8

========================================================================
Received Import Request.
  Time since last request: 0.000033 seconds.
  path: Assets/TextMesh Pro/Examples & Extras/Resources/Fonts & Materials/Bangers SDF Logo.mat
  artifactKey: Guid(f4e195ac1e204eff960149d1cb34e18c) Importer(815301076,1909f56bfc062723c751e8b465ee728b)
Start importing Assets/TextMesh Pro/Examples & Extras/Resources/Fonts & Materials/Bangers SDF Logo.mat using Guid(f4e195ac1e204eff960149d1cb34e18c) Importer(815301076,1909f56bfc062723c751e8b465ee728b) (PreviewImporter) -> (artifact id: 'b12d4e2e2a4c5c1998e6041320cfd4eb') in 0.0145676 seconds
Number of updated asset objects reloaded before import = 0Number of asset objects unloaded after import = 4

========================================================================
Received Import Request.
  Time since last request: 0.210130 seconds.
  path: Assets/Resources/Mat_SpirteArt.mat
  artifactKey: Guid(ea0df5702ebd32645a76686adf974373) Importer(815301076,1909f56bfc062723c751e8b465ee728b)
Start importing Assets/Resources/Mat_SpirteArt.mat using Guid(ea0df5702ebd32645a76686adf974373) Importer(815301076,1909f56bfc062723c751e8b465ee728b) (PreviewImporter) -> (artifact id: 'ce01d83453a0159d703969ed2ac625d1') in 0.0115488 seconds
Number of updated asset objects reloaded before import = 0Number of asset objects unloaded after import = 1

========================================================================
Received Import Request.
  Time since last request: 4.663205 seconds.
  path: Assets/Resources/Prefabs/AreaOfEffect/AreaOfEffect_WindRush_Knockback.prefab
  artifactKey: Guid(4e0e0c5af904b9f4d8249c518fe9a783) Importer(2089858483,934ff659095e30574adcf32a4c2f97b5)
Start importing Assets/Resources/Prefabs/AreaOfEffect/AreaOfEffect_WindRush_Knockback.prefab using Guid(4e0e0c5af904b9f4d8249c518fe9a783) Importer(2089858483,934ff659095e30574adcf32a4c2f97b5) (ScriptedImporter) -> (artifact id: 'd5035e358a1a06b345210fc9ba8729d8') in 0.015267 seconds
Number of updated asset objects reloaded before import = 0Number of asset objects unloaded after import = 13

========================================================================
Received Import Request.
  Time since last request: 10.699889 seconds.
  path: Assets/Resources/Mat_SpriteArt.mat
  artifactKey: Guid(ea0df5702ebd32645a76686adf974373) Importer(2089858483,934ff659095e30574adcf32a4c2f97b5)
Start importing Assets/Resources/Mat_SpriteArt.mat using Guid(ea0df5702ebd32645a76686adf974373) Importer(2089858483,934ff659095e30574adcf32a4c2f97b5) (ScriptedImporter) -> (artifact id: 'a576e7289ecbd69205364a337d024b8e') in 0.0116538 seconds
Number of updated asset objects reloaded before import = 0Number of asset objects unloaded after import = 1

========================================================================
Received Import Request.
  Time since last request: 6.416812 seconds.
  path: Assets/Resources/Mat_SpriteArt.mat
  artifactKey: Guid(ea0df5702ebd32645a76686adf974373) Importer(815301076,1909f56bfc062723c751e8b465ee728b)
Start importing Assets/Resources/Mat_SpriteArt.mat using Guid(ea0df5702ebd32645a76686adf974373) Importer(815301076,1909f56bfc062723c751e8b465ee728b) (PreviewImporter) -> (artifact id: 'c3f9782d4557039a02249231e56571ba') in 0.0074064 seconds
Number of updated asset objects reloaded before import = 0Number of asset objects unloaded after import = 1

========================================================================
Received Import Request.
  Time since last request: 3.032159 seconds.
  path: Assets/Resources/Prefabs/AreaOfEffect/AreaOfEffect_WindRush_Knockback.prefab
  artifactKey: Guid(4e0e0c5af904b9f4d8249c518fe9a783) Importer(2089858483,934ff659095e30574adcf32a4c2f97b5)
Start importing Assets/Resources/Prefabs/AreaOfEffect/AreaOfEffect_WindRush_Knockback.prefab using Guid(4e0e0c5af904b9f4d8249c518fe9a783) Importer(2089858483,934ff659095e30574adcf32a4c2f97b5) (ScriptedImporter) -> (artifact id: '8b1c2c8860e8061438c23c33ce2747a0') in 0.0108722 seconds
Number of updated asset objects reloaded before import = 0Number of asset objects unloaded after import = 13

========================================================================
Received Import Request.
  Time since last request: 76.360346 seconds.
  path: Assets/Plugins/Easy Save 3/Resources/ES3/ES3GlobalReferences.asset
  artifactKey: Guid(1f161f66fd953c24485eb05b1e6d5253) Importer(2089858483,934ff659095e30574adcf32a4c2f97b5)
Start importing Assets/Plugins/Easy Save 3/Resources/ES3/ES3GlobalReferences.asset using Guid(1f161f66fd953c24485eb05b1e6d5253) Importer(2089858483,934ff659095e30574adcf32a4c2f97b5) (ScriptedImporter) -> (artifact id: '75d382143409c279d562d69d5b114f11') in 2.8296399 seconds
Number of updated asset objects reloaded before import = 0Number of asset objects unloaded after import = 49751

========================================================================
Received Import Request.
  Time since last request: 120.092568 seconds.
  path: Assets/Resources/Prefabs/AreaOfEffect/AreaOfEffect_WindRush_Ultimate.prefab
  artifactKey: Guid(888a61985f22386409e5c6b3d032cdbd) Importer(815301076,1909f56bfc062723c751e8b465ee728b)
Start importing Assets/Resources/Prefabs/AreaOfEffect/AreaOfEffect_WindRush_Ultimate.prefab using Guid(888a61985f22386409e5c6b3d032cdbd) Importer(815301076,1909f56bfc062723c751e8b465ee728b) (PreviewImporter) -> (artifact id: 'c9bec5084434e3a4bca4f80b230bb2a1') in 0.0190992 seconds
Number of updated asset objects reloaded before import = 0Number of asset objects unloaded after import = 31

========================================================================
Received Import Request.
  Time since last request: 12.075510 seconds.
  path: Assets/AllIn1VfxToolkit/Demo & Assets/Textures/Shapes/Impact43.png
  artifactKey: Guid(f36ba75978f62c644b6423fb941bb4af) Importer(815301076,1909f56bfc062723c751e8b465ee728b)
Start importing Assets/AllIn1VfxToolkit/Demo & Assets/Textures/Shapes/Impact43.png using Guid(f36ba75978f62c644b6423fb941bb4af) Importer(815301076,1909f56bfc062723c751e8b465ee728b) (PreviewImporter) -> (artifact id: 'c60f5a7c99e02b3894de342acfb011d0') in 0.0195148 seconds
Number of updated asset objects reloaded before import = 0Number of asset objects unloaded after import = 2

========================================================================
Received Import Request.
  Time since last request: 40.322683 seconds.
  path: Assets/AllIn1VfxToolkit/MaterialSaves/VisualEffect_StormBarrier.mat
  artifactKey: Guid(4d37da266f56d6e449f0cf694c11427c) Importer(2089858483,934ff659095e30574adcf32a4c2f97b5)
Start importing Assets/AllIn1VfxToolkit/MaterialSaves/VisualEffect_StormBarrier.mat using Guid(4d37da266f56d6e449f0cf694c11427c) Importer(2089858483,934ff659095e30574adcf32a4c2f97b5) (ScriptedImporter) -> (artifact id: '54a98d84a328c450f43185346370f877') in 0.0168287 seconds
Number of updated asset objects reloaded before import = 0Number of asset objects unloaded after import = 1

========================================================================
Received Import Request.
  Time since last request: 0.000022 seconds.
  path: Assets/AllIn1VfxToolkit/MaterialSaves/VisualEffect_StormBarrier 1.mat
  artifactKey: Guid(4222ae9f0e5e86e41a40142155a485b1) Importer(2089858483,934ff659095e30574adcf32a4c2f97b5)
Start importing Assets/AllIn1VfxToolkit/MaterialSaves/VisualEffect_StormBarrier 1.mat using Guid(4222ae9f0e5e86e41a40142155a485b1) Importer(2089858483,934ff659095e30574adcf32a4c2f97b5) (ScriptedImporter) -> (artifact id: '6ad87d7483c2db505b8607ca219670da') in 0.0149245 seconds
Number of updated asset objects reloaded before import = 0Number of asset objects unloaded after import = 1

========================================================================
Received Import Request.
  Time since last request: 3.671917 seconds.
  path: Assets/AllIn1VfxToolkit/MaterialSaves/VisualEffect_StormBarrier.mat
  artifactKey: Guid(4d37da266f56d6e449f0cf694c11427c) Importer(815301076,1909f56bfc062723c751e8b465ee728b)
Start importing Assets/AllIn1VfxToolkit/MaterialSaves/VisualEffect_StormBarrier.mat using Guid(4d37da266f56d6e449f0cf694c11427c) Importer(815301076,1909f56bfc062723c751e8b465ee728b) (PreviewImporter) -> (artifact id: '6a4ce6f6afef67a7245a8138c19dd728') in 0.0166191 seconds
Number of updated asset objects reloaded before import = 0Number of asset objects unloaded after import = 9

========================================================================
Received Import Request.
  Time since last request: 7.376783 seconds.
  path: Assets/AllIn1VfxToolkit/MaterialSaves/VisualEffect_StormBarrier 1.mat
  artifactKey: Guid(4222ae9f0e5e86e41a40142155a485b1) Importer(815301076,1909f56bfc062723c751e8b465ee728b)
Start importing Assets/AllIn1VfxToolkit/MaterialSaves/VisualEffect_StormBarrier 1.mat using Guid(4222ae9f0e5e86e41a40142155a485b1) Importer(815301076,1909f56bfc062723c751e8b465ee728b) (PreviewImporter) -> (artifact id: '5a7c99193be213a9832bf36e37cb673a') in 0.0182401 seconds
Number of updated asset objects reloaded before import = 0Number of asset objects unloaded after import = 9

========================================================================
Received Import Request.
  Time since last request: 1.485825 seconds.
  path: Assets/Resources/Prefabs/AreaOfEffect/AreaOfEffect_WindRush_Ultimate.prefab
  artifactKey: Guid(888a61985f22386409e5c6b3d032cdbd) Importer(2089858483,934ff659095e30574adcf32a4c2f97b5)
Start importing Assets/Resources/Prefabs/AreaOfEffect/AreaOfEffect_WindRush_Ultimate.prefab using Guid(888a61985f22386409e5c6b3d032cdbd) Importer(2089858483,934ff659095e30574adcf32a4c2f97b5) (ScriptedImporter) -> (artifact id: '942a1040597a6c865099a5c738e6aee5') in 0.0183996 seconds
Number of updated asset objects reloaded before import = 0Number of asset objects unloaded after import = 21

========================================================================
Received Import Request.
  Time since last request: 74.136699 seconds.
  path: Assets/Resources/Prefabs/AreaOfEffect/AreaOfEffect_WindRush_Ultimate.prefab
  artifactKey: Guid(888a61985f22386409e5c6b3d032cdbd) Importer(2089858483,934ff659095e30574adcf32a4c2f97b5)
Start importing Assets/Resources/Prefabs/AreaOfEffect/AreaOfEffect_WindRush_Ultimate.prefab using Guid(888a61985f22386409e5c6b3d032cdbd) Importer(2089858483,934ff659095e30574adcf32a4c2f97b5) (ScriptedImporter) -> (artifact id: '0508d890806ff378008193faf464d08f') in 0.0350811 seconds
Number of updated asset objects reloaded before import = 0Number of asset objects unloaded after import = 888

========================================================================
Received Import Request.
  Time since last request: 5.109931 seconds.
  path: Assets/Resources/Prefabs/AreaOfEffect/AreaOfEffect_WindRush_Ultimate.prefab
  artifactKey: Guid(888a61985f22386409e5c6b3d032cdbd) Importer(2089858483,934ff659095e30574adcf32a4c2f97b5)
Start importing Assets/Resources/Prefabs/AreaOfEffect/AreaOfEffect_WindRush_Ultimate.prefab using Guid(888a61985f22386409e5c6b3d032cdbd) Importer(2089858483,934ff659095e30574adcf32a4c2f97b5) (ScriptedImporter) -> (artifact id: '3dc504a36381a51f8a8944b9ff2123ac') in 0.0309086 seconds
Number of updated asset objects reloaded before import = 0Number of asset objects unloaded after import = 888

========================================================================
Received Import Request.
  Time since last request: 22.299620 seconds.
  path: Assets/Resources/Prefabs/AreaOfEffect/AreaOfEffect_WindRush_Ultimate.prefab
  artifactKey: Guid(888a61985f22386409e5c6b3d032cdbd) Importer(2089858483,934ff659095e30574adcf32a4c2f97b5)
Start importing Assets/Resources/Prefabs/AreaOfEffect/AreaOfEffect_WindRush_Ultimate.prefab using Guid(888a61985f22386409e5c6b3d032cdbd) Importer(2089858483,934ff659095e30574adcf32a4c2f97b5) (ScriptedImporter) -> (artifact id: 'cc49fec95385e2e35b8e0207a4b3b41b') in 0.0325769 seconds
Number of updated asset objects reloaded before import = 0Number of asset objects unloaded after import = 888

========================================================================
Received Import Request.
  Time since last request: 5.548209 seconds.
  path: Assets/Resources/Prefabs/AreaOfEffect/AreaOfEffect_WindRush_Ultimate.prefab
  artifactKey: Guid(888a61985f22386409e5c6b3d032cdbd) Importer(2089858483,934ff659095e30574adcf32a4c2f97b5)
Start importing Assets/Resources/Prefabs/AreaOfEffect/AreaOfEffect_WindRush_Ultimate.prefab using Guid(888a61985f22386409e5c6b3d032cdbd) Importer(2089858483,934ff659095e30574adcf32a4c2f97b5) (ScriptedImporter) -> (artifact id: 'e01b6987ade86d08b0cb03a05a1333e9') in 0.0271941 seconds
Number of updated asset objects reloaded before import = 0Number of asset objects unloaded after import = 888

========================================================================
Received Import Request.
  Time since last request: 15.524077 seconds.
  path: Assets/Plugins/Easy Save 3/Resources/ES3/ES3GlobalReferences.asset
  artifactKey: Guid(1f161f66fd953c24485eb05b1e6d5253) Importer(2089858483,934ff659095e30574adcf32a4c2f97b5)
Start importing Assets/Plugins/Easy Save 3/Resources/ES3/ES3GlobalReferences.asset using Guid(1f161f66fd953c24485eb05b1e6d5253) Importer(2089858483,934ff659095e30574adcf32a4c2f97b5) (ScriptedImporter) -> (artifact id: '6571c4e10c52ee22bbb7eee2dc07a0e2') in 2.7716102 seconds
Number of updated asset objects reloaded before import = 0Number of asset objects unloaded after import = 49767

========================================================================
Received Import Request.
  Time since last request: 0.000036 seconds.
  path: Assets/AllIn1VfxToolkit/MaterialSaves/VisualEffect_StormBarrier 1.mat
  artifactKey: Guid(4222ae9f0e5e86e41a40142155a485b1) Importer(2089858483,934ff659095e30574adcf32a4c2f97b5)
Start importing Assets/AllIn1VfxToolkit/MaterialSaves/VisualEffect_StormBarrier 1.mat using Guid(4222ae9f0e5e86e41a40142155a485b1) Importer(2089858483,934ff659095e30574adcf32a4c2f97b5) (ScriptedImporter) -> (artifact id: 'cc515763dc468b51c1aa3182bc2d4cbb') in 0.0118309 seconds
Number of updated asset objects reloaded before import = 0Number of asset objects unloaded after import = 1

========================================================================
Received Import Request.
  Time since last request: 46.518961 seconds.
  path: Assets/AllIn1VfxToolkit/MaterialSaves/VisualEffect_StormBarrier 1.mat
  artifactKey: Guid(4222ae9f0e5e86e41a40142155a485b1) Importer(2089858483,934ff659095e30574adcf32a4c2f97b5)
Start importing Assets/AllIn1VfxToolkit/MaterialSaves/VisualEffect_StormBarrier 1.mat using Guid(4222ae9f0e5e86e41a40142155a485b1) Importer(2089858483,934ff659095e30574adcf32a4c2f97b5) (ScriptedImporter) -> (artifact id: 'a2aeee230ee5574cf4cff252c9e95dea') in 0.0114298 seconds
Number of updated asset objects reloaded before import = 0Number of asset objects unloaded after import = 1

========================================================================
Received Import Request.
  Time since last request: 0.000027 seconds.
  path: Assets/Scenes/StartScreen.unity
  artifactKey: Guid(89ed22e203f7ac24e8537b747de7dd00) Importer(2089858483,934ff659095e30574adcf32a4c2f97b5)
Start importing Assets/Scenes/StartScreen.unity using Guid(89ed22e203f7ac24e8537b747de7dd00) Importer(2089858483,934ff659095e30574adcf32a4c2f97b5) (ScriptedImporter) -> (artifact id: '9ed694c13bf730c6c8ed390111e0e933') in 0.0101568 seconds
Number of updated asset objects reloaded before import = 0Number of asset objects unloaded after import = 1

========================================================================
Received Import Request.
  Time since last request: 146.585675 seconds.
  path: Assets/Resources/Prefabs/AreaOfEffect/AreaOfEffect_WindRush_Ultimate.prefab
  artifactKey: Guid(888a61985f22386409e5c6b3d032cdbd) Importer(2089858483,934ff659095e30574adcf32a4c2f97b5)
Start importing Assets/Resources/Prefabs/AreaOfEffect/AreaOfEffect_WindRush_Ultimate.prefab using Guid(888a61985f22386409e5c6b3d032cdbd) Importer(2089858483,934ff659095e30574adcf32a4c2f97b5) (ScriptedImporter) -> (artifact id: '7234a2c0ab50f11dd84593c2d25fdeeb') in 0.0319796 seconds
Number of updated asset objects reloaded before import = 0Number of asset objects unloaded after import = 888

========================================================================
Received Import Request.
  Time since last request: 10.107632 seconds.
  path: Assets/Resources/Prefabs/AreaOfEffect/AreaOfEffect_WindRush_Ultimate.prefab
  artifactKey: Guid(888a61985f22386409e5c6b3d032cdbd) Importer(2089858483,934ff659095e30574adcf32a4c2f97b5)
Start importing Assets/Resources/Prefabs/AreaOfEffect/AreaOfEffect_WindRush_Ultimate.prefab using Guid(888a61985f22386409e5c6b3d032cdbd) Importer(2089858483,934ff659095e30574adcf32a4c2f97b5) (ScriptedImporter) -> (artifact id: '08e130ce48c7371d013745ec74312a9f') in 0.026637 seconds
Number of updated asset objects reloaded before import = 0Number of asset objects unloaded after import = 888

========================================================================
Received Import Request.
  Time since last request: 22.328115 seconds.
  path: Assets/AllIn1VfxToolkit/MaterialSaves/VisualEffect_StormBarrier 1.mat
  artifactKey: Guid(4222ae9f0e5e86e41a40142155a485b1) Importer(815301076,1909f56bfc062723c751e8b465ee728b)
Start importing Assets/AllIn1VfxToolkit/MaterialSaves/VisualEffect_StormBarrier 1.mat using Guid(4222ae9f0e5e86e41a40142155a485b1) Importer(815301076,1909f56bfc062723c751e8b465ee728b) (PreviewImporter) -> (artifact id: 'b5698b2db1c12cd6c9d4e12220f90534') in 0.0159767 seconds
Number of updated asset objects reloaded before import = 0Number of asset objects unloaded after import = 10

========================================================================
Received Import Request.
  Time since last request: 0.503116 seconds.
  path: Assets/AllIn1VfxToolkit/MaterialSaves/VisualEffect_StormBarrier 1.mat
  artifactKey: Guid(4222ae9f0e5e86e41a40142155a485b1) Importer(2089858483,934ff659095e30574adcf32a4c2f97b5)
Start importing Assets/AllIn1VfxToolkit/MaterialSaves/VisualEffect_StormBarrier 1.mat using Guid(4222ae9f0e5e86e41a40142155a485b1) Importer(2089858483,934ff659095e30574adcf32a4c2f97b5) (ScriptedImporter) -> (artifact id: 'fdd5a27581dc1922c2d43639181e10a1') in 0.0110695 seconds
Number of updated asset objects reloaded before import = 0Number of asset objects unloaded after import = 1

========================================================================
Received Import Request.
  Time since last request: 5.194344 seconds.
  path: Assets/AllIn1VfxToolkit/MaterialSaves/VisualEffect_StormBarrier 1.mat
  artifactKey: Guid(4222ae9f0e5e86e41a40142155a485b1) Importer(2089858483,934ff659095e30574adcf32a4c2f97b5)
Start importing Assets/AllIn1VfxToolkit/MaterialSaves/VisualEffect_StormBarrier 1.mat using Guid(4222ae9f0e5e86e41a40142155a485b1) Importer(2089858483,934ff659095e30574adcf32a4c2f97b5) (ScriptedImporter) -> (artifact id: '5b182e5a32f0fd353a3891a80b262808') in 0.0141644 seconds
Number of updated asset objects reloaded before import = 0Number of asset objects unloaded after import = 1

========================================================================
Received Import Request.
  Time since last request: 17.426551 seconds.
  path: Assets/AllIn1VfxToolkit/Demo & Assets/Textures/Shapes/Spiral17.png
  artifactKey: Guid(2eab9c5c6d6bb6e4f948d83c8971bd0a) Importer(815301076,1909f56bfc062723c751e8b465ee728b)
Start importing Assets/AllIn1VfxToolkit/Demo & Assets/Textures/Shapes/Spiral17.png using Guid(2eab9c5c6d6bb6e4f948d83c8971bd0a) Importer(815301076,1909f56bfc062723c751e8b465ee728b) (PreviewImporter) -> (artifact id: 'ba54434afcd77c065fa092b4817e75ef') in 0.009296 seconds
Number of updated asset objects reloaded before import = 0Number of asset objects unloaded after import = 2

========================================================================
Received Import Request.
  Time since last request: 0.000023 seconds.
  path: Assets/AllIn1VfxToolkit/Demo & Assets/Textures/Shapes/Splash.png
  artifactKey: Guid(079956601d1e7684e96cb23120508ee5) Importer(815301076,1909f56bfc062723c751e8b465ee728b)
Start importing Assets/AllIn1VfxToolkit/Demo & Assets/Textures/Shapes/Splash.png using Guid(079956601d1e7684e96cb23120508ee5) Importer(815301076,1909f56bfc062723c751e8b465ee728b) (PreviewImporter) -> (artifact id: 'b6e63d14d4426a45229776c3967d0149') in 0.0136433 seconds
Number of updated asset objects reloaded before import = 0Number of asset objects unloaded after import = 2

========================================================================
Received Import Request.
  Time since last request: 0.000024 seconds.
  path: Assets/AllIn1VfxToolkit/Demo & Assets/Textures/Shapes/Splash4.png
  artifactKey: Guid(54c6c7cabb3234346bed70423b9ae6aa) Importer(815301076,1909f56bfc062723c751e8b465ee728b)
Start importing Assets/AllIn1VfxToolkit/Demo & Assets/Textures/Shapes/Splash4.png using Guid(54c6c7cabb3234346bed70423b9ae6aa) Importer(815301076,1909f56bfc062723c751e8b465ee728b) (PreviewImporter) -> (artifact id: '8ce04c8481bb181f6d28a7546689cd17') in 0.0173611 seconds
Number of updated asset objects reloaded before import = 0Number of asset objects unloaded after import = 2

========================================================================
Received Import Request.
  Time since last request: 0.000023 seconds.
  path: Assets/AllIn1VfxToolkit/Demo & Assets/Textures/Shapes/Splash9.png
  artifactKey: Guid(689e0dcedb2395e49937502b2d06b2de) Importer(815301076,1909f56bfc062723c751e8b465ee728b)
Start importing Assets/AllIn1VfxToolkit/Demo & Assets/Textures/Shapes/Splash9.png using Guid(689e0dcedb2395e49937502b2d06b2de) Importer(815301076,1909f56bfc062723c751e8b465ee728b) (PreviewImporter) -> (artifact id: 'f510119ef3bbf30888bb8051e119e5c2') in 0.0138324 seconds
Number of updated asset objects reloaded before import = 0Number of asset objects unloaded after import = 2

========================================================================
Received Import Request.
  Time since last request: 0.000024 seconds.
  path: Assets/AllIn1VfxToolkit/Demo & Assets/Textures/Shapes/Splash8.png
  artifactKey: Guid(5d6176546f335e24bbf7ae24764d3251) Importer(815301076,1909f56bfc062723c751e8b465ee728b)
Start importing Assets/AllIn1VfxToolkit/Demo & Assets/Textures/Shapes/Splash8.png using Guid(5d6176546f335e24bbf7ae24764d3251) Importer(815301076,1909f56bfc062723c751e8b465ee728b) (PreviewImporter) -> (artifact id: '77b7cc69f023c06c116ba1f5a46590a2') in 0.0143427 seconds
Number of updated asset objects reloaded before import = 0Number of asset objects unloaded after import = 2

========================================================================
Received Import Request.
  Time since last request: 0.000024 seconds.
  path: Assets/AllIn1VfxToolkit/Demo & Assets/Textures/Shapes/Splash6.png
  artifactKey: Guid(2e101159050990143a7491769e45d0c6) Importer(815301076,1909f56bfc062723c751e8b465ee728b)
Start importing Assets/AllIn1VfxToolkit/Demo & Assets/Textures/Shapes/Splash6.png using Guid(2e101159050990143a7491769e45d0c6) Importer(815301076,1909f56bfc062723c751e8b465ee728b) (PreviewImporter) -> (artifact id: 'b34fe391c767140b2ad9193526ac8f9d') in 0.0126593 seconds
Number of updated asset objects reloaded before import = 0Number of asset objects unloaded after import = 2

========================================================================
Received Import Request.
  Time since last request: 0.000031 seconds.
  path: Assets/AllIn1VfxToolkit/Demo & Assets/Textures/Shapes/Splash7.png
  artifactKey: Guid(6d02fea09c414434f8a01a83d7068cb1) Importer(815301076,1909f56bfc062723c751e8b465ee728b)
Start importing Assets/AllIn1VfxToolkit/Demo & Assets/Textures/Shapes/Splash7.png using Guid(6d02fea09c414434f8a01a83d7068cb1) Importer(815301076,1909f56bfc062723c751e8b465ee728b) (PreviewImporter) -> (artifact id: 'd24014aef7d58ed482b87b226205c95d') in 0.0120824 seconds
Number of updated asset objects reloaded before import = 0Number of asset objects unloaded after import = 2

========================================================================
Received Import Request.
  Time since last request: 0.000022 seconds.
  path: Assets/AllIn1VfxToolkit/Demo & Assets/Textures/Shapes/Splash2.png
  artifactKey: Guid(dddbc088537c48042920931cbd2cf13c) Importer(815301076,1909f56bfc062723c751e8b465ee728b)
Start importing Assets/AllIn1VfxToolkit/Demo & Assets/Textures/Shapes/Splash2.png using Guid(dddbc088537c48042920931cbd2cf13c) Importer(815301076,1909f56bfc062723c751e8b465ee728b) (PreviewImporter) -> (artifact id: '577685da4cf65970cd9f1da63b5116ed') in 0.0117599 seconds
Number of updated asset objects reloaded before import = 0Number of asset objects unloaded after import = 2

========================================================================
Received Import Request.
  Time since last request: 0.000025 seconds.
  path: Assets/AllIn1VfxToolkit/Demo & Assets/Textures/Shapes/Splash5.png
  artifactKey: Guid(a08e5a1e2fb222e46b6d9026fbde5735) Importer(815301076,1909f56bfc062723c751e8b465ee728b)
Start importing Assets/AllIn1VfxToolkit/Demo & Assets/Textures/Shapes/Splash5.png using Guid(a08e5a1e2fb222e46b6d9026fbde5735) Importer(815301076,1909f56bfc062723c751e8b465ee728b) (PreviewImporter) -> (artifact id: 'a8b0ff9cb646ff88560afca1c8592592') in 0.0158632 seconds
Number of updated asset objects reloaded before import = 0Number of asset objects unloaded after import = 2

========================================================================
Received Import Request.
  Time since last request: 0.000020 seconds.
  path: Assets/AllIn1VfxToolkit/Demo & Assets/Textures/Shapes/Splash10.png
  artifactKey: Guid(2257e2283db52ae4b8b530668d10cd3b) Importer(815301076,1909f56bfc062723c751e8b465ee728b)
Start importing Assets/AllIn1VfxToolkit/Demo & Assets/Textures/Shapes/Splash10.png using Guid(2257e2283db52ae4b8b530668d10cd3b) Importer(815301076,1909f56bfc062723c751e8b465ee728b) (PreviewImporter) -> (artifact id: '4e51fdd4453d1645cbd6b58283944a32') in 0.0180339 seconds
Number of updated asset objects reloaded before import = 0Number of asset objects unloaded after import = 2

========================================================================
Received Import Request.
  Time since last request: 0.000021 seconds.
  path: Assets/AllIn1VfxToolkit/Demo & Assets/Textures/Shapes/Splash3.png
  artifactKey: Guid(b5730ce0db010224eb8a08c7de325b60) Importer(815301076,1909f56bfc062723c751e8b465ee728b)
Start importing Assets/AllIn1VfxToolkit/Demo & Assets/Textures/Shapes/Splash3.png using Guid(b5730ce0db010224eb8a08c7de325b60) Importer(815301076,1909f56bfc062723c751e8b465ee728b) (PreviewImporter) -> (artifact id: '94b4e45b49eda3dcea80a7dfaa2575ac') in 0.0092629 seconds
Number of updated asset objects reloaded before import = 0Number of asset objects unloaded after import = 2

========================================================================
Received Import Request.
  Time since last request: 0.000023 seconds.
  path: Assets/AllIn1VfxToolkit/Demo & Assets/Textures/Shapes/Splash1.png
  artifactKey: Guid(ec774c2f2f1954a4a803925865caf482) Importer(815301076,1909f56bfc062723c751e8b465ee728b)
Start importing Assets/AllIn1VfxToolkit/Demo & Assets/Textures/Shapes/Splash1.png using Guid(ec774c2f2f1954a4a803925865caf482) Importer(815301076,1909f56bfc062723c751e8b465ee728b) (PreviewImporter) -> (artifact id: 'f7d10dff625c00b9f6978b324a7d6877') in 0.0158433 seconds
Number of updated asset objects reloaded before import = 0Number of asset objects unloaded after import = 2

========================================================================
Received Import Request.
  Time since last request: 0.000025 seconds.
  path: Assets/AllIn1VfxToolkit/Demo & Assets/Textures/Others/SpeedLines1.png
  artifactKey: Guid(de02f2b22e50ae949a4e61ecb51220bc) Importer(815301076,1909f56bfc062723c751e8b465ee728b)
Start importing Assets/AllIn1VfxToolkit/Demo & Assets/Textures/Others/SpeedLines1.png using Guid(de02f2b22e50ae949a4e61ecb51220bc) Importer(815301076,1909f56bfc062723c751e8b465ee728b) (PreviewImporter) -> (artifact id: '41ccfe63b516caf24329472ccff40a50') in 0.0130316 seconds
Number of updated asset objects reloaded before import = 0Number of asset objects unloaded after import = 2

========================================================================
Received Import Request.
  Time since last request: 0.000031 seconds.
  path: Assets/AllIn1VfxToolkit/Demo & Assets/Textures/Shapes/Spiral12.png
  artifactKey: Guid(4a8f296f7bbcf044087fb740c6ada588) Importer(815301076,1909f56bfc062723c751e8b465ee728b)
Start importing Assets/AllIn1VfxToolkit/Demo & Assets/Textures/Shapes/Spiral12.png using Guid(4a8f296f7bbcf044087fb740c6ada588) Importer(815301076,1909f56bfc062723c751e8b465ee728b) (PreviewImporter) -> (artifact id: '357c97b3421127756c0136f37e5554ed') in 0.0180201 seconds
Number of updated asset objects reloaded before import = 0Number of asset objects unloaded after import = 2

========================================================================
Received Import Request.
  Time since last request: 0.000021 seconds.
  path: Assets/AllIn1VfxToolkit/Demo & Assets/Textures/Shapes/Spiral13.png
  artifactKey: Guid(2dd09e430610b5945a718848d71c12d9) Importer(815301076,1909f56bfc062723c751e8b465ee728b)
Start importing Assets/AllIn1VfxToolkit/Demo & Assets/Textures/Shapes/Spiral13.png using Guid(2dd09e430610b5945a718848d71c12d9) Importer(815301076,1909f56bfc062723c751e8b465ee728b) (PreviewImporter) -> (artifact id: 'ab4d18838dd4447417b1348c85603b4d') in 0.025832 seconds
Number of updated asset objects reloaded before import = 0Number of asset objects unloaded after import = 2

========================================================================
Received Import Request.
  Time since last request: 0.000023 seconds.
  path: Assets/Plugins/AllIn1SpriteShader/Demo/Textures/spaceSoldierNormal.png
  artifactKey: Guid(994e4deee74379d4c83bcf0f27585f73) Importer(815301076,1909f56bfc062723c751e8b465ee728b)
Start importing Assets/Plugins/AllIn1SpriteShader/Demo/Textures/spaceSoldierNormal.png using Guid(994e4deee74379d4c83bcf0f27585f73) Importer(815301076,1909f56bfc062723c751e8b465ee728b) (PreviewImporter) -> (artifact id: '6bbf066acb2f5530846f55b99d4547b8') in 0.0179982 seconds
Number of updated asset objects reloaded before import = 0Number of asset objects unloaded after import = 2

========================================================================
Received Import Request.
  Time since last request: 0.000027 seconds.
  path: Assets/AllIn1VfxToolkit/Demo & Assets/Textures/Shapes/Sparks4.png
  artifactKey: Guid(48b0e6cacfcfc2d43b8f909b13d4859b) Importer(815301076,1909f56bfc062723c751e8b465ee728b)
Start importing Assets/AllIn1VfxToolkit/Demo & Assets/Textures/Shapes/Sparks4.png using Guid(48b0e6cacfcfc2d43b8f909b13d4859b) Importer(815301076,1909f56bfc062723c751e8b465ee728b) (PreviewImporter) -> (artifact id: '74ea8c0fa232aebad9369bdf6579f4a7') in 0.0141606 seconds
Number of updated asset objects reloaded before import = 0Number of asset objects unloaded after import = 2

========================================================================
Received Import Request.
  Time since last request: 0.000021 seconds.
  path: Assets/Plugins/AllIn1SpriteShader/Textures/NormalMaps/spaceSoldierNormalMap.png
  artifactKey: Guid(115ee11beb34a5247bc5bd53377a08f2) Importer(815301076,1909f56bfc062723c751e8b465ee728b)
Start importing Assets/Plugins/AllIn1SpriteShader/Textures/NormalMaps/spaceSoldierNormalMap.png using Guid(115ee11beb34a5247bc5bd53377a08f2) Importer(815301076,1909f56bfc062723c751e8b465ee728b) (PreviewImporter) -> (artifact id: '34589c2d07dd85cb0e770869bcf6c428') in 0.0158385 seconds
Number of updated asset objects reloaded before import = 0Number of asset objects unloaded after import = 2

========================================================================
Received Import Request.
  Time since last request: 0.000026 seconds.
  path: Assets/AllIn1VfxToolkit/Demo & Assets/Textures/Shapes/Spiral6.png
  artifactKey: Guid(7218fa0874095bc429e4ddb9528d0980) Importer(815301076,1909f56bfc062723c751e8b465ee728b)
Start importing Assets/AllIn1VfxToolkit/Demo & Assets/Textures/Shapes/Spiral6.png using Guid(7218fa0874095bc429e4ddb9528d0980) Importer(815301076,1909f56bfc062723c751e8b465ee728b) (PreviewImporter) -> (artifact id: 'dc503b86d0e00fdf321bb0b1ea950bd6') in 0.0181812 seconds
Number of updated asset objects reloaded before import = 0Number of asset objects unloaded after import = 2

========================================================================
Received Import Request.
  Time since last request: 0.000031 seconds.
  path: Assets/AllIn1VfxToolkit/Demo & Assets/Textures/Shapes/Spiral11.png
  artifactKey: Guid(fd5fda78d02df4141bf3ac417087f455) Importer(815301076,1909f56bfc062723c751e8b465ee728b)
Start importing Assets/AllIn1VfxToolkit/Demo & Assets/Textures/Shapes/Spiral11.png using Guid(fd5fda78d02df4141bf3ac417087f455) Importer(815301076,1909f56bfc062723c751e8b465ee728b) (PreviewImporter) -> (artifact id: 'a1d7e1906f23078f7ef491da76808826') in 0.013416 seconds
Number of updated asset objects reloaded before import = 0Number of asset objects unloaded after import = 2

========================================================================
Received Import Request.
  Time since last request: 0.000020 seconds.
  path: Assets/AllIn1VfxToolkit/Demo & Assets/Textures/Shapes/Spiral5.png
  artifactKey: Guid(f54d7725bf5c16c4f9cab44504d2ab21) Importer(815301076,1909f56bfc062723c751e8b465ee728b)
Start importing Assets/AllIn1VfxToolkit/Demo & Assets/Textures/Shapes/Spiral5.png using Guid(f54d7725bf5c16c4f9cab44504d2ab21) Importer(815301076,1909f56bfc062723c751e8b465ee728b) (PreviewImporter) -> (artifact id: '87621389a2435fc022614c6bf3a1549a') in 0.0097842 seconds
Number of updated asset objects reloaded before import = 0Number of asset objects unloaded after import = 2

========================================================================
Received Import Request.
  Time since last request: 0.000021 seconds.
  path: Assets/AllIn1VfxToolkit/Demo & Assets/Textures/Shapes/Spiral10.png
  artifactKey: Guid(04d686779137ce34ea8808a17e2b5b6e) Importer(815301076,1909f56bfc062723c751e8b465ee728b)
Start importing Assets/AllIn1VfxToolkit/Demo & Assets/Textures/Shapes/Spiral10.png using Guid(04d686779137ce34ea8808a17e2b5b6e) Importer(815301076,1909f56bfc062723c751e8b465ee728b) (PreviewImporter) -> (artifact id: 'c18687ecf8698630b310148c71312bef') in 0.0148557 seconds
Number of updated asset objects reloaded before import = 0Number of asset objects unloaded after import = 2

========================================================================
Received Import Request.
  Time since last request: 0.000021 seconds.
  path: Assets/AllIn1VfxToolkit/Demo & Assets/Textures/Shapes/Spiral3.png
  artifactKey: Guid(6b8ee9fcc54cb704fab5c4f991393899) Importer(815301076,1909f56bfc062723c751e8b465ee728b)
Start importing Assets/AllIn1VfxToolkit/Demo & Assets/Textures/Shapes/Spiral3.png using Guid(6b8ee9fcc54cb704fab5c4f991393899) Importer(815301076,1909f56bfc062723c751e8b465ee728b) (PreviewImporter) -> (artifact id: '66d2b550647a502fde5d9b221c792e2c') in 0.0151457 seconds
Number of updated asset objects reloaded before import = 0Number of asset objects unloaded after import = 2

========================================================================
Received Import Request.
  Time since last request: 0.000022 seconds.
  path: Assets/AllIn1VfxToolkit/Demo & Assets/Textures/Shapes/Spiral2.png
  artifactKey: Guid(dad9c94e316b96247af2c334055a7d17) Importer(815301076,1909f56bfc062723c751e8b465ee728b)
Start importing Assets/AllIn1VfxToolkit/Demo & Assets/Textures/Shapes/Spiral2.png using Guid(dad9c94e316b96247af2c334055a7d17) Importer(815301076,1909f56bfc062723c751e8b465ee728b) (PreviewImporter) -> (artifact id: 'a6816ee99973f785a44db26aea7e9a6a') in 0.0095323 seconds
Number of updated asset objects reloaded before import = 0Number of asset objects unloaded after import = 2

========================================================================
Received Import Request.
  Time since last request: 0.000022 seconds.
  path: Assets/AllIn1VfxToolkit/Demo & Assets/Textures/Shapes/Spiral4.png
  artifactKey: Guid(475f673b91caf73438af6a9492099a39) Importer(815301076,1909f56bfc062723c751e8b465ee728b)
Start importing Assets/AllIn1VfxToolkit/Demo & Assets/Textures/Shapes/Spiral4.png using Guid(475f673b91caf73438af6a9492099a39) Importer(815301076,1909f56bfc062723c751e8b465ee728b) (PreviewImporter) -> (artifact id: 'ae197d244fdc8a189a285180b7a83a60') in 0.0153558 seconds
Number of updated asset objects reloaded before import = 0Number of asset objects unloaded after import = 2

========================================================================
Received Import Request.
  Time since last request: 0.000025 seconds.
  path: Assets/AllIn1VfxToolkit/Demo & Assets/Textures/Shapes/Spiral16.png
  artifactKey: Guid(301f4d5d08c79ae4faf440eaea69009e) Importer(815301076,1909f56bfc062723c751e8b465ee728b)
Start importing Assets/AllIn1VfxToolkit/Demo & Assets/Textures/Shapes/Spiral16.png using Guid(301f4d5d08c79ae4faf440eaea69009e) Importer(815301076,1909f56bfc062723c751e8b465ee728b) (PreviewImporter) -> (artifact id: 'b3c04547366f4114e5430da57e1d3df4') in 0.0151279 seconds
Number of updated asset objects reloaded before import = 0Number of asset objects unloaded after import = 2

========================================================================
Received Import Request.
  Time since last request: 0.000037 seconds.
  path: Assets/AllIn1VfxToolkit/Demo & Assets/Textures/Shapes/Spiral8.png
  artifactKey: Guid(f5c93d7aecf14b049b625b3756d94359) Importer(815301076,1909f56bfc062723c751e8b465ee728b)
Start importing Assets/AllIn1VfxToolkit/Demo & Assets/Textures/Shapes/Spiral8.png using Guid(f5c93d7aecf14b049b625b3756d94359) Importer(815301076,1909f56bfc062723c751e8b465ee728b) (PreviewImporter) -> (artifact id: 'cfa26aa4fc6247c85046e39dc9dfed1d') in 0.0172207 seconds
Number of updated asset objects reloaded before import = 0Number of asset objects unloaded after import = 2

========================================================================
Received Import Request.
  Time since last request: 0.000022 seconds.
  path: Assets/AllIn1VfxToolkit/Demo & Assets/Textures/Shapes/SpikeBall.png
  artifactKey: Guid(3843eb291f940e24f9833e3e4177cc41) Importer(815301076,1909f56bfc062723c751e8b465ee728b)
Start importing Assets/AllIn1VfxToolkit/Demo & Assets/Textures/Shapes/SpikeBall.png using Guid(3843eb291f940e24f9833e3e4177cc41) Importer(815301076,1909f56bfc062723c751e8b465ee728b) (PreviewImporter) -> (artifact id: 'f92f25f49d7a69857c0b9aad28dbf834') in 0.0127347 seconds
Number of updated asset objects reloaded before import = 0Number of asset objects unloaded after import = 2

========================================================================
Received Import Request.
  Time since last request: 0.000023 seconds.
  path: Assets/AllIn1VfxToolkit/Demo & Assets/Textures/Shapes/Spiral.png
  artifactKey: Guid(fd569385a572c3941b4531e4b6b057ad) Importer(815301076,1909f56bfc062723c751e8b465ee728b)
Start importing Assets/AllIn1VfxToolkit/Demo & Assets/Textures/Shapes/Spiral.png using Guid(fd569385a572c3941b4531e4b6b057ad) Importer(815301076,1909f56bfc062723c751e8b465ee728b) (PreviewImporter) -> (artifact id: 'a728d90ad30bb4d11b4c5e634a24b270') in 0.0193735 seconds
Number of updated asset objects reloaded before import = 0Number of asset objects unloaded after import = 2

========================================================================
Received Import Request.
  Time since last request: 0.000023 seconds.
  path: Assets/AllIn1VfxToolkit/Demo & Assets/Textures/Shapes/Spiral9.png
  artifactKey: Guid(998dbcc827f58ce41b46c7728e7a4233) Importer(815301076,1909f56bfc062723c751e8b465ee728b)
Start importing Assets/AllIn1VfxToolkit/Demo & Assets/Textures/Shapes/Spiral9.png using Guid(998dbcc827f58ce41b46c7728e7a4233) Importer(815301076,1909f56bfc062723c751e8b465ee728b) (PreviewImporter) -> (artifact id: '13baf989428761534959d64597954456') in 0.0104091 seconds
Number of updated asset objects reloaded before import = 0Number of asset objects unloaded after import = 2

========================================================================
Received Import Request.
  Time since last request: 0.000024 seconds.
  path: Assets/AllIn1VfxToolkit/Demo & Assets/Textures/Shapes/Spiral14.png
  artifactKey: Guid(cf7927ffbb34ae84f9f0f436a0b1b626) Importer(815301076,1909f56bfc062723c751e8b465ee728b)
Start importing Assets/AllIn1VfxToolkit/Demo & Assets/Textures/Shapes/Spiral14.png using Guid(cf7927ffbb34ae84f9f0f436a0b1b626) Importer(815301076,1909f56bfc062723c751e8b465ee728b) (PreviewImporter) -> (artifact id: 'b06f10e503af05c65e7ee730ac708012') in 0.0203077 seconds
Number of updated asset objects reloaded before import = 0Number of asset objects unloaded after import = 2

========================================================================
Received Import Request.
  Time since last request: 0.000024 seconds.
  path: Assets/AllIn1VfxToolkit/Demo & Assets/Textures/Others/SpeedLines3.png
  artifactKey: Guid(6ef124637525b17469a8ce2b76eb4bf3) Importer(815301076,1909f56bfc062723c751e8b465ee728b)
Start importing Assets/AllIn1VfxToolkit/Demo & Assets/Textures/Others/SpeedLines3.png using Guid(6ef124637525b17469a8ce2b76eb4bf3) Importer(815301076,1909f56bfc062723c751e8b465ee728b) (PreviewImporter) -> (artifact id: 'b7a5bb6869cfe06352159a7f0512246a') in 0.0132995 seconds
Number of updated asset objects reloaded before import = 0Number of asset objects unloaded after import = 2

========================================================================
Received Import Request.
  Time since last request: 0.000027 seconds.
  path: Assets/AllIn1VfxToolkit/Demo & Assets/Textures/Shapes/Spiral7.png
  artifactKey: Guid(f8690109736988242b210237e766323c) Importer(815301076,1909f56bfc062723c751e8b465ee728b)
Start importing Assets/AllIn1VfxToolkit/Demo & Assets/Textures/Shapes/Spiral7.png using Guid(f8690109736988242b210237e766323c) Importer(815301076,1909f56bfc062723c751e8b465ee728b) (PreviewImporter) -> (artifact id: 'ddfa5af0c014d28b5340ae3e00a56464') in 0.0143682 seconds
Number of updated asset objects reloaded before import = 0Number of asset objects unloaded after import = 2

========================================================================
Received Import Request.
  Time since last request: 0.000053 seconds.
  path: Assets/AllIn1VfxToolkit/Demo & Assets/Textures/Others/SpeedLines2.png
  artifactKey: Guid(85e2fc49b14b38743ab98c1bf901836d) Importer(815301076,1909f56bfc062723c751e8b465ee728b)
Start importing Assets/AllIn1VfxToolkit/Demo & Assets/Textures/Others/SpeedLines2.png using Guid(85e2fc49b14b38743ab98c1bf901836d) Importer(815301076,1909f56bfc062723c751e8b465ee728b) (PreviewImporter) -> (artifact id: 'e7bf4ec33f520e5e1075b4ce7ab8344e') in 0.0146505 seconds
Number of updated asset objects reloaded before import = 0Number of asset objects unloaded after import = 2

========================================================================
Received Import Request.
  Time since last request: 0.000041 seconds.
  path: Assets/AllIn1VfxToolkit/Demo & Assets/Textures/Shapes/SpikeBallTwirl.png
  artifactKey: Guid(76a8eace6555b6b438ba095330fcdfd5) Importer(815301076,1909f56bfc062723c751e8b465ee728b)
Start importing Assets/AllIn1VfxToolkit/Demo & Assets/Textures/Shapes/SpikeBallTwirl.png using Guid(76a8eace6555b6b438ba095330fcdfd5) Importer(815301076,1909f56bfc062723c751e8b465ee728b) (PreviewImporter) -> (artifact id: 'ea8c4f07781cba7d58220dde828b39f9') in 0.0105372 seconds
Number of updated asset objects reloaded before import = 0Number of asset objects unloaded after import = 2

========================================================================
Received Import Request.
  Time since last request: 0.000024 seconds.
  path: Assets/AllIn1VfxToolkit/Demo & Assets/Textures/Shapes/Spiral15.png
  artifactKey: Guid(5884b8d80209e754d92e872e1b881951) Importer(815301076,1909f56bfc062723c751e8b465ee728b)
Start importing Assets/AllIn1VfxToolkit/Demo & Assets/Textures/Shapes/Spiral15.png using Guid(5884b8d80209e754d92e872e1b881951) Importer(815301076,1909f56bfc062723c751e8b465ee728b) (PreviewImporter) -> (artifact id: 'ad83564a9e6d6c6f616f51434e7639fd') in 0.0138094 seconds
Number of updated asset objects reloaded before import = 0Number of asset objects unloaded after import = 2

========================================================================
Received Import Request.
  Time since last request: 0.427486 seconds.
  path: Assets/Plugins/FMOD/images/SnapshotIcon.png
  artifactKey: Guid(cf2bba5fb8be7e64ca39979f18eb372a) Importer(815301076,1909f56bfc062723c751e8b465ee728b)
Start importing Assets/Plugins/FMOD/images/SnapshotIcon.png using Guid(cf2bba5fb8be7e64ca39979f18eb372a) Importer(815301076,1909f56bfc062723c751e8b465ee728b) (PreviewImporter) -> (artifact id: '50f49817697f5e1dfc0f5b862b620607') in 0.0128537 seconds
Number of updated asset objects reloaded before import = 0Number of asset objects unloaded after import = 2

========================================================================
Received Import Request.
  Time since last request: 0.000118 seconds.
  path: Assets/AllIn1VfxToolkit/Demo & Assets/Textures/Shapes/SnowFlake2.png
  artifactKey: Guid(3d2f72a678f3eb34785946ab303c0604) Importer(815301076,1909f56bfc062723c751e8b465ee728b)
Start importing Assets/AllIn1VfxToolkit/Demo & Assets/Textures/Shapes/SnowFlake2.png using Guid(3d2f72a678f3eb34785946ab303c0604) Importer(815301076,1909f56bfc062723c751e8b465ee728b) (PreviewImporter) -> (artifact id: '82031404c8174d31705807c4113dc8b7') in 0.0113855 seconds
Number of updated asset objects reloaded before import = 0Number of asset objects unloaded after import = 2

========================================================================
Received Import Request.
  Time since last request: 8.710408 seconds.
  path: Assets/AllIn1VfxToolkit/Demo & Assets/Textures/Distortion Normal Maps/NormalTrail4.png
  artifactKey: Guid(a35bad88ca19b394f90df46756306141) Importer(815301076,1909f56bfc062723c751e8b465ee728b)
Start importing Assets/AllIn1VfxToolkit/Demo & Assets/Textures/Distortion Normal Maps/NormalTrail4.png using Guid(a35bad88ca19b394f90df46756306141) Importer(815301076,1909f56bfc062723c751e8b465ee728b) (PreviewImporter) -> (artifact id: '7f358adb61680dd5c1fd49b38ec1e5f9') in 0.0260257 seconds
Number of updated asset objects reloaded before import = 0Number of asset objects unloaded after import = 2

========================================================================
Received Import Request.
  Time since last request: 0.000022 seconds.
  path: Assets/AllIn1VfxToolkit/Demo & Assets/Textures Demo/Textures/DistortionMapsCopyNoNormalMap/NormalTrailHead.png
  artifactKey: Guid(a3206e7bec65c714698794e174c7eb7e) Importer(815301076,1909f56bfc062723c751e8b465ee728b)
Start importing Assets/AllIn1VfxToolkit/Demo & Assets/Textures Demo/Textures/DistortionMapsCopyNoNormalMap/NormalTrailHead.png using Guid(a3206e7bec65c714698794e174c7eb7e) Importer(815301076,1909f56bfc062723c751e8b465ee728b) (PreviewImporter) -> (artifact id: '0b0641a734993ebde1646c9bd3934743') in 0.0099789 seconds
Number of updated asset objects reloaded before import = 0Number of asset objects unloaded after import = 2

========================================================================
Received Import Request.
  Time since last request: 0.000035 seconds.
  path: Assets/AllIn1VfxToolkit/Demo & Assets/Textures/Distortion Normal Maps/NormalTrailHead.png
  artifactKey: Guid(f26f70c10019e044788ecd9afa05b8ca) Importer(815301076,1909f56bfc062723c751e8b465ee728b)
Start importing Assets/AllIn1VfxToolkit/Demo & Assets/Textures/Distortion Normal Maps/NormalTrailHead.png using Guid(f26f70c10019e044788ecd9afa05b8ca) Importer(815301076,1909f56bfc062723c751e8b465ee728b) (PreviewImporter) -> (artifact id: 'defd504acde3af549e3455773474dd67') in 0.0140417 seconds
Number of updated asset objects reloaded before import = 0Number of asset objects unloaded after import = 2

========================================================================
Received Import Request.
  Time since last request: 0.000029 seconds.
  path: Assets/Plugins/FMOD/images/NotFound.png
  artifactKey: Guid(1138ab068176f29499337d7a73dfecd9) Importer(815301076,1909f56bfc062723c751e8b465ee728b)
Start importing Assets/Plugins/FMOD/images/NotFound.png using Guid(1138ab068176f29499337d7a73dfecd9) Importer(815301076,1909f56bfc062723c751e8b465ee728b) (PreviewImporter) -> (artifact id: 'a8d6ba0972d4967e20c605163958601c') in 0.0139723 seconds
Number of updated asset objects reloaded before import = 0Number of asset objects unloaded after import = 2

========================================================================
Received Import Request.
  Time since last request: 0.000019 seconds.
  path: Assets/AllIn1VfxToolkit/Demo & Assets/Textures Demo/Textures/DistortionMapsCopyNoNormalMap/NormalTrailHead2.png
  artifactKey: Guid(bd3dfdbbca40b1a42b44919314e9f2ab) Importer(815301076,1909f56bfc062723c751e8b465ee728b)
Start importing Assets/AllIn1VfxToolkit/Demo & Assets/Textures Demo/Textures/DistortionMapsCopyNoNormalMap/NormalTrailHead2.png using Guid(bd3dfdbbca40b1a42b44919314e9f2ab) Importer(815301076,1909f56bfc062723c751e8b465ee728b) (PreviewImporter) -> (artifact id: '91dd232c5f7c25b5f8ea9dab3267db54') in 0.0264775 seconds
Number of updated asset objects reloaded before import = 0Number of asset objects unloaded after import = 2

========================================================================
Received Import Request.
  Time since last request: 0.000023 seconds.
  path: Assets/AllIn1VfxToolkit/Demo & Assets/Textures/Distortion Normal Maps/NormalTrailHead2.png
  artifactKey: Guid(0b8c137fc567d4d4a97cd1913b269d7f) Importer(815301076,1909f56bfc062723c751e8b465ee728b)
Start importing Assets/AllIn1VfxToolkit/Demo & Assets/Textures/Distortion Normal Maps/NormalTrailHead2.png using Guid(0b8c137fc567d4d4a97cd1913b269d7f) Importer(815301076,1909f56bfc062723c751e8b465ee728b) (PreviewImporter) -> (artifact id: '256b93bff7d24776b289105d62a4ebbd') in 0.0130945 seconds
Number of updated asset objects reloaded before import = 0Number of asset objects unloaded after import = 2

========================================================================
Received Import Request.
  Time since last request: 0.308598 seconds.
  path: Assets/AllIn1VfxToolkit/Demo & Assets/Textures/Noise/Noise119.png
  artifactKey: Guid(8abeb2b20660d4043b38c6cda475eba1) Importer(815301076,1909f56bfc062723c751e8b465ee728b)
Start importing Assets/AllIn1VfxToolkit/Demo & Assets/Textures/Noise/Noise119.png using Guid(8abeb2b20660d4043b38c6cda475eba1) Importer(815301076,1909f56bfc062723c751e8b465ee728b) (PreviewImporter) -> (artifact id: 'f2b6503c24151a0180fd7ae1bee432af') in 0.0246448 seconds
Number of updated asset objects reloaded before import = 0Number of asset objects unloaded after import = 2

========================================================================
Received Import Request.
  Time since last request: 0.000026 seconds.
  path: Assets/AllIn1VfxToolkit/Demo & Assets/Textures/Noise/Noise120.png
  artifactKey: Guid(6066e5a39fd0e724f8b9f3286e0c93b4) Importer(815301076,1909f56bfc062723c751e8b465ee728b)
Start importing Assets/AllIn1VfxToolkit/Demo & Assets/Textures/Noise/Noise120.png using Guid(6066e5a39fd0e724f8b9f3286e0c93b4) Importer(815301076,1909f56bfc062723c751e8b465ee728b) (PreviewImporter) -> (artifact id: '666b534f161427bcef7e85fe5cce5185') in 0.0129783 seconds
Number of updated asset objects reloaded before import = 0Number of asset objects unloaded after import = 2

========================================================================
Received Import Request.
  Time since last request: 0.000023 seconds.
  path: Assets/AllIn1VfxToolkit/Demo & Assets/Textures Demo/Textures/DistortionMapsCopyNoNormalMap/NormalTrail4.png
  artifactKey: Guid(5c9139df6a86be6459392ab64798886d) Importer(815301076,1909f56bfc062723c751e8b465ee728b)
Start importing Assets/AllIn1VfxToolkit/Demo & Assets/Textures Demo/Textures/DistortionMapsCopyNoNormalMap/NormalTrail4.png using Guid(5c9139df6a86be6459392ab64798886d) Importer(815301076,1909f56bfc062723c751e8b465ee728b) (PreviewImporter) -> (artifact id: 'e48a28ec69b4ec190d921308617c3baf') in 0.0143809 seconds
Number of updated asset objects reloaded before import = 0Number of asset objects unloaded after import = 2

========================================================================
Received Import Request.
  Time since last request: 0.000023 seconds.
  path: Assets/AllIn1VfxToolkit/Demo & Assets/Textures/Noise/Noise106.png
  artifactKey: Guid(0e3c9860890070f409adfd08177c4402) Importer(815301076,1909f56bfc062723c751e8b465ee728b)
Start importing Assets/AllIn1VfxToolkit/Demo & Assets/Textures/Noise/Noise106.png using Guid(0e3c9860890070f409adfd08177c4402) Importer(815301076,1909f56bfc062723c751e8b465ee728b) (PreviewImporter) -> (artifact id: 'a9f6a874ec01f7019a141a1245021244') in 0.013862 seconds
Number of updated asset objects reloaded before import = 0Number of asset objects unloaded after import = 2

========================================================================
Received Import Request.
  Time since last request: 0.000025 seconds.
  path: Assets/AllIn1VfxToolkit/Demo & Assets/Textures/Noise/Noise114.png
  artifactKey: Guid(493546405cf4dea499ea4e3523de73cd) Importer(815301076,1909f56bfc062723c751e8b465ee728b)
Start importing Assets/AllIn1VfxToolkit/Demo & Assets/Textures/Noise/Noise114.png using Guid(493546405cf4dea499ea4e3523de73cd) Importer(815301076,1909f56bfc062723c751e8b465ee728b) (PreviewImporter) -> (artifact id: '41706d3ae1f228d75ccdc8cc23a215e3') in 0.0138314 seconds
Number of updated asset objects reloaded before import = 0Number of asset objects unloaded after import = 2

========================================================================
Received Import Request.
  Time since last request: 0.000033 seconds.
  path: Assets/AllIn1VfxToolkit/Demo & Assets/Textures/Noise/Noise111.png
  artifactKey: Guid(23dd6a3538a730149a4ed6954ddfa46d) Importer(815301076,1909f56bfc062723c751e8b465ee728b)
Start importing Assets/AllIn1VfxToolkit/Demo & Assets/Textures/Noise/Noise111.png using Guid(23dd6a3538a730149a4ed6954ddfa46d) Importer(815301076,1909f56bfc062723c751e8b465ee728b) (PreviewImporter) -> (artifact id: '3802cc5d359bb33c7fb89ec8065640e5') in 0.0119284 seconds
Number of updated asset objects reloaded before import = 0Number of asset objects unloaded after import = 2

========================================================================
Received Import Request.
  Time since last request: 0.000024 seconds.
  path: Assets/AllIn1VfxToolkit/Demo & Assets/Textures/Noise/Noise96.png
  artifactKey: Guid(bca012a566034e047a45fbfeff3cb093) Importer(815301076,1909f56bfc062723c751e8b465ee728b)
Start importing Assets/AllIn1VfxToolkit/Demo & Assets/Textures/Noise/Noise96.png using Guid(bca012a566034e047a45fbfeff3cb093) Importer(815301076,1909f56bfc062723c751e8b465ee728b) (PreviewImporter) -> (artifact id: 'ea8574a95d41762a9a618fb93242a77d') in 0.0156548 seconds
Number of updated asset objects reloaded before import = 0Number of asset objects unloaded after import = 2

========================================================================
Received Import Request.
  Time since last request: 0.000029 seconds.
  path: Assets/AllIn1VfxToolkit/Demo & Assets/Textures/Noise/Noise104.png
  artifactKey: Guid(791cc26f11cfd7a4da320d204c23edf3) Importer(815301076,1909f56bfc062723c751e8b465ee728b)
Start importing Assets/AllIn1VfxToolkit/Demo & Assets/Textures/Noise/Noise104.png using Guid(791cc26f11cfd7a4da320d204c23edf3) Importer(815301076,1909f56bfc062723c751e8b465ee728b) (PreviewImporter) -> (artifact id: '2f878f2ef1f0970e8065cccda93f03f1') in 0.0140473 seconds
Number of updated asset objects reloaded before import = 0Number of asset objects unloaded after import = 2

========================================================================
Received Import Request.
  Time since last request: 0.000033 seconds.
  path: Assets/AllIn1VfxToolkit/Demo & Assets/Textures/Noise/Noise97.png
  artifactKey: Guid(76b4933f64f42fc459c8d398900c61db) Importer(815301076,1909f56bfc062723c751e8b465ee728b)
Start importing Assets/AllIn1VfxToolkit/Demo & Assets/Textures/Noise/Noise97.png using Guid(76b4933f64f42fc459c8d398900c61db) Importer(815301076,1909f56bfc062723c751e8b465ee728b) (PreviewImporter) -> (artifact id: '4a44b523eb162cec2e2f054a1f4809cd') in 0.0119995 seconds
Number of updated asset objects reloaded before import = 0Number of asset objects unloaded after import = 2

========================================================================
Received Import Request.
  Time since last request: 0.000023 seconds.
  path: Assets/AllIn1VfxToolkit/Demo & Assets/Textures/Distortion Normal Maps/NormalTrail3.png
  artifactKey: Guid(2e0622a1d163f0542acfb20b4a50747c) Importer(815301076,1909f56bfc062723c751e8b465ee728b)
Start importing Assets/AllIn1VfxToolkit/Demo & Assets/Textures/Distortion Normal Maps/NormalTrail3.png using Guid(2e0622a1d163f0542acfb20b4a50747c) Importer(815301076,1909f56bfc062723c751e8b465ee728b) (PreviewImporter) -> (artifact id: '47e970b3c070c187fdf2cd2d791724c6') in 0.0120428 seconds
Number of updated asset objects reloaded before import = 0Number of asset objects unloaded after import = 2

========================================================================
Received Import Request.
  Time since last request: 0.000023 seconds.
  path: Assets/AllIn1VfxToolkit/Demo & Assets/Textures/Noise/Noise110.png
  artifactKey: Guid(a3c32e9f1528b924fb206a56dc29b973) Importer(815301076,1909f56bfc062723c751e8b465ee728b)
Start importing Assets/AllIn1VfxToolkit/Demo & Assets/Textures/Noise/Noise110.png using Guid(a3c32e9f1528b924fb206a56dc29b973) Importer(815301076,1909f56bfc062723c751e8b465ee728b) (PreviewImporter) -> (artifact id: '85f2db9ccf9fa3493a41c5be1a00426b') in 0.0119017 seconds
Number of updated asset objects reloaded before import = 0Number of asset objects unloaded after import = 2

========================================================================
Received Import Request.
  Time since last request: 0.000023 seconds.
  path: Assets/AllIn1VfxToolkit/Demo & Assets/Textures/Noise/Noise122.png
  artifactKey: Guid(4fd52e4a3e8f7a04b903330750c174e2) Importer(815301076,1909f56bfc062723c751e8b465ee728b)
Start importing Assets/AllIn1VfxToolkit/Demo & Assets/Textures/Noise/Noise122.png using Guid(4fd52e4a3e8f7a04b903330750c174e2) Importer(815301076,1909f56bfc062723c751e8b465ee728b) (PreviewImporter) -> (artifact id: '7c5d8d5365cffda504585095c9066f9d') in 0.010279 seconds
Number of updated asset objects reloaded before import = 0Number of asset objects unloaded after import = 2

========================================================================
Received Import Request.
  Time since last request: 0.000030 seconds.
  path: Assets/AllIn1VfxToolkit/Demo & Assets/Textures/Distortion Normal Maps/NormalTrail.png
  artifactKey: Guid(9a977f4650dfdda4583d2127b9a629d2) Importer(815301076,1909f56bfc062723c751e8b465ee728b)
Start importing Assets/AllIn1VfxToolkit/Demo & Assets/Textures/Distortion Normal Maps/NormalTrail.png using Guid(9a977f4650dfdda4583d2127b9a629d2) Importer(815301076,1909f56bfc062723c751e8b465ee728b) (PreviewImporter) -> (artifact id: '7697b940dc8c559294addc4691e17bd1') in 0.0150056 seconds
Number of updated asset objects reloaded before import = 0Number of asset objects unloaded after import = 2

========================================================================
Received Import Request.
  Time since last request: 0.000020 seconds.
  path: Assets/AllIn1VfxToolkit/Demo & Assets/Textures/Noise/Noise115.png
  artifactKey: Guid(69eeab36b534786489fab6a670d6ac8c) Importer(815301076,1909f56bfc062723c751e8b465ee728b)
Start importing Assets/AllIn1VfxToolkit/Demo & Assets/Textures/Noise/Noise115.png using Guid(69eeab36b534786489fab6a670d6ac8c) Importer(815301076,1909f56bfc062723c751e8b465ee728b) (PreviewImporter) -> (artifact id: '37c2cc40ade369ae36358f5bfe59e3cd') in 0.0130154 seconds
Number of updated asset objects reloaded before import = 0Number of asset objects unloaded after import = 2

========================================================================
Received Import Request.
  Time since last request: 0.000022 seconds.
  path: Assets/AllIn1VfxToolkit/Demo & Assets/Textures/Noise/Noise108.png
  artifactKey: Guid(50f0f1b3905c3bf44a167a5085a4650d) Importer(815301076,1909f56bfc062723c751e8b465ee728b)
Start importing Assets/AllIn1VfxToolkit/Demo & Assets/Textures/Noise/Noise108.png using Guid(50f0f1b3905c3bf44a167a5085a4650d) Importer(815301076,1909f56bfc062723c751e8b465ee728b) (PreviewImporter) -> (artifact id: '896a13126f0f413604a57693ee41183b') in 0.0239698 seconds
Number of updated asset objects reloaded before import = 0Number of asset objects unloaded after import = 2

========================================================================
Received Import Request.
  Time since last request: 0.000022 seconds.
  path: Assets/AllIn1VfxToolkit/Demo & Assets/Textures/Noise/Noise91.png
  artifactKey: Guid(bd246906629c7c1408106be5962f745f) Importer(815301076,1909f56bfc062723c751e8b465ee728b)
Start importing Assets/AllIn1VfxToolkit/Demo & Assets/Textures/Noise/Noise91.png using Guid(bd246906629c7c1408106be5962f745f) Importer(815301076,1909f56bfc062723c751e8b465ee728b) (PreviewImporter) -> (artifact id: 'a6328b586be67821c0d9236153241a96') in 0.0166643 seconds
Number of updated asset objects reloaded before import = 0Number of asset objects unloaded after import = 2

========================================================================
Received Import Request.
  Time since last request: 0.000022 seconds.
  path: Assets/AllIn1VfxToolkit/Demo & Assets/Textures/Noise/Noise79.png
  artifactKey: Guid(016a2e6efa459ba4ca74cd78c5596bc0) Importer(815301076,1909f56bfc062723c751e8b465ee728b)
Start importing Assets/AllIn1VfxToolkit/Demo & Assets/Textures/Noise/Noise79.png using Guid(016a2e6efa459ba4ca74cd78c5596bc0) Importer(815301076,1909f56bfc062723c751e8b465ee728b) (PreviewImporter) -> (artifact id: 'b8a9d8220ac660f87a506d32dcc2780c') in 0.0104716 seconds
Number of updated asset objects reloaded before import = 0Number of asset objects unloaded after import = 2

========================================================================
Received Import Request.
  Time since last request: 0.000021 seconds.
  path: Assets/AllIn1VfxToolkit/Demo & Assets/Textures/Noise/Noise89.png
  artifactKey: Guid(380818323d81c45409b9bfd5a45e1d4f) Importer(815301076,1909f56bfc062723c751e8b465ee728b)
Start importing Assets/AllIn1VfxToolkit/Demo & Assets/Textures/Noise/Noise89.png using Guid(380818323d81c45409b9bfd5a45e1d4f) Importer(815301076,1909f56bfc062723c751e8b465ee728b) (PreviewImporter) -> (artifact id: '297a56b727c0767194ecd81030d1c696') in 0.0123091 seconds
Number of updated asset objects reloaded before import = 0Number of asset objects unloaded after import = 2

========================================================================
Received Import Request.
  Time since last request: 0.000026 seconds.
  path: Assets/AllIn1VfxToolkit/Demo & Assets/Textures/Noise/Noise88.png
  artifactKey: Guid(7edeb2845516ce545a3b7f862c98fe20) Importer(815301076,1909f56bfc062723c751e8b465ee728b)
Start importing Assets/AllIn1VfxToolkit/Demo & Assets/Textures/Noise/Noise88.png using Guid(7edeb2845516ce545a3b7f862c98fe20) Importer(815301076,1909f56bfc062723c751e8b465ee728b) (PreviewImporter) -> (artifact id: 'ac49a935e8ca2fcf2c45ac4227a4922a') in 0.0175991 seconds
Number of updated asset objects reloaded before import = 0Number of asset objects unloaded after import = 2

========================================================================
Received Import Request.
  Time since last request: 0.000032 seconds.
  path: Assets/AllIn1VfxToolkit/Demo & Assets/Textures/Noise/Noise77.png
  artifactKey: Guid(e585c0e7509e232459bc970d6e6177aa) Importer(815301076,1909f56bfc062723c751e8b465ee728b)
Start importing Assets/AllIn1VfxToolkit/Demo & Assets/Textures/Noise/Noise77.png using Guid(e585c0e7509e232459bc970d6e6177aa) Importer(815301076,1909f56bfc062723c751e8b465ee728b) (PreviewImporter) -> (artifact id: '204cbb0441977677d3d847f02fd5131f') in 0.0172767 seconds
Number of updated asset objects reloaded before import = 0Number of asset objects unloaded after import = 2

========================================================================
Received Import Request.
  Time since last request: 0.000024 seconds.
  path: Assets/AllIn1VfxToolkit/Demo & Assets/Textures/Noise/Noise90.png
  artifactKey: Guid(70ca93b01b2565d428c3905376a9fc3f) Importer(815301076,1909f56bfc062723c751e8b465ee728b)
Start importing Assets/AllIn1VfxToolkit/Demo & Assets/Textures/Noise/Noise90.png using Guid(70ca93b01b2565d428c3905376a9fc3f) Importer(815301076,1909f56bfc062723c751e8b465ee728b) (PreviewImporter) -> (artifact id: 'a4e7db5d71217e66cd260e1f4019a204') in 0.0158845 seconds
Number of updated asset objects reloaded before import = 0Number of asset objects unloaded after import = 2

========================================================================
Received Import Request.
  Time since last request: 0.000021 seconds.
  path: Assets/AllIn1VfxToolkit/Demo & Assets/Textures/Noise/Noise103.png
  artifactKey: Guid(fe58d421162ef414a8f49ddcf11b8cf8) Importer(815301076,1909f56bfc062723c751e8b465ee728b)
Start importing Assets/AllIn1VfxToolkit/Demo & Assets/Textures/Noise/Noise103.png using Guid(fe58d421162ef414a8f49ddcf11b8cf8) Importer(815301076,1909f56bfc062723c751e8b465ee728b) (PreviewImporter) -> (artifact id: 'fd2d00e91dbda52dd1047a40e41224e6') in 0.0105386 seconds
Number of updated asset objects reloaded before import = 0Number of asset objects unloaded after import = 2

========================================================================
Received Import Request.
  Time since last request: 0.000023 seconds.
  path: Assets/AllIn1VfxToolkit/Demo & Assets/Textures/Noise/Noise102.png
  artifactKey: Guid(4daab252228779d4f88fafab6171c287) Importer(815301076,1909f56bfc062723c751e8b465ee728b)
Start importing Assets/AllIn1VfxToolkit/Demo & Assets/Textures/Noise/Noise102.png using Guid(4daab252228779d4f88fafab6171c287) Importer(815301076,1909f56bfc062723c751e8b465ee728b) (PreviewImporter) -> (artifact id: '4250787a57187745002c925a3ec4dc3c') in 0.0112336 seconds
Number of updated asset objects reloaded before import = 0Number of asset objects unloaded after import = 2

========================================================================
Received Import Request.
  Time since last request: 0.000025 seconds.
  path: Assets/FunkyCode/Demos - SmartLighting2D/Demos - Intermediate/10 - Demo Isometric/Resources/Other/normal map.png
  artifactKey: Guid(e913bbc0978665742843fbe2d104ee62) Importer(815301076,1909f56bfc062723c751e8b465ee728b)
Start importing Assets/FunkyCode/Demos - SmartLighting2D/Demos - Intermediate/10 - Demo Isometric/Resources/Other/normal map.png using Guid(e913bbc0978665742843fbe2d104ee62) Importer(815301076,1909f56bfc062723c751e8b465ee728b) (PreviewImporter) -> (artifact id: '6a817fe169c0fd8336afbf72d70a8dd9') in 0.0114157 seconds
Number of updated asset objects reloaded before import = 0Number of asset objects unloaded after import = 2

========================================================================
Received Import Request.
  Time since last request: 0.000020 seconds.
  path: Assets/AllIn1VfxToolkit/Demo & Assets/Textures/Noise/Noise87.png
  artifactKey: Guid(80a3526757e4ec5409592a5ca4e790be) Importer(815301076,1909f56bfc062723c751e8b465ee728b)
Start importing Assets/AllIn1VfxToolkit/Demo & Assets/Textures/Noise/Noise87.png using Guid(80a3526757e4ec5409592a5ca4e790be) Importer(815301076,1909f56bfc062723c751e8b465ee728b) (PreviewImporter) -> (artifact id: '39ad57599089202cd6a4b5fdb1f0dd71') in 0.0123156 seconds
Number of updated asset objects reloaded before import = 0Number of asset objects unloaded after import = 2

========================================================================
Received Import Request.
  Time since last request: 0.000025 seconds.
  path: Assets/AllIn1VfxToolkit/Demo & Assets/Textures Demo/Textures/DistortionMapsCopyNoNormalMap/NormalTrail3.png
  artifactKey: Guid(730e824e9f29ac74ab70767bcb48eded) Importer(815301076,1909f56bfc062723c751e8b465ee728b)
Start importing Assets/AllIn1VfxToolkit/Demo & Assets/Textures Demo/Textures/DistortionMapsCopyNoNormalMap/NormalTrail3.png using Guid(730e824e9f29ac74ab70767bcb48eded) Importer(815301076,1909f56bfc062723c751e8b465ee728b) (PreviewImporter) -> (artifact id: '93408110577bec87f681019892f514ce') in 0.0106989 seconds
Number of updated asset objects reloaded before import = 0Number of asset objects unloaded after import = 2

========================================================================
Received Import Request.
  Time since last request: 0.000035 seconds.
  path: Assets/AllIn1VfxToolkit/Demo & Assets/Textures/Noise/Noise100.png
  artifactKey: Guid(3e27acb8148d6f24682e9d0b09725f07) Importer(815301076,1909f56bfc062723c751e8b465ee728b)
Start importing Assets/AllIn1VfxToolkit/Demo & Assets/Textures/Noise/Noise100.png using Guid(3e27acb8148d6f24682e9d0b09725f07) Importer(815301076,1909f56bfc062723c751e8b465ee728b) (PreviewImporter) -> (artifact id: 'a1c0eaba33b9e5f4f50d3fe45ccc4560') in 0.010663 seconds
Number of updated asset objects reloaded before import = 0Number of asset objects unloaded after import = 2

========================================================================
Received Import Request.
  Time since last request: 0.000020 seconds.
  path: Assets/AllIn1VfxToolkit/Demo & Assets/Textures/Noise/Noise92.png
  artifactKey: Guid(e2685df626ffb854390714c92cdbf2bb) Importer(815301076,1909f56bfc062723c751e8b465ee728b)
Start importing Assets/AllIn1VfxToolkit/Demo & Assets/Textures/Noise/Noise92.png using Guid(e2685df626ffb854390714c92cdbf2bb) Importer(815301076,1909f56bfc062723c751e8b465ee728b) (PreviewImporter) -> (artifact id: 'f842bdc7f0727bb4c438dc951210eaff') in 0.0121892 seconds
Number of updated asset objects reloaded before import = 0Number of asset objects unloaded after import = 2

========================================================================
Received Import Request.
  Time since last request: 0.000020 seconds.
  path: Assets/AllIn1VfxToolkit/Demo & Assets/Textures/Noise/Noise83.png
  artifactKey: Guid(e6011771fe802ef4b87c050a63aa2c3e) Importer(815301076,1909f56bfc062723c751e8b465ee728b)
Start importing Assets/AllIn1VfxToolkit/Demo & Assets/Textures/Noise/Noise83.png using Guid(e6011771fe802ef4b87c050a63aa2c3e) Importer(815301076,1909f56bfc062723c751e8b465ee728b) (PreviewImporter) -> (artifact id: '4f7566210669382a897666d47c1874cd') in 0.0119184 seconds
Number of updated asset objects reloaded before import = 0Number of asset objects unloaded after import = 2

========================================================================
Received Import Request.
  Time since last request: 0.000022 seconds.
  path: Assets/AllIn1VfxToolkit/Demo & Assets/Textures/Noise/Noise105.png
  artifactKey: Guid(8bd8f59bd44b9b74db85eb9faa12ee8b) Importer(815301076,1909f56bfc062723c751e8b465ee728b)
Start importing Assets/AllIn1VfxToolkit/Demo & Assets/Textures/Noise/Noise105.png using Guid(8bd8f59bd44b9b74db85eb9faa12ee8b) Importer(815301076,1909f56bfc062723c751e8b465ee728b) (PreviewImporter) -> (artifact id: 'e15c1923b0b57c86f8208ac846d1bcf7') in 0.0185888 seconds
Number of updated asset objects reloaded before import = 0Number of asset objects unloaded after import = 2

========================================================================
Received Import Request.
  Time since last request: 0.000022 seconds.
  path: Assets/FunkyCode/Demos - SmartLighting2D/Demos - Intermediate/3 - Day Lighting/Resources/NormalReference.png
  artifactKey: Guid(5c8d9ade385c1dc4f97db3b2cd57fbdb) Importer(815301076,1909f56bfc062723c751e8b465ee728b)
Start importing Assets/FunkyCode/Demos - SmartLighting2D/Demos - Intermediate/3 - Day Lighting/Resources/NormalReference.png using Guid(5c8d9ade385c1dc4f97db3b2cd57fbdb) Importer(815301076,1909f56bfc062723c751e8b465ee728b) (PreviewImporter) -> (artifact id: 'a6a5b7ed8d989b82c85a58bc8746359f') in 0.0157594 seconds
Number of updated asset objects reloaded before import = 0Number of asset objects unloaded after import = 2

========================================================================
Received Import Request.
  Time since last request: 0.000021 seconds.
  path: Assets/AllIn1VfxToolkit/Demo & Assets/Textures/Noise/Noise85.png
  artifactKey: Guid(f67b0caf301647746a1428d747eac20f) Importer(815301076,1909f56bfc062723c751e8b465ee728b)
Start importing Assets/AllIn1VfxToolkit/Demo & Assets/Textures/Noise/Noise85.png using Guid(f67b0caf301647746a1428d747eac20f) Importer(815301076,1909f56bfc062723c751e8b465ee728b) (PreviewImporter) -> (artifact id: '9b1d8be296ac4bd54b08f511671522be') in 0.0155976 seconds
Number of updated asset objects reloaded before import = 0Number of asset objects unloaded after import = 2

========================================================================
Received Import Request.
  Time since last request: 0.000024 seconds.
  path: Assets/AllIn1VfxToolkit/Demo & Assets/Textures/Noise/Noise65.png
  artifactKey: Guid(97f9a57a43cfe7b499741b46b9357cbd) Importer(815301076,1909f56bfc062723c751e8b465ee728b)
Start importing Assets/AllIn1VfxToolkit/Demo & Assets/Textures/Noise/Noise65.png using Guid(97f9a57a43cfe7b499741b46b9357cbd) Importer(815301076,1909f56bfc062723c751e8b465ee728b) (PreviewImporter) -> (artifact id: '8a4a125b4ffbbd4299ce3eb364fea747') in 0.0189994 seconds
Number of updated asset objects reloaded before import = 0Number of asset objects unloaded after import = 2

========================================================================
Received Import Request.
  Time since last request: 0.000032 seconds.
  path: Assets/AllIn1VfxToolkit/Demo & Assets/Textures/Noise/Noise74.png
  artifactKey: Guid(60e948da25cd0864ead3d6abbcb3e45c) Importer(815301076,1909f56bfc062723c751e8b465ee728b)
Start importing Assets/AllIn1VfxToolkit/Demo & Assets/Textures/Noise/Noise74.png using Guid(60e948da25cd0864ead3d6abbcb3e45c) Importer(815301076,1909f56bfc062723c751e8b465ee728b) (PreviewImporter) -> (artifact id: 'ca1abaa95f46045460686427df9325c2') in 0.0201717 seconds
Number of updated asset objects reloaded before import = 0Number of asset objects unloaded after import = 2

========================================================================
Received Import Request.
  Time since last request: 0.000026 seconds.
  path: Assets/AllIn1VfxToolkit/Demo & Assets/Textures/Noise/Noise67.png
  artifactKey: Guid(0aed439a7d3a6244eb986039a835ea8e) Importer(815301076,1909f56bfc062723c751e8b465ee728b)
Start importing Assets/AllIn1VfxToolkit/Demo & Assets/Textures/Noise/Noise67.png using Guid(0aed439a7d3a6244eb986039a835ea8e) Importer(815301076,1909f56bfc062723c751e8b465ee728b) (PreviewImporter) -> (artifact id: '051821be334a92ed4734edf34cd76960') in 0.0160075 seconds
Number of updated asset objects reloaded before import = 0Number of asset objects unloaded after import = 2

========================================================================
Received Import Request.
  Time since last request: 0.000021 seconds.
  path: Assets/AllIn1VfxToolkit/Demo & Assets/Textures/Noise/Noise69.png
  artifactKey: Guid(846068c218b571a4c8a5286e2e40ca76) Importer(815301076,1909f56bfc062723c751e8b465ee728b)
Start importing Assets/AllIn1VfxToolkit/Demo & Assets/Textures/Noise/Noise69.png using Guid(846068c218b571a4c8a5286e2e40ca76) Importer(815301076,1909f56bfc062723c751e8b465ee728b) (PreviewImporter) -> (artifact id: '2f252029c20421a722a0a95c0b25a415') in 0.0112277 seconds
Number of updated asset objects reloaded before import = 0Number of asset objects unloaded after import = 2

========================================================================
Received Import Request.
  Time since last request: 0.000022 seconds.
  path: Assets/AllIn1VfxToolkit/Demo & Assets/Textures/Noise/Noise72.png
  artifactKey: Guid(7c39b8f36d353704ab4bc228822d7cba) Importer(815301076,1909f56bfc062723c751e8b465ee728b)
Start importing Assets/AllIn1VfxToolkit/Demo & Assets/Textures/Noise/Noise72.png using Guid(7c39b8f36d353704ab4bc228822d7cba) Importer(815301076,1909f56bfc062723c751e8b465ee728b) (PreviewImporter) -> (artifact id: 'a48c8caeb58892117aba649975e99df6') in 0.0167988 seconds
Number of updated asset objects reloaded before import = 0Number of asset objects unloaded after import = 2

========================================================================
Received Import Request.
  Time since last request: 0.000021 seconds.
  path: Assets/AllIn1VfxToolkit/Demo & Assets/Textures/Noise/Noise73.png
  artifactKey: Guid(7d8ccc91f826f2b42a167912baa24568) Importer(815301076,1909f56bfc062723c751e8b465ee728b)
Start importing Assets/AllIn1VfxToolkit/Demo & Assets/Textures/Noise/Noise73.png using Guid(7d8ccc91f826f2b42a167912baa24568) Importer(815301076,1909f56bfc062723c751e8b465ee728b) (PreviewImporter) -> (artifact id: '8e04d9ecf29dc12fa206ba8d548d3f28') in 0.0219793 seconds
Number of updated asset objects reloaded before import = 0Number of asset objects unloaded after import = 2

========================================================================
Received Import Request.
  Time since last request: 0.000021 seconds.
  path: Assets/AllIn1VfxToolkit/Demo & Assets/Textures/Noise/Noise75.png
  artifactKey: Guid(1f0f01ce957416a4b91e3fac6a9564a7) Importer(815301076,1909f56bfc062723c751e8b465ee728b)
Start importing Assets/AllIn1VfxToolkit/Demo & Assets/Textures/Noise/Noise75.png using Guid(1f0f01ce957416a4b91e3fac6a9564a7) Importer(815301076,1909f56bfc062723c751e8b465ee728b) (PreviewImporter) -> (artifact id: '7feaf13b5cdd618837ce267580f7a79e') in 0.0205129 seconds
Number of updated asset objects reloaded before import = 0Number of asset objects unloaded after import = 2

========================================================================
Received Import Request.
  Time since last request: 0.000034 seconds.
  path: Assets/AllIn1VfxToolkit/Demo & Assets/Textures/Noise/Noise66.png
  artifactKey: Guid(c80357c3692248240bad132038bd0f48) Importer(815301076,1909f56bfc062723c751e8b465ee728b)
Start importing Assets/AllIn1VfxToolkit/Demo & Assets/Textures/Noise/Noise66.png using Guid(c80357c3692248240bad132038bd0f48) Importer(815301076,1909f56bfc062723c751e8b465ee728b) (PreviewImporter) -> (artifact id: '8687d12108fa3a6e5544d1c98fa6bfa3') in 0.0209151 seconds
Number of updated asset objects reloaded before import = 0Number of asset objects unloaded after import = 2

========================================================================
Received Import Request.
  Time since last request: 0.000022 seconds.
  path: Assets/AllIn1VfxToolkit/Demo & Assets/Textures/Noise/Noise107.png
  artifactKey: Guid(9450b76c95d42474593510ffc9e6f564) Importer(815301076,1909f56bfc062723c751e8b465ee728b)
Start importing Assets/AllIn1VfxToolkit/Demo & Assets/Textures/Noise/Noise107.png using Guid(9450b76c95d42474593510ffc9e6f564) Importer(815301076,1909f56bfc062723c751e8b465ee728b) (PreviewImporter) -> (artifact id: '5f64bd2c42f9ffb42fd8dc6adae5397a') in 0.009833 seconds
Number of updated asset objects reloaded before import = 0Number of asset objects unloaded after import = 2

========================================================================
Received Import Request.
  Time since last request: 0.000023 seconds.
  path: Assets/AllIn1VfxToolkit/Demo & Assets/Textures/Noise/Noise71.png
  artifactKey: Guid(5488d23d8c184674f8599f103d96c20b) Importer(815301076,1909f56bfc062723c751e8b465ee728b)
Start importing Assets/AllIn1VfxToolkit/Demo & Assets/Textures/Noise/Noise71.png using Guid(5488d23d8c184674f8599f103d96c20b) Importer(815301076,1909f56bfc062723c751e8b465ee728b) (PreviewImporter) -> (artifact id: 'bd38f075480837b49208fccb3beeb6b8') in 0.0216779 seconds
Number of updated asset objects reloaded before import = 0Number of asset objects unloaded after import = 2

========================================================================
Received Import Request.
  Time since last request: 0.000022 seconds.
  path: Assets/AllIn1VfxToolkit/Demo & Assets/Textures/Noise/Noise70.png
  artifactKey: Guid(e55c40d3d687531488b5c7f4b72c8804) Importer(815301076,1909f56bfc062723c751e8b465ee728b)
Start importing Assets/AllIn1VfxToolkit/Demo & Assets/Textures/Noise/Noise70.png using Guid(e55c40d3d687531488b5c7f4b72c8804) Importer(815301076,1909f56bfc062723c751e8b465ee728b) (PreviewImporter) -> (artifact id: '5b712824c1166c73b8451e13a57c702b') in 0.0115896 seconds
Number of updated asset objects reloaded before import = 0Number of asset objects unloaded after import = 2

========================================================================
Received Import Request.
  Time since last request: 0.000023 seconds.
  path: Assets/AllIn1VfxToolkit/Demo & Assets/Textures/Noise/Noise68.png
  artifactKey: Guid(bdee0488f10805740b0d0612aee70f5b) Importer(815301076,1909f56bfc062723c751e8b465ee728b)
Start importing Assets/AllIn1VfxToolkit/Demo & Assets/Textures/Noise/Noise68.png using Guid(bdee0488f10805740b0d0612aee70f5b) Importer(815301076,1909f56bfc062723c751e8b465ee728b) (PreviewImporter) -> (artifact id: '7619ba52913ff8951457aa4e5c74cd69') in 0.0140011 seconds
Number of updated asset objects reloaded before import = 0Number of asset objects unloaded after import = 2

========================================================================
Received Import Request.
  Time since last request: 0.000028 seconds.
  path: Assets/AllIn1VfxToolkit/Demo & Assets/Textures/Noise/Noise78.png
  artifactKey: Guid(88043634701281d40bf5b99251292ec2) Importer(815301076,1909f56bfc062723c751e8b465ee728b)
Start importing Assets/AllIn1VfxToolkit/Demo & Assets/Textures/Noise/Noise78.png using Guid(88043634701281d40bf5b99251292ec2) Importer(815301076,1909f56bfc062723c751e8b465ee728b) (PreviewImporter) -> (artifact id: '2f53877c15d241b94fbbe83f11b8be4a') in 0.0171768 seconds
Number of updated asset objects reloaded before import = 0Number of asset objects unloaded after import = 2

========================================================================
Received Import Request.
  Time since last request: 0.000024 seconds.
  path: Assets/AllIn1VfxToolkit/Demo & Assets/Textures/Noise/Noise76.png
  artifactKey: Guid(b9ecc0d2e1ddf6b43a2f2fe5161a9e62) Importer(815301076,1909f56bfc062723c751e8b465ee728b)
Start importing Assets/AllIn1VfxToolkit/Demo & Assets/Textures/Noise/Noise76.png using Guid(b9ecc0d2e1ddf6b43a2f2fe5161a9e62) Importer(815301076,1909f56bfc062723c751e8b465ee728b) (PreviewImporter) -> (artifact id: '7c3c082006c0d8b92e69c91d6ad50d04') in 0.0198725 seconds
Number of updated asset objects reloaded before import = 0Number of asset objects unloaded after import = 2

========================================================================
Received Import Request.
  Time since last request: 0.000036 seconds.
  path: Assets/AllIn1VfxToolkit/Demo & Assets/Textures/Noise/Noise86.png
  artifactKey: Guid(5c03517380701c24e88fce764468afa0) Importer(815301076,1909f56bfc062723c751e8b465ee728b)
Start importing Assets/AllIn1VfxToolkit/Demo & Assets/Textures/Noise/Noise86.png using Guid(5c03517380701c24e88fce764468afa0) Importer(815301076,1909f56bfc062723c751e8b465ee728b) (PreviewImporter) -> (artifact id: '3ba02fc7f2ccd8b1e0b3259f68d611bc') in 0.0136505 seconds
Number of updated asset objects reloaded before import = 0Number of asset objects unloaded after import = 2

========================================================================
Received Import Request.
  Time since last request: 0.000025 seconds.
  path: Assets/AllIn1VfxToolkit/Demo & Assets/Textures/Noise/Noise113.png
  artifactKey: Guid(fcdcb7bb017230540a1d9f9908895e74) Importer(815301076,1909f56bfc062723c751e8b465ee728b)
Start importing Assets/AllIn1VfxToolkit/Demo & Assets/Textures/Noise/Noise113.png using Guid(fcdcb7bb017230540a1d9f9908895e74) Importer(815301076,1909f56bfc062723c751e8b465ee728b) (PreviewImporter) -> (artifact id: 'd0743e2e85c24835c448ce13068a38f9') in 0.0200281 seconds
Number of updated asset objects reloaded before import = 0Number of asset objects unloaded after import = 2

========================================================================
Received Import Request.
  Time since last request: 0.000039 seconds.
  path: Assets/AllIn1VfxToolkit/Demo & Assets/Textures/Noise/Noise81.png
  artifactKey: Guid(50025fea2bdca9b4ebeeb0c5f86869dc) Importer(815301076,1909f56bfc062723c751e8b465ee728b)
Start importing Assets/AllIn1VfxToolkit/Demo & Assets/Textures/Noise/Noise81.png using Guid(50025fea2bdca9b4ebeeb0c5f86869dc) Importer(815301076,1909f56bfc062723c751e8b465ee728b) (PreviewImporter) -> (artifact id: '526dcc4a94624a808b8316e3f357b6db') in 0.014428 seconds
Number of updated asset objects reloaded before import = 0Number of asset objects unloaded after import = 2

========================================================================
Received Import Request.
  Time since last request: 0.000020 seconds.
  path: Assets/AllIn1VfxToolkit/Demo & Assets/Textures/Noise/Noise118.png
  artifactKey: Guid(725abcc6246d99d4695f2a30ac17f3b1) Importer(815301076,1909f56bfc062723c751e8b465ee728b)
Start importing Assets/AllIn1VfxToolkit/Demo & Assets/Textures/Noise/Noise118.png using Guid(725abcc6246d99d4695f2a30ac17f3b1) Importer(815301076,1909f56bfc062723c751e8b465ee728b) (PreviewImporter) -> (artifact id: '6d26757c49a6e92924ef66f5be94a0b7') in 0.0110167 seconds
Number of updated asset objects reloaded before import = 0Number of asset objects unloaded after import = 2

========================================================================
Received Import Request.
  Time since last request: 0.000021 seconds.
  path: Assets/AllIn1VfxToolkit/Demo & Assets/Textures/Noise/Noise94.png
  artifactKey: Guid(ecf500445ad81a64a80d6f52cac4f97c) Importer(815301076,1909f56bfc062723c751e8b465ee728b)
Start importing Assets/AllIn1VfxToolkit/Demo & Assets/Textures/Noise/Noise94.png using Guid(ecf500445ad81a64a80d6f52cac4f97c) Importer(815301076,1909f56bfc062723c751e8b465ee728b) (PreviewImporter) -> (artifact id: 'f1b67a803f3069adb295da0310b51830') in 0.016172 seconds
Number of updated asset objects reloaded before import = 0Number of asset objects unloaded after import = 2

========================================================================
Received Import Request.
  Time since last request: 0.000019 seconds.
  path: Assets/AllIn1VfxToolkit/Demo & Assets/Textures/Noise/Noise64.png
  artifactKey: Guid(b6862a4be21bdf741aa46f77609471a4) Importer(815301076,1909f56bfc062723c751e8b465ee728b)
Start importing Assets/AllIn1VfxToolkit/Demo & Assets/Textures/Noise/Noise64.png using Guid(b6862a4be21bdf741aa46f77609471a4) Importer(815301076,1909f56bfc062723c751e8b465ee728b) (PreviewImporter) -> (artifact id: 'fa2555c50e8f0d43ed7dd8f9c2e86d2f') in 0.020393 seconds
Number of updated asset objects reloaded before import = 0Number of asset objects unloaded after import = 2

========================================================================
Received Import Request.
  Time since last request: 0.000023 seconds.
  path: Assets/AllIn1VfxToolkit/Demo & Assets/Textures/Noise/Noise98.png
  artifactKey: Guid(0b1db094c42783b49a895ecff8ee922b) Importer(815301076,1909f56bfc062723c751e8b465ee728b)
Start importing Assets/AllIn1VfxToolkit/Demo & Assets/Textures/Noise/Noise98.png using Guid(0b1db094c42783b49a895ecff8ee922b) Importer(815301076,1909f56bfc062723c751e8b465ee728b) (PreviewImporter) -> (artifact id: 'c01995ec25680ddb4f36300be9487308') in 0.0232772 seconds
Number of updated asset objects reloaded before import = 0Number of asset objects unloaded after import = 2

========================================================================
Received Import Request.
  Time since last request: 0.000035 seconds.
  path: Assets/AllIn1VfxToolkit/Demo & Assets/Textures/Noise/Noise109.png
  artifactKey: Guid(983901b2c81d52f4f9993dd18ab1000b) Importer(815301076,1909f56bfc062723c751e8b465ee728b)
Start importing Assets/AllIn1VfxToolkit/Demo & Assets/Textures/Noise/Noise109.png using Guid(983901b2c81d52f4f9993dd18ab1000b) Importer(815301076,1909f56bfc062723c751e8b465ee728b) (PreviewImporter) -> (artifact id: '8689fd89ec226d3463e436067c0c19d1') in 0.0204637 seconds
Number of updated asset objects reloaded before import = 0Number of asset objects unloaded after import = 2

========================================================================
Received Import Request.
  Time since last request: 0.000030 seconds.
  path: Assets/AllIn1VfxToolkit/Demo & Assets/Textures Demo/Textures/DistortionMapsCopyNoNormalMap/NormalTrail.png
  artifactKey: Guid(bcfdfc943d658714dae546a29b511329) Importer(815301076,1909f56bfc062723c751e8b465ee728b)
Start importing Assets/AllIn1VfxToolkit/Demo & Assets/Textures Demo/Textures/DistortionMapsCopyNoNormalMap/NormalTrail.png using Guid(bcfdfc943d658714dae546a29b511329) Importer(815301076,1909f56bfc062723c751e8b465ee728b) (PreviewImporter) -> (artifact id: '315705c52fbfb135f1d54ef9c71422bc') in 0.0169199 seconds
Number of updated asset objects reloaded before import = 0Number of asset objects unloaded after import = 2

========================================================================
Received Import Request.
  Time since last request: 0.000021 seconds.
  path: Assets/AllIn1VfxToolkit/Demo & Assets/Textures/Noise/Noise116.png
  artifactKey: Guid(4badfc91a1e224b4eb407b8e0e8d77bc) Importer(815301076,1909f56bfc062723c751e8b465ee728b)
Start importing Assets/AllIn1VfxToolkit/Demo & Assets/Textures/Noise/Noise116.png using Guid(4badfc91a1e224b4eb407b8e0e8d77bc) Importer(815301076,1909f56bfc062723c751e8b465ee728b) (PreviewImporter) -> (artifact id: '77d1bc98c6521f251c898831b4f34546') in 0.0216055 seconds
Number of updated asset objects reloaded before import = 0Number of asset objects unloaded after import = 2

========================================================================
Received Import Request.
  Time since last request: 0.000020 seconds.
  path: Assets/AllIn1VfxToolkit/Demo & Assets/Textures/Noise/Noise95.png
  artifactKey: Guid(596805a25b337ce4797911d55518e143) Importer(815301076,1909f56bfc062723c751e8b465ee728b)
Start importing Assets/AllIn1VfxToolkit/Demo & Assets/Textures/Noise/Noise95.png using Guid(596805a25b337ce4797911d55518e143) Importer(815301076,1909f56bfc062723c751e8b465ee728b) (PreviewImporter) -> (artifact id: '0fa86ac64e01a4caac0794c0cb2d52cb') in 0.0248312 seconds
Number of updated asset objects reloaded before import = 0Number of asset objects unloaded after import = 2

========================================================================
Received Import Request.
  Time since last request: 0.000024 seconds.
  path: Assets/AllIn1VfxToolkit/Demo & Assets/Textures Demo/Textures/DistortionMapsCopyNoNormalMap/NormalTrail2.png
  artifactKey: Guid(b1f320610e4d3eb41a0d5468c1f64c5b) Importer(815301076,1909f56bfc062723c751e8b465ee728b)
Start importing Assets/AllIn1VfxToolkit/Demo & Assets/Textures Demo/Textures/DistortionMapsCopyNoNormalMap/NormalTrail2.png using Guid(b1f320610e4d3eb41a0d5468c1f64c5b) Importer(815301076,1909f56bfc062723c751e8b465ee728b) (PreviewImporter) -> (artifact id: '10d936982bd8818ba8ab438073a24b6c') in 0.0159064 seconds
Number of updated asset objects reloaded before import = 0Number of asset objects unloaded after import = 2

========================================================================
Received Import Request.
  Time since last request: 0.000025 seconds.
  path: Assets/TextMesh Pro/Examples & Extras/Textures/Mask Zig-n-Zag.psd
  artifactKey: Guid(bb8dfcd263ad4eb383a33d74a720be6f) Importer(815301076,1909f56bfc062723c751e8b465ee728b)
Start importing Assets/TextMesh Pro/Examples & Extras/Textures/Mask Zig-n-Zag.psd using Guid(bb8dfcd263ad4eb383a33d74a720be6f) Importer(815301076,1909f56bfc062723c751e8b465ee728b) (PreviewImporter) -> (artifact id: '3f05ce4c78136217f48d3bdfe5d3323e') in 0.0106545 seconds
Number of updated asset objects reloaded before import = 0Number of asset objects unloaded after import = 2

========================================================================
Received Import Request.
  Time since last request: 0.000038 seconds.
  path: Assets/AllIn1VfxToolkit/Demo & Assets/Textures/Noise/Noise84.png
  artifactKey: Guid(b4b04ab71d8e4e24099724b22d76dc78) Importer(815301076,1909f56bfc062723c751e8b465ee728b)
Start importing Assets/AllIn1VfxToolkit/Demo & Assets/Textures/Noise/Noise84.png using Guid(b4b04ab71d8e4e24099724b22d76dc78) Importer(815301076,1909f56bfc062723c751e8b465ee728b) (PreviewImporter) -> (artifact id: 'f0258a5ae5575d59400aad58cc17718d') in 0.0158787 seconds
Number of updated asset objects reloaded before import = 0Number of asset objects unloaded after import = 2

========================================================================
Received Import Request.
  Time since last request: 0.000030 seconds.
  path: Assets/AllIn1VfxToolkit/Demo & Assets/Textures/Noise/Noise99.png
  artifactKey: Guid(3692c4798f85e0445bcbfa424dab88d8) Importer(815301076,1909f56bfc062723c751e8b465ee728b)
Start importing Assets/AllIn1VfxToolkit/Demo & Assets/Textures/Noise/Noise99.png using Guid(3692c4798f85e0445bcbfa424dab88d8) Importer(815301076,1909f56bfc062723c751e8b465ee728b) (PreviewImporter) -> (artifact id: 'a04a62dc44d61bc0c2d293f1a82c3ee7') in 0.0118818 seconds
Number of updated asset objects reloaded before import = 0Number of asset objects unloaded after import = 2

========================================================================
Received Import Request.
  Time since last request: 0.000023 seconds.
  path: Assets/AllIn1VfxToolkit/Demo & Assets/Textures/Noise/Noise121.png
  artifactKey: Guid(3ba958b338d216e4ba6d6283a0f3d98b) Importer(815301076,1909f56bfc062723c751e8b465ee728b)
Start importing Assets/AllIn1VfxToolkit/Demo & Assets/Textures/Noise/Noise121.png using Guid(3ba958b338d216e4ba6d6283a0f3d98b) Importer(815301076,1909f56bfc062723c751e8b465ee728b) (PreviewImporter) -> (artifact id: '30f714f7e158f6169896852952f0eec8') in 0.0126884 seconds
Number of updated asset objects reloaded before import = 0Number of asset objects unloaded after import = 2

========================================================================
Received Import Request.
  Time since last request: 0.000029 seconds.
  path: Assets/AllIn1VfxToolkit/Demo & Assets/Textures/Distortion Normal Maps/NormalTrail2.png
  artifactKey: Guid(26ced7bf238a026499ef11af4b01ec48) Importer(815301076,1909f56bfc062723c751e8b465ee728b)
Start importing Assets/AllIn1VfxToolkit/Demo & Assets/Textures/Distortion Normal Maps/NormalTrail2.png using Guid(26ced7bf238a026499ef11af4b01ec48) Importer(815301076,1909f56bfc062723c751e8b465ee728b) (PreviewImporter) -> (artifact id: '96edfcdb38a477127ea41469913535db') in 0.0132755 seconds
Number of updated asset objects reloaded before import = 0Number of asset objects unloaded after import = 2

========================================================================
Received Import Request.
  Time since last request: 0.000022 seconds.
  path: Assets/AllIn1VfxToolkit/Demo & Assets/Textures/Trails/MagicTrail9.png
  artifactKey: Guid(33e2eab530088ac45aa699d90eb2b1b5) Importer(815301076,1909f56bfc062723c751e8b465ee728b)
Start importing Assets/AllIn1VfxToolkit/Demo & Assets/Textures/Trails/MagicTrail9.png using Guid(33e2eab530088ac45aa699d90eb2b1b5) Importer(815301076,1909f56bfc062723c751e8b465ee728b) (PreviewImporter) -> (artifact id: 'e424225294930af28e3657eaeeb3f364') in 0.0156747 seconds
Number of updated asset objects reloaded before import = 0Number of asset objects unloaded after import = 2

========================================================================
Received Import Request.
  Time since last request: 0.000025 seconds.
  path: Assets/AllIn1VfxToolkit/Demo & Assets/Textures/Trails/MagicTrail8.png
  artifactKey: Guid(418cafccf5eb72e4ba89c2a232fa5dcc) Importer(815301076,1909f56bfc062723c751e8b465ee728b)
Start importing Assets/AllIn1VfxToolkit/Demo & Assets/Textures/Trails/MagicTrail8.png using Guid(418cafccf5eb72e4ba89c2a232fa5dcc) Importer(815301076,1909f56bfc062723c751e8b465ee728b) (PreviewImporter) -> (artifact id: 'b666caa6f2be873501a7018f3a564be9') in 0.0154043 seconds
Number of updated asset objects reloaded before import = 0Number of asset objects unloaded after import = 2

========================================================================
Received Import Request.
  Time since last request: 0.000028 seconds.
  path: Assets/AllIn1VfxToolkit/Demo & Assets/Textures/Trails/MagicTrail2.png
  artifactKey: Guid(79777ecadb27b0744b74a1b1a74f652e) Importer(815301076,1909f56bfc062723c751e8b465ee728b)
Start importing Assets/AllIn1VfxToolkit/Demo & Assets/Textures/Trails/MagicTrail2.png using Guid(79777ecadb27b0744b74a1b1a74f652e) Importer(815301076,1909f56bfc062723c751e8b465ee728b) (PreviewImporter) -> (artifact id: 'ec8acc3b84c35cc2de99ab1f2932c239') in 0.0165201 seconds
Number of updated asset objects reloaded before import = 0Number of asset objects unloaded after import = 2

========================================================================
Received Import Request.
  Time since last request: 0.000032 seconds.
  path: Assets/AllIn1VfxToolkit/Demo & Assets/Textures/Shapes/Magic12.png
  artifactKey: Guid(2dc6ec0a0ddb8114e8f4b25344937a66) Importer(815301076,1909f56bfc062723c751e8b465ee728b)
Start importing Assets/AllIn1VfxToolkit/Demo & Assets/Textures/Shapes/Magic12.png using Guid(2dc6ec0a0ddb8114e8f4b25344937a66) Importer(815301076,1909f56bfc062723c751e8b465ee728b) (PreviewImporter) -> (artifact id: '87018352b3fbb213a38d3f5a3e6b514e') in 0.0131264 seconds
Number of updated asset objects reloaded before import = 0Number of asset objects unloaded after import = 2

========================================================================
Received Import Request.
  Time since last request: 0.000025 seconds.
  path: Assets/AllIn1VfxToolkit/Demo & Assets/Textures/Shapes/Magic13.png
  artifactKey: Guid(bc28c024cb2616c4fa4a6fbb12626a53) Importer(815301076,1909f56bfc062723c751e8b465ee728b)
Start importing Assets/AllIn1VfxToolkit/Demo & Assets/Textures/Shapes/Magic13.png using Guid(bc28c024cb2616c4fa4a6fbb12626a53) Importer(815301076,1909f56bfc062723c751e8b465ee728b) (PreviewImporter) -> (artifact id: 'ff21d0e7881884b011c655aaa92c01a3') in 0.0108505 seconds
Number of updated asset objects reloaded before import = 0Number of asset objects unloaded after import = 2

========================================================================
Received Import Request.
  Time since last request: 0.000024 seconds.
  path: Assets/AllIn1VfxToolkit/Demo & Assets/Textures/Shapes/Magic15.png
  artifactKey: Guid(c3727e8b482ee98458e301c1b310d626) Importer(815301076,1909f56bfc062723c751e8b465ee728b)
Start importing Assets/AllIn1VfxToolkit/Demo & Assets/Textures/Shapes/Magic15.png using Guid(c3727e8b482ee98458e301c1b310d626) Importer(815301076,1909f56bfc062723c751e8b465ee728b) (PreviewImporter) -> (artifact id: '7e04154ed20a35d3292b2d1ad2d42b33') in 0.0130815 seconds
Number of updated asset objects reloaded before import = 0Number of asset objects unloaded after import = 2

========================================================================
Received Import Request.
  Time since last request: 0.000020 seconds.
  path: Assets/AllIn1VfxToolkit/Demo & Assets/Textures/Shapes/Magic6.png
  artifactKey: Guid(90be38567218a8445af929a637cd1967) Importer(815301076,1909f56bfc062723c751e8b465ee728b)
Start importing Assets/AllIn1VfxToolkit/Demo & Assets/Textures/Shapes/Magic6.png using Guid(90be38567218a8445af929a637cd1967) Importer(815301076,1909f56bfc062723c751e8b465ee728b) (PreviewImporter) -> (artifact id: 'd23a6ddcf59ce1b03bc85ebe073877c6') in 0.0212521 seconds
Number of updated asset objects reloaded before import = 0Number of asset objects unloaded after import = 2

========================================================================
Received Import Request.
  Time since last request: 0.000023 seconds.
  path: Assets/AllIn1VfxToolkit/Demo & Assets/Textures/Trails/MagicTrail6.png
  artifactKey: Guid(a867bfe5a08bd9d41867a489384586e3) Importer(815301076,1909f56bfc062723c751e8b465ee728b)
Start importing Assets/AllIn1VfxToolkit/Demo & Assets/Textures/Trails/MagicTrail6.png using Guid(a867bfe5a08bd9d41867a489384586e3) Importer(815301076,1909f56bfc062723c751e8b465ee728b) (PreviewImporter) -> (artifact id: '84f34af31717c2fa3a500b4bf03bf414') in 0.0145141 seconds
Number of updated asset objects reloaded before import = 0Number of asset objects unloaded after import = 2

========================================================================
Received Import Request.
  Time since last request: 0.000022 seconds.
  path: Assets/AllIn1VfxToolkit/Demo & Assets/Textures/Trails/MagicTrail4.png
  artifactKey: Guid(25d40a20557f6024f88e37cf1a70b8cf) Importer(815301076,1909f56bfc062723c751e8b465ee728b)
Start importing Assets/AllIn1VfxToolkit/Demo & Assets/Textures/Trails/MagicTrail4.png using Guid(25d40a20557f6024f88e37cf1a70b8cf) Importer(815301076,1909f56bfc062723c751e8b465ee728b) (PreviewImporter) -> (artifact id: '3623fa0a49de8cf6a2da994820c763e7') in 0.0158547 seconds
Number of updated asset objects reloaded before import = 0Number of asset objects unloaded after import = 2

========================================================================
Received Import Request.
  Time since last request: 0.000023 seconds.
  path: Assets/AllIn1VfxToolkit/Demo & Assets/Textures/Trails/MagicTrail11.png
  artifactKey: Guid(9754fbe817d6c1049b19929c91647821) Importer(815301076,1909f56bfc062723c751e8b465ee728b)
Start importing Assets/AllIn1VfxToolkit/Demo & Assets/Textures/Trails/MagicTrail11.png using Guid(9754fbe817d6c1049b19929c91647821) Importer(815301076,1909f56bfc062723c751e8b465ee728b) (PreviewImporter) -> (artifact id: 'fd75a7476b9c19ff7919a6471593bb30') in 0.0132787 seconds
Number of updated asset objects reloaded before import = 0Number of asset objects unloaded after import = 2

========================================================================
Received Import Request.
  Time since last request: 0.000045 seconds.
  path: Assets/AllIn1VfxToolkit/Demo & Assets/Textures/Trails/MagicTrail10.png
  artifactKey: Guid(ddd4090bc93aa284d988e368bf87bceb) Importer(815301076,1909f56bfc062723c751e8b465ee728b)
Start importing Assets/AllIn1VfxToolkit/Demo & Assets/Textures/Trails/MagicTrail10.png using Guid(ddd4090bc93aa284d988e368bf87bceb) Importer(815301076,1909f56bfc062723c751e8b465ee728b) (PreviewImporter) -> (artifact id: '19a0c4657088a09df409ada3aaafd853') in 0.0109232 seconds
Number of updated asset objects reloaded before import = 0Number of asset objects unloaded after import = 2

========================================================================
Received Import Request.
  Time since last request: 0.000023 seconds.
  path: Assets/AllIn1VfxToolkit/Demo & Assets/Textures/Trails/MagicTrail7.png
  artifactKey: Guid(c95d87c0b5f2eba45a857616e5352140) Importer(815301076,1909f56bfc062723c751e8b465ee728b)
Start importing Assets/AllIn1VfxToolkit/Demo & Assets/Textures/Trails/MagicTrail7.png using Guid(c95d87c0b5f2eba45a857616e5352140) Importer(815301076,1909f56bfc062723c751e8b465ee728b) (PreviewImporter) -> (artifact id: 'b0d6899f87cd6c03a20e5a613535d697') in 0.010738 seconds
Number of updated asset objects reloaded before import = 0Number of asset objects unloaded after import = 2

========================================================================
Received Import Request.
  Time since last request: 0.000024 seconds.
  path: Assets/AllIn1VfxToolkit/Demo & Assets/Textures/Shapes/Magic14.png
  artifactKey: Guid(f4e9fd81c30f09d4c9cc307fda27289c) Importer(815301076,1909f56bfc062723c751e8b465ee728b)
Start importing Assets/AllIn1VfxToolkit/Demo & Assets/Textures/Shapes/Magic14.png using Guid(f4e9fd81c30f09d4c9cc307fda27289c) Importer(815301076,1909f56bfc062723c751e8b465ee728b) (PreviewImporter) -> (artifact id: '80517cdf055f2dc4e70cdf75abf35d6d') in 0.0158037 seconds
Number of updated asset objects reloaded before import = 0Number of asset objects unloaded after import = 2

========================================================================
Received Import Request.
  Time since last request: 0.000022 seconds.
  path: Assets/AllIn1VfxToolkit/Demo & Assets/Textures/Shapes/Magic11.png
  artifactKey: Guid(cac731e92d26aa347aee2470abdec07b) Importer(815301076,1909f56bfc062723c751e8b465ee728b)
Start importing Assets/AllIn1VfxToolkit/Demo & Assets/Textures/Shapes/Magic11.png using Guid(cac731e92d26aa347aee2470abdec07b) Importer(815301076,1909f56bfc062723c751e8b465ee728b) (PreviewImporter) -> (artifact id: 'e2860adb939a4336ff121045a533f233') in 0.0129687 seconds
Number of updated asset objects reloaded before import = 0Number of asset objects unloaded after import = 2

========================================================================
Received Import Request.
  Time since last request: 0.000022 seconds.
  path: Assets/AllIn1VfxToolkit/Demo & Assets/Textures/Shapes/Magic7.png
  artifactKey: Guid(6d7a29633b5f4ca4790770ba66492211) Importer(815301076,1909f56bfc062723c751e8b465ee728b)
Start importing Assets/AllIn1VfxToolkit/Demo & Assets/Textures/Shapes/Magic7.png using Guid(6d7a29633b5f4ca4790770ba66492211) Importer(815301076,1909f56bfc062723c751e8b465ee728b) (PreviewImporter) -> (artifact id: 'c03a46563f5a5d813af78838105ad3a6') in 0.0151235 seconds
Number of updated asset objects reloaded before import = 0Number of asset objects unloaded after import = 2

========================================================================
Received Import Request.
  Time since last request: 0.000027 seconds.
  path: Assets/AllIn1VfxToolkit/Demo & Assets/Textures/Trails/MagicTrail5.png
  artifactKey: Guid(87195569cbf3c7f4299e66b879a40e35) Importer(815301076,1909f56bfc062723c751e8b465ee728b)
Start importing Assets/AllIn1VfxToolkit/Demo & Assets/Textures/Trails/MagicTrail5.png using Guid(87195569cbf3c7f4299e66b879a40e35) Importer(815301076,1909f56bfc062723c751e8b465ee728b) (PreviewImporter) -> (artifact id: '492e9776c6be50334b7db9087a923ea2') in 0.0256172 seconds
Number of updated asset objects reloaded before import = 0Number of asset objects unloaded after import = 2

========================================================================
Received Import Request.
  Time since last request: 0.000027 seconds.
  path: Assets/AllIn1VfxToolkit/Demo & Assets/Textures/Shapes/Magic9.png
  artifactKey: Guid(70ee531ebace5c040a0f5ecf88032af1) Importer(815301076,1909f56bfc062723c751e8b465ee728b)
Start importing Assets/AllIn1VfxToolkit/Demo & Assets/Textures/Shapes/Magic9.png using Guid(70ee531ebace5c040a0f5ecf88032af1) Importer(815301076,1909f56bfc062723c751e8b465ee728b) (PreviewImporter) -> (artifact id: 'fbf26f3baa3829b1ed78e68f93a553bf') in 0.0151438 seconds
Number of updated asset objects reloaded before import = 0Number of asset objects unloaded after import = 2

========================================================================
Received Import Request.
  Time since last request: 0.000033 seconds.
  path: Assets/AllIn1VfxToolkit/Demo & Assets/Textures/Shapes/Magic10.png
  artifactKey: Guid(017548309f5ed06449684670bfc2615e) Importer(815301076,1909f56bfc062723c751e8b465ee728b)
Start importing Assets/AllIn1VfxToolkit/Demo & Assets/Textures/Shapes/Magic10.png using Guid(017548309f5ed06449684670bfc2615e) Importer(815301076,1909f56bfc062723c751e8b465ee728b) (PreviewImporter) -> (artifact id: '5752592fa89eefa74969639394fe82d0') in 0.0215467 seconds
Number of updated asset objects reloaded before import = 0Number of asset objects unloaded after import = 2

========================================================================
Received Import Request.
  Time since last request: 0.000020 seconds.
  path: Assets/AllIn1VfxToolkit/Demo & Assets/Textures/Shapes/Magic8.png
  artifactKey: Guid(20ae02775b47d8d4da42cfbba6a1af9b) Importer(815301076,1909f56bfc062723c751e8b465ee728b)
Start importing Assets/AllIn1VfxToolkit/Demo & Assets/Textures/Shapes/Magic8.png using Guid(20ae02775b47d8d4da42cfbba6a1af9b) Importer(815301076,1909f56bfc062723c751e8b465ee728b) (PreviewImporter) -> (artifact id: '7677dfd9fdb80517a50bae31d846a63e') in 0.0174233 seconds
Number of updated asset objects reloaded before import = 0Number of asset objects unloaded after import = 2

========================================================================
Received Import Request.
  Time since last request: 0.000030 seconds.
  path: Assets/AllIn1VfxToolkit/Demo & Assets/Textures/Trails/MagicTrail3.png
  artifactKey: Guid(b39bfbf5ff388a64b86551b7277a56d4) Importer(815301076,1909f56bfc062723c751e8b465ee728b)
Start importing Assets/AllIn1VfxToolkit/Demo & Assets/Textures/Trails/MagicTrail3.png using Guid(b39bfbf5ff388a64b86551b7277a56d4) Importer(815301076,1909f56bfc062723c751e8b465ee728b) (PreviewImporter) -> (artifact id: '0ad8d3b3901f0ba024ec9e52440a5538') in 0.0145695 seconds
Number of updated asset objects reloaded before import = 0Number of asset objects unloaded after import = 2

========================================================================
Received Import Request.
  Time since last request: 0.000020 seconds.
  path: Assets/AllIn1VfxToolkit/Demo & Assets/Textures/Noise/Noise112.png
  artifactKey: Guid(f7f1df61b90615744860aaf37c83fb9c) Importer(815301076,1909f56bfc062723c751e8b465ee728b)
Start importing Assets/AllIn1VfxToolkit/Demo & Assets/Textures/Noise/Noise112.png using Guid(f7f1df61b90615744860aaf37c83fb9c) Importer(815301076,1909f56bfc062723c751e8b465ee728b) (PreviewImporter) -> (artifact id: 'b6f142f62cb4ecf9bba736aca6e74e3e') in 0.0200317 seconds
Number of updated asset objects reloaded before import = 0Number of asset objects unloaded after import = 2

========================================================================
Received Import Request.
  Time since last request: 0.000029 seconds.
  path: Assets/AllIn1VfxToolkit/Demo & Assets/Textures/Noise/Noise93.png
  artifactKey: Guid(d292c9c372b64c345b3d541abc00ec02) Importer(815301076,1909f56bfc062723c751e8b465ee728b)
Start importing Assets/AllIn1VfxToolkit/Demo & Assets/Textures/Noise/Noise93.png using Guid(d292c9c372b64c345b3d541abc00ec02) Importer(815301076,1909f56bfc062723c751e8b465ee728b) (PreviewImporter) -> (artifact id: 'c0b5bcd7e3451cae799049be5a332290') in 0.0154855 seconds
Number of updated asset objects reloaded before import = 0Number of asset objects unloaded after import = 2

========================================================================
Received Import Request.
  Time since last request: 0.000024 seconds.
  path: Assets/AllIn1VfxToolkit/Demo & Assets/Textures/Noise/Noise80.png
  artifactKey: Guid(52fa8f2ecebbb0c4cbab44c282becd65) Importer(815301076,1909f56bfc062723c751e8b465ee728b)
Start importing Assets/AllIn1VfxToolkit/Demo & Assets/Textures/Noise/Noise80.png using Guid(52fa8f2ecebbb0c4cbab44c282becd65) Importer(815301076,1909f56bfc062723c751e8b465ee728b) (PreviewImporter) -> (artifact id: 'ef6a9bdca2b6650ddbf73011ab2edf96') in 0.0194556 seconds
Number of updated asset objects reloaded before import = 0Number of asset objects unloaded after import = 2

========================================================================
Received Import Request.
  Time since last request: 0.000034 seconds.
  path: Assets/FunkyCode/Demos - SmartLighting2D/Demos - Materials/2 - Bump Material/Normal_map_example_-_Map.png
  artifactKey: Guid(c2655a3081756eb41b07c24acb5a4543) Importer(815301076,1909f56bfc062723c751e8b465ee728b)
Start importing Assets/FunkyCode/Demos - SmartLighting2D/Demos - Materials/2 - Bump Material/Normal_map_example_-_Map.png using Guid(c2655a3081756eb41b07c24acb5a4543) Importer(815301076,1909f56bfc062723c751e8b465ee728b) (PreviewImporter) -> (artifact id: '2e448884f52c4784d6526e2de9900ce8') in 0.0163649 seconds
Number of updated asset objects reloaded before import = 0Number of asset objects unloaded after import = 2

========================================================================
Received Import Request.
  Time since last request: 0.000026 seconds.
  path: Assets/AllIn1VfxToolkit/Demo & Assets/Textures/Noise/Noise82.png
  artifactKey: Guid(ea23606114826cb4eba803d5fdbb12ca) Importer(815301076,1909f56bfc062723c751e8b465ee728b)
Start importing Assets/AllIn1VfxToolkit/Demo & Assets/Textures/Noise/Noise82.png using Guid(ea23606114826cb4eba803d5fdbb12ca) Importer(815301076,1909f56bfc062723c751e8b465ee728b) (PreviewImporter) -> (artifact id: '84e2676d0d530fced28eb581e35ffc73') in 0.0137695 seconds
Number of updated asset objects reloaded before import = 0Number of asset objects unloaded after import = 2

========================================================================
Received Import Request.
  Time since last request: 0.000023 seconds.
  path: Assets/AllIn1VfxToolkit/Demo & Assets/Textures/Noise/Noise117.png
  artifactKey: Guid(8422db16cb8291b47905809b02ee18d2) Importer(815301076,1909f56bfc062723c751e8b465ee728b)
Start importing Assets/AllIn1VfxToolkit/Demo & Assets/Textures/Noise/Noise117.png using Guid(8422db16cb8291b47905809b02ee18d2) Importer(815301076,1909f56bfc062723c751e8b465ee728b) (PreviewImporter) -> (artifact id: '088922efd823b645cdde05c0abb0bad8') in 0.0229013 seconds
Number of updated asset objects reloaded before import = 0Number of asset objects unloaded after import = 2

========================================================================
Received Import Request.
  Time since last request: 0.000027 seconds.
  path: Assets/AllIn1VfxToolkit/Demo & Assets/Textures/Noise/Noise101.png
  artifactKey: Guid(f03af26f3be66fc449857ecfc22b254b) Importer(815301076,1909f56bfc062723c751e8b465ee728b)
Start importing Assets/AllIn1VfxToolkit/Demo & Assets/Textures/Noise/Noise101.png using Guid(f03af26f3be66fc449857ecfc22b254b) Importer(815301076,1909f56bfc062723c751e8b465ee728b) (PreviewImporter) -> (artifact id: 'c89c5e0be29d962a2ce3bbe35b94567c') in 0.0144315 seconds
Number of updated asset objects reloaded before import = 0Number of asset objects unloaded after import = 2

========================================================================
Received Import Request.
  Time since last request: 0.000030 seconds.
  path: Assets/AllIn1VfxToolkit/Demo & Assets/Textures/Trails/MagicTrail1.png
  artifactKey: Guid(9f83f48cc77a66545b8d550d477a58e1) Importer(815301076,1909f56bfc062723c751e8b465ee728b)
Start importing Assets/AllIn1VfxToolkit/Demo & Assets/Textures/Trails/MagicTrail1.png using Guid(9f83f48cc77a66545b8d550d477a58e1) Importer(815301076,1909f56bfc062723c751e8b465ee728b) (PreviewImporter) -> (artifact id: '6d7bd752e741c437361019c00612e43c') in 0.0146668 seconds
Number of updated asset objects reloaded before import = 0Number of asset objects unloaded after import = 2

========================================================================
Received Import Request.
  Time since last request: 0.000025 seconds.
  path: Assets/AllIn1VfxToolkit/Demo & Assets/Textures/Trails/MagicTrail12.png
  artifactKey: Guid(16c4e42a09d94484bb85bf5544664fb2) Importer(815301076,1909f56bfc062723c751e8b465ee728b)
Start importing Assets/AllIn1VfxToolkit/Demo & Assets/Textures/Trails/MagicTrail12.png using Guid(16c4e42a09d94484bb85bf5544664fb2) Importer(815301076,1909f56bfc062723c751e8b465ee728b) (PreviewImporter) -> (artifact id: '479ab18c8b2632865c71e218088b6c8d') in 0.0128172 seconds
Number of updated asset objects reloaded before import = 0Number of asset objects unloaded after import = 2

========================================================================
Received Import Request.
  Time since last request: 0.029801 seconds.
  path: Assets/AllIn1VfxToolkit/Demo & Assets/Textures/Trails/Line1.png
  artifactKey: Guid(c56e7eb910d562549b80d7504baef725) Importer(815301076,1909f56bfc062723c751e8b465ee728b)
Start importing Assets/AllIn1VfxToolkit/Demo & Assets/Textures/Trails/Line1.png using Guid(c56e7eb910d562549b80d7504baef725) Importer(815301076,1909f56bfc062723c751e8b465ee728b) (PreviewImporter) -> (artifact id: '1c0c17c6a8c140df3c88b4a518a85fa6') in 0.0118245 seconds
Number of updated asset objects reloaded before import = 0Number of asset objects unloaded after import = 2

========================================================================
Received Import Request.
  Time since last request: 0.000022 seconds.
  path: Assets/AllIn1VfxToolkit/Demo & Assets/Textures/Trails/Line5.png
  artifactKey: Guid(8875fb169d58c914a90bb9dbcc2d4bd1) Importer(815301076,1909f56bfc062723c751e8b465ee728b)
Start importing Assets/AllIn1VfxToolkit/Demo & Assets/Textures/Trails/Line5.png using Guid(8875fb169d58c914a90bb9dbcc2d4bd1) Importer(815301076,1909f56bfc062723c751e8b465ee728b) (PreviewImporter) -> (artifact id: '00fd28789de66db5b01bb68d47ca08df') in 0.0162186 seconds
Number of updated asset objects reloaded before import = 0Number of asset objects unloaded after import = 2

========================================================================
Received Import Request.
  Time since last request: 0.000022 seconds.
  path: Assets/AllIn1VfxToolkit/Demo & Assets/Textures/Trails/Line2.png
  artifactKey: Guid(7c51f39dcc627a24c9e0c13a0432ed7c) Importer(815301076,1909f56bfc062723c751e8b465ee728b)
Start importing Assets/AllIn1VfxToolkit/Demo & Assets/Textures/Trails/Line2.png using Guid(7c51f39dcc627a24c9e0c13a0432ed7c) Importer(815301076,1909f56bfc062723c751e8b465ee728b) (PreviewImporter) -> (artifact id: 'cf5bcb21552d9bcc48673aefc43d922e') in 0.0125807 seconds
Number of updated asset objects reloaded before import = 0Number of asset objects unloaded after import = 2

========================================================================
Received Import Request.
  Time since last request: 0.000024 seconds.
  path: Assets/AllIn1VfxToolkit/Demo & Assets/Textures/Trails/Line4.png
  artifactKey: Guid(d060f78905ffda448915ec2537ce6275) Importer(815301076,1909f56bfc062723c751e8b465ee728b)
Start importing Assets/AllIn1VfxToolkit/Demo & Assets/Textures/Trails/Line4.png using Guid(d060f78905ffda448915ec2537ce6275) Importer(815301076,1909f56bfc062723c751e8b465ee728b) (PreviewImporter) -> (artifact id: '68d07a8a99e08f198d3f292662249ba7') in 0.0097761 seconds
Number of updated asset objects reloaded before import = 0Number of asset objects unloaded after import = 2

========================================================================
Received Import Request.
  Time since last request: 0.000022 seconds.
  path: Assets/FunkyCode/SmartUtilities2D/Resources/Textures/LineTexture.png
  artifactKey: Guid(391cf6494846b754d976e2f562d9cb79) Importer(815301076,1909f56bfc062723c751e8b465ee728b)
Start importing Assets/FunkyCode/SmartUtilities2D/Resources/Textures/LineTexture.png using Guid(391cf6494846b754d976e2f562d9cb79) Importer(815301076,1909f56bfc062723c751e8b465ee728b) (PreviewImporter) -> (artifact id: '0896c1decb3c296676104ce755511cf7') in 0.0193074 seconds
Number of updated asset objects reloaded before import = 0Number of asset objects unloaded after import = 2

========================================================================
Received Import Request.
  Time since last request: 0.000029 seconds.
  path: Assets/AllIn1VfxToolkit/Demo & Assets/Textures/Trails/Line3.png
  artifactKey: Guid(a42c574752ab1e24297ea11e7279b9bb) Importer(815301076,1909f56bfc062723c751e8b465ee728b)
Start importing Assets/AllIn1VfxToolkit/Demo & Assets/Textures/Trails/Line3.png using Guid(a42c574752ab1e24297ea11e7279b9bb) Importer(815301076,1909f56bfc062723c751e8b465ee728b) (PreviewImporter) -> (artifact id: 'c0982a490306b691a19ec4f51b326f8a') in 0.0169651 seconds
Number of updated asset objects reloaded before import = 0Number of asset objects unloaded after import = 2

========================================================================
Received Import Request.
  Time since last request: 0.000036 seconds.
  path: Assets/FunkyCode/SmartUtilities2D/Resources/Textures/LineTexture64.png
  artifactKey: Guid(f0beb28730ca30849927a52b0e08edf5) Importer(815301076,1909f56bfc062723c751e8b465ee728b)
Start importing Assets/FunkyCode/SmartUtilities2D/Resources/Textures/LineTexture64.png using Guid(f0beb28730ca30849927a52b0e08edf5) Importer(815301076,1909f56bfc062723c751e8b465ee728b) (PreviewImporter) -> (artifact id: 'c212d3750c2fa3e3a3b8ae7b0c2a465e') in 0.0106995 seconds
Number of updated asset objects reloaded before import = 0Number of asset objects unloaded after import = 2

========================================================================
Received Import Request.
  Time since last request: 0.000024 seconds.
  path: Assets/FunkyCode/SmartUtilities2D/Resources/Textures/LineTexture32.png
  artifactKey: Guid(53ff431a1e7f84d428cdd72fecb46243) Importer(815301076,1909f56bfc062723c751e8b465ee728b)
Start importing Assets/FunkyCode/SmartUtilities2D/Resources/Textures/LineTexture32.png using Guid(53ff431a1e7f84d428cdd72fecb46243) Importer(815301076,1909f56bfc062723c751e8b465ee728b) (PreviewImporter) -> (artifact id: '210099b925ad651743b191abec11eb73') in 0.0187975 seconds
Number of updated asset objects reloaded before import = 0Number of asset objects unloaded after import = 2

========================================================================
Received Import Request.
  Time since last request: 0.000023 seconds.
  path: Assets/FunkyCode/SmartUtilities2D/Resources/Textures/LineTexture8.png
  artifactKey: Guid(1b17c08874f2d534983caa1c552bc9bc) Importer(815301076,1909f56bfc062723c751e8b465ee728b)
Start importing Assets/FunkyCode/SmartUtilities2D/Resources/Textures/LineTexture8.png using Guid(1b17c08874f2d534983caa1c552bc9bc) Importer(815301076,1909f56bfc062723c751e8b465ee728b) (PreviewImporter) -> (artifact id: '28a826cb90fe0fc246ae13480d505548') in 0.0121091 seconds
Number of updated asset objects reloaded before import = 0Number of asset objects unloaded after import = 2

========================================================================
Received Import Request.
  Time since last request: 0.000027 seconds.
  path: Assets/FunkyCode/SmartUtilities2D/Resources/Textures/LineTexture16.png
  artifactKey: Guid(ae15cd89540a566449931d60531e6d97) Importer(815301076,1909f56bfc062723c751e8b465ee728b)
Start importing Assets/FunkyCode/SmartUtilities2D/Resources/Textures/LineTexture16.png using Guid(ae15cd89540a566449931d60531e6d97) Importer(815301076,1909f56bfc062723c751e8b465ee728b) (PreviewImporter) -> (artifact id: '78518817554aa1855035f5568d8f0c21') in 0.0212094 seconds
Number of updated asset objects reloaded before import = 0Number of asset objects unloaded after import = 2

========================================================================
Received Import Request.
  Time since last request: 0.084064 seconds.
  path: Assets/AllIn1VfxToolkit/Demo & Assets/Textures/Shapes/LightingErode1.png
  artifactKey: Guid(d1e07f8373ac4734e854e33d42a0d24a) Importer(815301076,1909f56bfc062723c751e8b465ee728b)
Start importing Assets/AllIn1VfxToolkit/Demo & Assets/Textures/Shapes/LightingErode1.png using Guid(d1e07f8373ac4734e854e33d42a0d24a) Importer(815301076,1909f56bfc062723c751e8b465ee728b) (PreviewImporter) -> (artifact id: '243f1df82760bfe14e5eb7b7528bed7a') in 0.0176133 seconds
Number of updated asset objects reloaded before import = 0Number of asset objects unloaded after import = 2

========================================================================
Received Import Request.
  Time since last request: 0.000023 seconds.
  path: Assets/AllIn1VfxToolkit/Demo & Assets/Textures/Shapes/LightingErode2.png
  artifactKey: Guid(3b6183e166fb41c4e8bb4b69d0926110) Importer(815301076,1909f56bfc062723c751e8b465ee728b)
Start importing Assets/AllIn1VfxToolkit/Demo & Assets/Textures/Shapes/LightingErode2.png using Guid(3b6183e166fb41c4e8bb4b69d0926110) Importer(815301076,1909f56bfc062723c751e8b465ee728b) (PreviewImporter) -> (artifact id: '0ddbb9444a74de51927d81343fe9ebbb') in 0.0144987 seconds
Number of updated asset objects reloaded before import = 0Number of asset objects unloaded after import = 2

========================================================================
Received Import Request.
  Time since last request: 0.000024 seconds.
  path: Assets/Plugins/FMOD/images/LevelMeterOff.png
  artifactKey: Guid(48dc5470d93f669419f294fcd33f7b7c) Importer(815301076,1909f56bfc062723c751e8b465ee728b)
Start importing Assets/Plugins/FMOD/images/LevelMeterOff.png using Guid(48dc5470d93f669419f294fcd33f7b7c) Importer(815301076,1909f56bfc062723c751e8b465ee728b) (PreviewImporter) -> (artifact id: '70d165ec6b642ff1ba45c01621ac092d') in 0.0123348 seconds
Number of updated asset objects reloaded before import = 0Number of asset objects unloaded after import = 2

========================================================================
Received Import Request.
  Time since last request: 0.000021 seconds.
  path: Assets/AllIn1VfxToolkit/Demo & Assets/Textures/Shapes/LightRays.png
  artifactKey: Guid(a4d9fa82b11d4994abe44f51f46a5b92) Importer(815301076,1909f56bfc062723c751e8b465ee728b)
Start importing Assets/AllIn1VfxToolkit/Demo & Assets/Textures/Shapes/LightRays.png using Guid(a4d9fa82b11d4994abe44f51f46a5b92) Importer(815301076,1909f56bfc062723c751e8b465ee728b) (PreviewImporter) -> (artifact id: '31e5ece29e914b21ae61ce2a7a6fb315') in 0.018008 seconds
Number of updated asset objects reloaded before import = 0Number of asset objects unloaded after import = 2

========================================================================
Received Import Request.
  Time since last request: 0.000023 seconds.
  path: Assets/Plugins/FMOD/images/LevelMeter.png
  artifactKey: Guid(21e7a3d41a926364a8b9a6704ebe80d8) Importer(815301076,1909f56bfc062723c751e8b465ee728b)
Start importing Assets/Plugins/FMOD/images/LevelMeter.png using Guid(21e7a3d41a926364a8b9a6704ebe80d8) Importer(815301076,1909f56bfc062723c751e8b465ee728b) (PreviewImporter) -> (artifact id: '5f22650430e64ade665c20604d5d92dc') in 0.0175948 seconds
Number of updated asset objects reloaded before import = 0Number of asset objects unloaded after import = 2

========================================================================
Received Import Request.
  Time since last request: 0.000024 seconds.
  path: Assets/AllIn1VfxToolkit/Demo & Assets/Textures/Shapes/LightingShape.png
  artifactKey: Guid(4f55a76a686616544a3e0b01ae23142a) Importer(815301076,1909f56bfc062723c751e8b465ee728b)
Start importing Assets/AllIn1VfxToolkit/Demo & Assets/Textures/Shapes/LightingShape.png using Guid(4f55a76a686616544a3e0b01ae23142a) Importer(815301076,1909f56bfc062723c751e8b465ee728b) (PreviewImporter) -> (artifact id: 'ecebfe752e1baccce4da737f51d85994') in 0.0210719 seconds
Number of updated asset objects reloaded before import = 0Number of asset objects unloaded after import = 2

========================================================================
Received Import Request.
  Time since last request: 1.650020 seconds.
  path: Assets/AllIn1VfxToolkit/Demo & Assets/Textures/Shapes/Leaf2.png
  artifactKey: Guid(fe099f14502649d479104952533e715a) Importer(815301076,1909f56bfc062723c751e8b465ee728b)
Start importing Assets/AllIn1VfxToolkit/Demo & Assets/Textures/Shapes/Leaf2.png using Guid(fe099f14502649d479104952533e715a) Importer(815301076,1909f56bfc062723c751e8b465ee728b) (PreviewImporter) -> (artifact id: '36a666e8ceae087b9b5ab098a327730b') in 0.0149559 seconds
Number of updated asset objects reloaded before import = 0Number of asset objects unloaded after import = 2

========================================================================
Received Import Request.
  Time since last request: 0.000021 seconds.
  path: Assets/AllIn1VfxToolkit/Demo & Assets/Textures/Shapes/Leaf3.png
  artifactKey: Guid(29690e1216e7ddc439e5bee59461a0b6) Importer(815301076,1909f56bfc062723c751e8b465ee728b)
Start importing Assets/AllIn1VfxToolkit/Demo & Assets/Textures/Shapes/Leaf3.png using Guid(29690e1216e7ddc439e5bee59461a0b6) Importer(815301076,1909f56bfc062723c751e8b465ee728b) (PreviewImporter) -> (artifact id: 'd6c27f6cd6146cc2ca0559e8915136de') in 0.0150397 seconds
Number of updated asset objects reloaded before import = 0Number of asset objects unloaded after import = 2

========================================================================
Received Import Request.
  Time since last request: 0.434652 seconds.
  path: Assets/Plugins/FMOD/images/LabeledParameterIcon.png
  artifactKey: Guid(b4d696e5c0be6f44bb2f02aa41320656) Importer(815301076,1909f56bfc062723c751e8b465ee728b)
Start importing Assets/Plugins/FMOD/images/LabeledParameterIcon.png using Guid(b4d696e5c0be6f44bb2f02aa41320656) Importer(815301076,1909f56bfc062723c751e8b465ee728b) (PreviewImporter) -> (artifact id: '7962b2775eb354ebca9f90019a18249b') in 0.00944 seconds
Number of updated asset objects reloaded before import = 0Number of asset objects unloaded after import = 2

========================================================================
Received Import Request.
  Time since last request: 0.000031 seconds.
  path: Assets/FunkyCode/Demos - SmartLighting2D/Demos - Intermediate/5 - Race/Resources/Sprites/lam_post-02 _NORMAL MAP.png
  artifactKey: Guid(efd0cd376760bea44b0009c503839e69) Importer(815301076,1909f56bfc062723c751e8b465ee728b)
Start importing Assets/FunkyCode/Demos - SmartLighting2D/Demos - Intermediate/5 - Race/Resources/Sprites/lam_post-02 _NORMAL MAP.png using Guid(efd0cd376760bea44b0009c503839e69) Importer(815301076,1909f56bfc062723c751e8b465ee728b) (PreviewImporter) -> (artifact id: '1bac0142fb67d538d63f46dbd3b3f1a1') in 0.0183273 seconds
Number of updated asset objects reloaded before import = 0Number of asset objects unloaded after import = 2

========================================================================
Received Import Request.
  Time since last request: 0.000024 seconds.
  path: Assets/FunkyCode/Demos - SmartLighting2D/Demos - Intermediate/5 - Race/Resources/Sprites/lam_post-02 _.png
  artifactKey: Guid(775c58d8f9d612b4e8342bab9c65e0f8) Importer(815301076,1909f56bfc062723c751e8b465ee728b)
Start importing Assets/FunkyCode/Demos - SmartLighting2D/Demos - Intermediate/5 - Race/Resources/Sprites/lam_post-02 _.png using Guid(775c58d8f9d612b4e8342bab9c65e0f8) Importer(815301076,1909f56bfc062723c751e8b465ee728b) (PreviewImporter) -> (artifact id: '96f7500928e03cc63997f1124df58fc1') in 0.021054 seconds
Number of updated asset objects reloaded before import = 0Number of asset objects unloaded after import = 2

========================================================================
Received Import Request.
  Time since last request: 0.660746 seconds.
  path: Assets/AllIn1VfxToolkit/Demo & Assets/Textures/Others/InvokeArea.png
  artifactKey: Guid(d69121127d57eb24bab424995d917713) Importer(815301076,1909f56bfc062723c751e8b465ee728b)
Start importing Assets/AllIn1VfxToolkit/Demo & Assets/Textures/Others/InvokeArea.png using Guid(d69121127d57eb24bab424995d917713) Importer(815301076,1909f56bfc062723c751e8b465ee728b) (PreviewImporter) -> (artifact id: 'c145a8c9868f7120f47172f221edb559') in 0.0142012 seconds
Number of updated asset objects reloaded before import = 0Number of asset objects unloaded after import = 2

========================================================================
Received Import Request.
  Time since last request: 0.000024 seconds.
  path: Assets/AllIn1VfxToolkit/Demo & Assets/Textures/Others/InvokeArea2.png
  artifactKey: Guid(9855de9be14da6a44bdaa08fe1be9e87) Importer(815301076,1909f56bfc062723c751e8b465ee728b)
Start importing Assets/AllIn1VfxToolkit/Demo & Assets/Textures/Others/InvokeArea2.png using Guid(9855de9be14da6a44bdaa08fe1be9e87) Importer(815301076,1909f56bfc062723c751e8b465ee728b) (PreviewImporter) -> (artifact id: '23b34791d92bf3609d484f5c6ab07269') in 0.0100957 seconds
Number of updated asset objects reloaded before import = 0Number of asset objects unloaded after import = 2

========================================================================
Received Import Request.
  Time since last request: 0.000026 seconds.
  path: Assets/AllIn1VfxToolkit/Demo & Assets/Textures/Others/InvokeArea6.png
  artifactKey: Guid(7e3ce63c6aa2f0b48a0fa7df0dbc897a) Importer(815301076,1909f56bfc062723c751e8b465ee728b)
Start importing Assets/AllIn1VfxToolkit/Demo & Assets/Textures/Others/InvokeArea6.png using Guid(7e3ce63c6aa2f0b48a0fa7df0dbc897a) Importer(815301076,1909f56bfc062723c751e8b465ee728b) (PreviewImporter) -> (artifact id: 'ad12db34f0c6db2037b8b1443c3331a2') in 0.0139317 seconds
Number of updated asset objects reloaded before import = 0Number of asset objects unloaded after import = 2

========================================================================
Received Import Request.
  Time since last request: 0.000023 seconds.
  path: Assets/AllIn1VfxToolkit/Demo & Assets/Textures/Others/InvokeArea4.png
  artifactKey: Guid(ec6ab804947fc4c42a73ba831f69cac8) Importer(815301076,1909f56bfc062723c751e8b465ee728b)
Start importing Assets/AllIn1VfxToolkit/Demo & Assets/Textures/Others/InvokeArea4.png using Guid(ec6ab804947fc4c42a73ba831f69cac8) Importer(815301076,1909f56bfc062723c751e8b465ee728b) (PreviewImporter) -> (artifact id: 'c8c97171afa04ab96d83920df215a5e3') in 0.0121598 seconds
Number of updated asset objects reloaded before import = 0Number of asset objects unloaded after import = 2

========================================================================
Received Import Request.
  Time since last request: 0.000022 seconds.
  path: Assets/AllIn1VfxToolkit/Demo & Assets/Textures/Others/InvokeArea3.png
  artifactKey: Guid(7f4f389520550e248bb21a0b18e415b3) Importer(815301076,1909f56bfc062723c751e8b465ee728b)
Start importing Assets/AllIn1VfxToolkit/Demo & Assets/Textures/Others/InvokeArea3.png using Guid(7f4f389520550e248bb21a0b18e415b3) Importer(815301076,1909f56bfc062723c751e8b465ee728b) (PreviewImporter) -> (artifact id: 'e0fb53a7ec7fb7658ab259ff03c02edd') in 0.0130073 seconds
Number of updated asset objects reloaded before import = 0Number of asset objects unloaded after import = 2

========================================================================
Received Import Request.
  Time since last request: 0.000022 seconds.
  path: Assets/AllIn1VfxToolkit/Demo & Assets/Textures/Others/InvokeArea7.png
  artifactKey: Guid(fd9e49a331fc06141bf5edc35f22b233) Importer(815301076,1909f56bfc062723c751e8b465ee728b)
Start importing Assets/AllIn1VfxToolkit/Demo & Assets/Textures/Others/InvokeArea7.png using Guid(fd9e49a331fc06141bf5edc35f22b233) Importer(815301076,1909f56bfc062723c751e8b465ee728b) (PreviewImporter) -> (artifact id: '50905c186a81071e61660478b69de68f') in 0.0113156 seconds
Number of updated asset objects reloaded before import = 0Number of asset objects unloaded after import = 2

========================================================================
Received Import Request.
  Time since last request: 0.000048 seconds.
  path: Assets/AllIn1VfxToolkit/Demo & Assets/Textures/Others/InvokeArea5.png
  artifactKey: Guid(692051ada9b56be4dac052da5b9dbec2) Importer(815301076,1909f56bfc062723c751e8b465ee728b)
Start importing Assets/AllIn1VfxToolkit/Demo & Assets/Textures/Others/InvokeArea5.png using Guid(692051ada9b56be4dac052da5b9dbec2) Importer(815301076,1909f56bfc062723c751e8b465ee728b) (PreviewImporter) -> (artifact id: '877f2b0ac1d752bc1d1f86d7d8716547') in 0.0096499 seconds
Number of updated asset objects reloaded before import = 0Number of asset objects unloaded after import = 2

========================================================================
Received Import Request.
  Time since last request: 0.298177 seconds.
  path: Assets/AllIn1VfxToolkit/Demo & Assets/Textures/Shapes/Impact41.png
  artifactKey: Guid(e929816cca1eff34eaf37213548a8e16) Importer(815301076,1909f56bfc062723c751e8b465ee728b)
Start importing Assets/AllIn1VfxToolkit/Demo & Assets/Textures/Shapes/Impact41.png using Guid(e929816cca1eff34eaf37213548a8e16) Importer(815301076,1909f56bfc062723c751e8b465ee728b) (PreviewImporter) -> (artifact id: '76cd8ef051f3d6efe88ae309643206df') in 0.0113183 seconds
Number of updated asset objects reloaded before import = 0Number of asset objects unloaded after import = 2

========================================================================
Received Import Request.
  Time since last request: 0.000023 seconds.
  path: Assets/AllIn1VfxToolkit/Demo & Assets/Textures/Shapes/ImpactToon2.png
  artifactKey: Guid(27ec5756e07c376458ebda7e8d754411) Importer(815301076,1909f56bfc062723c751e8b465ee728b)
Start importing Assets/AllIn1VfxToolkit/Demo & Assets/Textures/Shapes/ImpactToon2.png using Guid(27ec5756e07c376458ebda7e8d754411) Importer(815301076,1909f56bfc062723c751e8b465ee728b) (PreviewImporter) -> (artifact id: 'd6c3517ebd49146c7aa62f63947e2182') in 0.0089252 seconds
Number of updated asset objects reloaded before import = 0Number of asset objects unloaded after import = 2

========================================================================
Received Import Request.
  Time since last request: 0.000023 seconds.
  path: Assets/AllIn1VfxToolkit/Demo & Assets/Textures/Shapes/ImpactToon7.png
  artifactKey: Guid(18302667eef804d4d8943c8307be2ef7) Importer(815301076,1909f56bfc062723c751e8b465ee728b)
Start importing Assets/AllIn1VfxToolkit/Demo & Assets/Textures/Shapes/ImpactToon7.png using Guid(18302667eef804d4d8943c8307be2ef7) Importer(815301076,1909f56bfc062723c751e8b465ee728b) (PreviewImporter) -> (artifact id: '9b62a7958fdd2f527481e2a07adbcfc6') in 0.0138676 seconds
Number of updated asset objects reloaded before import = 0Number of asset objects unloaded after import = 2

========================================================================
Received Import Request.
  Time since last request: 0.000024 seconds.
  path: Assets/AllIn1VfxToolkit/Demo & Assets/Textures/Shapes/ImpactToon6.png
  artifactKey: Guid(53efe4b4eb143f14b9f9e69c6eb100ee) Importer(815301076,1909f56bfc062723c751e8b465ee728b)
Start importing Assets/AllIn1VfxToolkit/Demo & Assets/Textures/Shapes/ImpactToon6.png using Guid(53efe4b4eb143f14b9f9e69c6eb100ee) Importer(815301076,1909f56bfc062723c751e8b465ee728b) (PreviewImporter) -> (artifact id: '29f5d74e9b523947667152b2c8ebf3e8') in 0.0158275 seconds
Number of updated asset objects reloaded before import = 0Number of asset objects unloaded after import = 2

========================================================================
Received Import Request.
  Time since last request: 0.000030 seconds.
  path: Assets/AllIn1VfxToolkit/Demo & Assets/Textures/Shapes/ImpactToon4.png
  artifactKey: Guid(b74ab76ce1f65944e9f4a090ac2ed81a) Importer(815301076,1909f56bfc062723c751e8b465ee728b)
Start importing Assets/AllIn1VfxToolkit/Demo & Assets/Textures/Shapes/ImpactToon4.png using Guid(b74ab76ce1f65944e9f4a090ac2ed81a) Importer(815301076,1909f56bfc062723c751e8b465ee728b) (PreviewImporter) -> (artifact id: '0726edb9f945084651aeb6a03f4bc101') in 0.0179502 seconds
Number of updated asset objects reloaded before import = 0Number of asset objects unloaded after import = 2

========================================================================
Received Import Request.
  Time since last request: 0.000033 seconds.
  path: Assets/AllIn1VfxToolkit/Demo & Assets/Textures/Shapes/ImpactToon3.png
  artifactKey: Guid(50c8850afcc67fa409e66dfad7f90718) Importer(815301076,1909f56bfc062723c751e8b465ee728b)
Start importing Assets/AllIn1VfxToolkit/Demo & Assets/Textures/Shapes/ImpactToon3.png using Guid(50c8850afcc67fa409e66dfad7f90718) Importer(815301076,1909f56bfc062723c751e8b465ee728b) (PreviewImporter) -> (artifact id: 'fc117c7e014640652d937d1bc6e771a0') in 0.0146626 seconds
Number of updated asset objects reloaded before import = 0Number of asset objects unloaded after import = 2

========================================================================
Received Import Request.
  Time since last request: 0.000023 seconds.
  path: Assets/AllIn1VfxToolkit/Demo & Assets/Textures/Shapes/ImpactToon.png
  artifactKey: Guid(cf6373a2988658e40a67eaeaf088a525) Importer(815301076,1909f56bfc062723c751e8b465ee728b)
Start importing Assets/AllIn1VfxToolkit/Demo & Assets/Textures/Shapes/ImpactToon.png using Guid(cf6373a2988658e40a67eaeaf088a525) Importer(815301076,1909f56bfc062723c751e8b465ee728b) (PreviewImporter) -> (artifact id: 'cdd8c2a976c1ea08a343d62a32424be2') in 0.0125074 seconds
Number of updated asset objects reloaded before import = 0Number of asset objects unloaded after import = 2

========================================================================
Received Import Request.
  Time since last request: 0.000027 seconds.
  path: Assets/AllIn1VfxToolkit/Demo & Assets/Textures/Shapes/ImpactToon5.png
  artifactKey: Guid(1ad0d2153605948479a2279848fbaf45) Importer(815301076,1909f56bfc062723c751e8b465ee728b)
Start importing Assets/AllIn1VfxToolkit/Demo & Assets/Textures/Shapes/ImpactToon5.png using Guid(1ad0d2153605948479a2279848fbaf45) Importer(815301076,1909f56bfc062723c751e8b465ee728b) (PreviewImporter) -> (artifact id: 'c984a7969c67672ed882c7a06f71a1bb') in 0.0149726 seconds
Number of updated asset objects reloaded before import = 0Number of asset objects unloaded after import = 2

========================================================================
Received Import Request.
  Time since last request: 0.000022 seconds.
  path: Assets/AllIn1VfxToolkit/Demo & Assets/Textures/Shapes/Impact42.png
  artifactKey: Guid(6ea05ce1aaeef1e498436471d78fd3eb) Importer(815301076,1909f56bfc062723c751e8b465ee728b)
Start importing Assets/AllIn1VfxToolkit/Demo & Assets/Textures/Shapes/Impact42.png using Guid(6ea05ce1aaeef1e498436471d78fd3eb) Importer(815301076,1909f56bfc062723c751e8b465ee728b) (PreviewImporter) -> (artifact id: '589e52fc02fd17ae18dea037685d6992') in 0.0187605 seconds
Number of updated asset objects reloaded before import = 0Number of asset objects unloaded after import = 2

========================================================================
Received Import Request.
  Time since last request: 0.065133 seconds.
  path: Assets/AllIn1VfxToolkit/Demo & Assets/Textures/Shapes/Impact28.png
  artifactKey: Guid(b5bb6eeca21b2a3489f0380ae7293c57) Importer(815301076,1909f56bfc062723c751e8b465ee728b)
Start importing Assets/AllIn1VfxToolkit/Demo & Assets/Textures/Shapes/Impact28.png using Guid(b5bb6eeca21b2a3489f0380ae7293c57) Importer(815301076,1909f56bfc062723c751e8b465ee728b) (PreviewImporter) -> (artifact id: '286e607050a90a3995466b11445cf536') in 0.0106832 seconds
Number of updated asset objects reloaded before import = 0Number of asset objects unloaded after import = 2

========================================================================
Received Import Request.
  Time since last request: 0.000024 seconds.
  path: Assets/AllIn1VfxToolkit/Demo & Assets/Textures/Shapes/Impact29.png
  artifactKey: Guid(0b7555fb4ec3a834fb0ba9f5547c0372) Importer(815301076,1909f56bfc062723c751e8b465ee728b)
Start importing Assets/AllIn1VfxToolkit/Demo & Assets/Textures/Shapes/Impact29.png using Guid(0b7555fb4ec3a834fb0ba9f5547c0372) Importer(815301076,1909f56bfc062723c751e8b465ee728b) (PreviewImporter) -> (artifact id: '00c8c07d77569ff336a0263f61efd3d0') in 0.0119427 seconds
Number of updated asset objects reloaded before import = 0Number of asset objects unloaded after import = 2

========================================================================
Received Import Request.
  Time since last request: 0.000024 seconds.
  path: Assets/AllIn1VfxToolkit/Demo & Assets/Textures/Shapes/Impact34.png
  artifactKey: Guid(68f0eb1583edeca459fda07aaf6c2cf6) Importer(815301076,1909f56bfc062723c751e8b465ee728b)
Start importing Assets/AllIn1VfxToolkit/Demo & Assets/Textures/Shapes/Impact34.png using Guid(68f0eb1583edeca459fda07aaf6c2cf6) Importer(815301076,1909f56bfc062723c751e8b465ee728b) (PreviewImporter) -> (artifact id: 'afa470f20f30c5e20e822a977e558a40') in 0.0126226 seconds
Number of updated asset objects reloaded before import = 0Number of asset objects unloaded after import = 2

========================================================================
Received Import Request.
  Time since last request: 0.000023 seconds.
  path: Assets/AllIn1VfxToolkit/Demo & Assets/Textures/Shapes/Impact35.png
  artifactKey: Guid(51d3af6c647539b4c921724bd69f9a4a) Importer(815301076,1909f56bfc062723c751e8b465ee728b)
Start importing Assets/AllIn1VfxToolkit/Demo & Assets/Textures/Shapes/Impact35.png using Guid(51d3af6c647539b4c921724bd69f9a4a) Importer(815301076,1909f56bfc062723c751e8b465ee728b) (PreviewImporter) -> (artifact id: '8c475ff0beee60dca2771155bfae21d4') in 0.013187 seconds
Number of updated asset objects reloaded before import = 0Number of asset objects unloaded after import = 2

========================================================================
Received Import Request.
  Time since last request: 0.000024 seconds.
  path: Assets/AllIn1VfxToolkit/Demo & Assets/Textures/Shapes/Impact38.png
  artifactKey: Guid(bc0cf3421a2d3f54bb4b88464b118d74) Importer(815301076,1909f56bfc062723c751e8b465ee728b)
Start importing Assets/AllIn1VfxToolkit/Demo & Assets/Textures/Shapes/Impact38.png using Guid(bc0cf3421a2d3f54bb4b88464b118d74) Importer(815301076,1909f56bfc062723c751e8b465ee728b) (PreviewImporter) -> (artifact id: 'c1948de73f0f491b5c9bf8e9c0a48d01') in 0.0215392 seconds
Number of updated asset objects reloaded before import = 0Number of asset objects unloaded after import = 2

========================================================================
Received Import Request.
  Time since last request: 0.000023 seconds.
  path: Assets/AllIn1VfxToolkit/Demo & Assets/Textures/Shapes/Impact31.png
  artifactKey: Guid(cab342556cfdf3e46aa374782799e418) Importer(815301076,1909f56bfc062723c751e8b465ee728b)
Start importing Assets/AllIn1VfxToolkit/Demo & Assets/Textures/Shapes/Impact31.png using Guid(cab342556cfdf3e46aa374782799e418) Importer(815301076,1909f56bfc062723c751e8b465ee728b) (PreviewImporter) -> (artifact id: 'e6eedc663288c9873130b1d33f578c6a') in 0.0143092 seconds
Number of updated asset objects reloaded before import = 0Number of asset objects unloaded after import = 2

========================================================================
Received Import Request.
  Time since last request: 0.000031 seconds.
  path: Assets/AllIn1VfxToolkit/Demo & Assets/Textures/Shapes/Impact40.png
  artifactKey: Guid(4249910aee071ca47a58bcd8148f2945) Importer(815301076,1909f56bfc062723c751e8b465ee728b)
Start importing Assets/AllIn1VfxToolkit/Demo & Assets/Textures/Shapes/Impact40.png using Guid(4249910aee071ca47a58bcd8148f2945) Importer(815301076,1909f56bfc062723c751e8b465ee728b) (PreviewImporter) -> (artifact id: 'a00461012e45715fae176e6cc102fc4c') in 0.0156766 seconds
Number of updated asset objects reloaded before import = 0Number of asset objects unloaded after import = 2

========================================================================
Received Import Request.
  Time since last request: 0.000021 seconds.
  path: Assets/AllIn1VfxToolkit/Demo & Assets/Textures/Shapes/Impact32.png
  artifactKey: Guid(8c9d6ae11a5a4464ea170e47dc28f819) Importer(815301076,1909f56bfc062723c751e8b465ee728b)
Start importing Assets/AllIn1VfxToolkit/Demo & Assets/Textures/Shapes/Impact32.png using Guid(8c9d6ae11a5a4464ea170e47dc28f819) Importer(815301076,1909f56bfc062723c751e8b465ee728b) (PreviewImporter) -> (artifact id: 'f8046ba3c100537da10fad428ec49208') in 0.0110746 seconds
Number of updated asset objects reloaded before import = 0Number of asset objects unloaded after import = 2

========================================================================
Received Import Request.
  Time since last request: 0.000024 seconds.
  path: Assets/AllIn1VfxToolkit/Demo & Assets/Textures/Shapes/Impact23.png
  artifactKey: Guid(725307fe7765ed840b6936e5570944ae) Importer(815301076,1909f56bfc062723c751e8b465ee728b)
Start importing Assets/AllIn1VfxToolkit/Demo & Assets/Textures/Shapes/Impact23.png using Guid(725307fe7765ed840b6936e5570944ae) Importer(815301076,1909f56bfc062723c751e8b465ee728b) (PreviewImporter) -> (artifact id: '1693baf640770adcc6ed122d1d7b1a0b') in 0.0123737 seconds
Number of updated asset objects reloaded before import = 0Number of asset objects unloaded after import = 2

========================================================================
Received Import Request.
  Time since last request: 0.000021 seconds.
  path: Assets/AllIn1VfxToolkit/Demo & Assets/Textures/Shapes/Impact22.png
  artifactKey: Guid(04d66c15605db95478211cd311f14373) Importer(815301076,1909f56bfc062723c751e8b465ee728b)
Start importing Assets/AllIn1VfxToolkit/Demo & Assets/Textures/Shapes/Impact22.png using Guid(04d66c15605db95478211cd311f14373) Importer(815301076,1909f56bfc062723c751e8b465ee728b) (PreviewImporter) -> (artifact id: '4167c6519a80a661577b4601d2174fa6') in 0.0193002 seconds
Number of updated asset objects reloaded before import = 0Number of asset objects unloaded after import = 2

========================================================================
Received Import Request.
  Time since last request: 0.000021 seconds.
  path: Assets/AllIn1VfxToolkit/Demo & Assets/Textures/Shapes/Impact33.png
  artifactKey: Guid(ae9bb9a2e1f02154d9cb7252493f534d) Importer(815301076,1909f56bfc062723c751e8b465ee728b)
Start importing Assets/AllIn1VfxToolkit/Demo & Assets/Textures/Shapes/Impact33.png using Guid(ae9bb9a2e1f02154d9cb7252493f534d) Importer(815301076,1909f56bfc062723c751e8b465ee728b) (PreviewImporter) -> (artifact id: 'd52bb8858da31b9ea44fedf74e3f2353') in 0.019698 seconds
Number of updated asset objects reloaded before import = 0Number of asset objects unloaded after import = 2

========================================================================
Received Import Request.
  Time since last request: 0.000021 seconds.
  path: Assets/AllIn1VfxToolkit/Demo & Assets/Textures/Shapes/Impact24.png
  artifactKey: Guid(63a326476ef71ac4d810fd5cb21036c3) Importer(815301076,1909f56bfc062723c751e8b465ee728b)
Start importing Assets/AllIn1VfxToolkit/Demo & Assets/Textures/Shapes/Impact24.png using Guid(63a326476ef71ac4d810fd5cb21036c3) Importer(815301076,1909f56bfc062723c751e8b465ee728b) (PreviewImporter) -> (artifact id: '0284c9bf9a4dd1b05de3fdf31c6faeb7') in 0.0141429 seconds
Number of updated asset objects reloaded before import = 0Number of asset objects unloaded after import = 2

========================================================================
Received Import Request.
  Time since last request: 0.000025 seconds.
  path: Assets/AllIn1VfxToolkit/Demo & Assets/Textures/Shapes/Impact27.png
  artifactKey: Guid(5be6a8aa13dd14c418e07eec1c37357b) Importer(815301076,1909f56bfc062723c751e8b465ee728b)
Start importing Assets/AllIn1VfxToolkit/Demo & Assets/Textures/Shapes/Impact27.png using Guid(5be6a8aa13dd14c418e07eec1c37357b) Importer(815301076,1909f56bfc062723c751e8b465ee728b) (PreviewImporter) -> (artifact id: 'e66287fc3776a141e5ac0fa88c100170') in 0.0185761 seconds
Number of updated asset objects reloaded before import = 0Number of asset objects unloaded after import = 2

========================================================================
Received Import Request.
  Time since last request: 0.000033 seconds.
  path: Assets/AllIn1VfxToolkit/Demo & Assets/Textures/Shapes/Impact19.png
  artifactKey: Guid(eaf096d4f69cb4f419ca99dbcb83dcdc) Importer(815301076,1909f56bfc062723c751e8b465ee728b)
Start importing Assets/AllIn1VfxToolkit/Demo & Assets/Textures/Shapes/Impact19.png using Guid(eaf096d4f69cb4f419ca99dbcb83dcdc) Importer(815301076,1909f56bfc062723c751e8b465ee728b) (PreviewImporter) -> (artifact id: '2b644b792ea69518a8ee9cc243615d72') in 0.0170412 seconds
Number of updated asset objects reloaded before import = 0Number of asset objects unloaded after import = 2

========================================================================
Received Import Request.
  Time since last request: 0.000023 seconds.
  path: Assets/AllIn1VfxToolkit/Demo & Assets/Textures/Shapes/Impact19b.png
  artifactKey: Guid(b5429efe468712043b69a6ed1e47901b) Importer(815301076,1909f56bfc062723c751e8b465ee728b)
Start importing Assets/AllIn1VfxToolkit/Demo & Assets/Textures/Shapes/Impact19b.png using Guid(b5429efe468712043b69a6ed1e47901b) Importer(815301076,1909f56bfc062723c751e8b465ee728b) (PreviewImporter) -> (artifact id: '83a46bfb8bf8b0c45f48d04a7b0d66c5') in 0.0249235 seconds
Number of updated asset objects reloaded before import = 0Number of asset objects unloaded after import = 2

========================================================================
Received Import Request.
  Time since last request: 0.000025 seconds.
  path: Assets/AllIn1VfxToolkit/Demo & Assets/Textures/Shapes/Impact39.png
  artifactKey: Guid(10a65edf015f5f9458334a0ba261e6cd) Importer(815301076,1909f56bfc062723c751e8b465ee728b)
Start importing Assets/AllIn1VfxToolkit/Demo & Assets/Textures/Shapes/Impact39.png using Guid(10a65edf015f5f9458334a0ba261e6cd) Importer(815301076,1909f56bfc062723c751e8b465ee728b) (PreviewImporter) -> (artifact id: 'b170ffa67ede878af83ccbc9bd02e519') in 0.011578 seconds
Number of updated asset objects reloaded before import = 0Number of asset objects unloaded after import = 2

========================================================================
Received Import Request.
  Time since last request: 0.000020 seconds.
  path: Assets/AllIn1VfxToolkit/Demo & Assets/Textures/Shapes/Impact16.png
  artifactKey: Guid(78a941b8f9410614a952766464fd2810) Importer(815301076,1909f56bfc062723c751e8b465ee728b)
Start importing Assets/AllIn1VfxToolkit/Demo & Assets/Textures/Shapes/Impact16.png using Guid(78a941b8f9410614a952766464fd2810) Importer(815301076,1909f56bfc062723c751e8b465ee728b) (PreviewImporter) -> (artifact id: 'f3a858f0a76317e64ccd222a4dcc17d7') in 0.0123205 seconds
Number of updated asset objects reloaded before import = 0Number of asset objects unloaded after import = 2

========================================================================
Received Import Request.
  Time since last request: 0.000022 seconds.
  path: Assets/AllIn1VfxToolkit/Demo & Assets/Textures/Shapes/Impact37.png
  artifactKey: Guid(d7508597f55d7ef4db4154b2561238be) Importer(815301076,1909f56bfc062723c751e8b465ee728b)
Start importing Assets/AllIn1VfxToolkit/Demo & Assets/Textures/Shapes/Impact37.png using Guid(d7508597f55d7ef4db4154b2561238be) Importer(815301076,1909f56bfc062723c751e8b465ee728b) (PreviewImporter) -> (artifact id: '9e07d2878d67cc4ce71bb4a99761ba9a') in 0.0176008 seconds
Number of updated asset objects reloaded before import = 0Number of asset objects unloaded after import = 2

========================================================================
Received Import Request.
  Time since last request: 0.000025 seconds.
  path: Assets/AllIn1VfxToolkit/Demo & Assets/Textures/Shapes/Impact25.png
  artifactKey: Guid(e7fdbdac134859e4a85bc68e9ce64943) Importer(815301076,1909f56bfc062723c751e8b465ee728b)
Start importing Assets/AllIn1VfxToolkit/Demo & Assets/Textures/Shapes/Impact25.png using Guid(e7fdbdac134859e4a85bc68e9ce64943) Importer(815301076,1909f56bfc062723c751e8b465ee728b) (PreviewImporter) -> (artifact id: '6c9bc01707db9e66deac010a5c956f63') in 0.0213551 seconds
Number of updated asset objects reloaded before import = 0Number of asset objects unloaded after import = 2

========================================================================
Received Import Request.
  Time since last request: 0.000022 seconds.
  path: Assets/AllIn1VfxToolkit/Demo & Assets/Textures/Shapes/Impact38b.png
  artifactKey: Guid(6339476257b644f4c8ede726702139ec) Importer(815301076,1909f56bfc062723c751e8b465ee728b)
Start importing Assets/AllIn1VfxToolkit/Demo & Assets/Textures/Shapes/Impact38b.png using Guid(6339476257b644f4c8ede726702139ec) Importer(815301076,1909f56bfc062723c751e8b465ee728b) (PreviewImporter) -> (artifact id: '7f0e9d8a487c0dac23e6a6c666517c44') in 0.0200787 seconds
Number of updated asset objects reloaded before import = 0Number of asset objects unloaded after import = 2

========================================================================
Received Import Request.
  Time since last request: 0.000032 seconds.
  path: Assets/AllIn1VfxToolkit/Demo & Assets/Textures/Shapes/Impact36.png
  artifactKey: Guid(f1c3e853fc2685c4bb65771bd22a2a6f) Importer(815301076,1909f56bfc062723c751e8b465ee728b)
Start importing Assets/AllIn1VfxToolkit/Demo & Assets/Textures/Shapes/Impact36.png using Guid(f1c3e853fc2685c4bb65771bd22a2a6f) Importer(815301076,1909f56bfc062723c751e8b465ee728b) (PreviewImporter) -> (artifact id: '6d9e379255f5396c2df2aff78ad43547') in 0.0133163 seconds
Number of updated asset objects reloaded before import = 0Number of asset objects unloaded after import = 2

========================================================================
Received Import Request.
  Time since last request: 0.000024 seconds.
  path: Assets/AllIn1VfxToolkit/Demo & Assets/Textures/Shapes/Impact15.png
  artifactKey: Guid(284c479fe03a5284faae42b921377b6b) Importer(815301076,1909f56bfc062723c751e8b465ee728b)
Start importing Assets/AllIn1VfxToolkit/Demo & Assets/Textures/Shapes/Impact15.png using Guid(284c479fe03a5284faae42b921377b6b) Importer(815301076,1909f56bfc062723c751e8b465ee728b) (PreviewImporter) -> (artifact id: 'dd1056d4d7c6c06a97602f119ea8d162') in 0.0165848 seconds
Number of updated asset objects reloaded before import = 0Number of asset objects unloaded after import = 2

========================================================================
Received Import Request.
  Time since last request: 0.000022 seconds.
  path: Assets/AllIn1VfxToolkit/Demo & Assets/Textures/Shapes/Impact1.png
  artifactKey: Guid(9f9e378641c7f544ea12b5494a36cd3f) Importer(815301076,1909f56bfc062723c751e8b465ee728b)
Start importing Assets/AllIn1VfxToolkit/Demo & Assets/Textures/Shapes/Impact1.png using Guid(9f9e378641c7f544ea12b5494a36cd3f) Importer(815301076,1909f56bfc062723c751e8b465ee728b) (PreviewImporter) -> (artifact id: 'e905c9970609ee8b7d05864d4b8ddac9') in 0.0147925 seconds
Number of updated asset objects reloaded before import = 0Number of asset objects unloaded after import = 2

========================================================================
Received Import Request.
  Time since last request: 0.000021 seconds.
  path: Assets/AllIn1VfxToolkit/Demo & Assets/Textures/Shapes/Impact9.png
  artifactKey: Guid(e8f466288bb88ce439a2e3d7a71b3b89) Importer(815301076,1909f56bfc062723c751e8b465ee728b)
Start importing Assets/AllIn1VfxToolkit/Demo & Assets/Textures/Shapes/Impact9.png using Guid(e8f466288bb88ce439a2e3d7a71b3b89) Importer(815301076,1909f56bfc062723c751e8b465ee728b) (PreviewImporter) -> (artifact id: 'b327d24d56e570d3bc58117626c9a3d1') in 0.0167339 seconds
Number of updated asset objects reloaded before import = 0Number of asset objects unloaded after import = 2

========================================================================
Received Import Request.
  Time since last request: 0.000032 seconds.
  path: Assets/AllIn1VfxToolkit/Demo & Assets/Textures/Shapes/Impact14.png
  artifactKey: Guid(24f2e2ebf5257dd458c78e61169de90c) Importer(815301076,1909f56bfc062723c751e8b465ee728b)
Start importing Assets/AllIn1VfxToolkit/Demo & Assets/Textures/Shapes/Impact14.png using Guid(24f2e2ebf5257dd458c78e61169de90c) Importer(815301076,1909f56bfc062723c751e8b465ee728b) (PreviewImporter) -> (artifact id: 'afef3237764532b7f75a01bffe5cae03') in 0.0111945 seconds
Number of updated asset objects reloaded before import = 0Number of asset objects unloaded after import = 2

========================================================================
Received Import Request.
  Time since last request: 0.000026 seconds.
  path: Assets/AllIn1VfxToolkit/Demo & Assets/Textures/Shapes/Impact4.png
  artifactKey: Guid(473e0e26a57b6414e901ac9268f98b58) Importer(815301076,1909f56bfc062723c751e8b465ee728b)
Start importing Assets/AllIn1VfxToolkit/Demo & Assets/Textures/Shapes/Impact4.png using Guid(473e0e26a57b6414e901ac9268f98b58) Importer(815301076,1909f56bfc062723c751e8b465ee728b) (PreviewImporter) -> (artifact id: 'cbc5f00a987992de35457a44039b81f3') in 0.0149602 seconds
Number of updated asset objects reloaded before import = 0Number of asset objects unloaded after import = 2

========================================================================
Received Import Request.
  Time since last request: 0.000022 seconds.
  path: Assets/AllIn1VfxToolkit/Demo & Assets/Textures/Shapes/Impact13.png
  artifactKey: Guid(54eb44b7cd5482442908c04235ee8d2b) Importer(815301076,1909f56bfc062723c751e8b465ee728b)
Start importing Assets/AllIn1VfxToolkit/Demo & Assets/Textures/Shapes/Impact13.png using Guid(54eb44b7cd5482442908c04235ee8d2b) Importer(815301076,1909f56bfc062723c751e8b465ee728b) (PreviewImporter) -> (artifact id: 'b7572d34d48bde73e758fb517d987442') in 0.0122544 seconds
Number of updated asset objects reloaded before import = 0Number of asset objects unloaded after import = 2

========================================================================
Received Import Request.
  Time since last request: 0.000030 seconds.
  path: Assets/AllIn1VfxToolkit/Demo & Assets/Textures/Shapes/Impact7.png
  artifactKey: Guid(93176c32d5e8c064dba554046b22adf4) Importer(815301076,1909f56bfc062723c751e8b465ee728b)
Start importing Assets/AllIn1VfxToolkit/Demo & Assets/Textures/Shapes/Impact7.png using Guid(93176c32d5e8c064dba554046b22adf4) Importer(815301076,1909f56bfc062723c751e8b465ee728b) (PreviewImporter) -> (artifact id: '7cca566e5132b874971d33a4b00ddf4e') in 0.0196089 seconds
Number of updated asset objects reloaded before import = 0Number of asset objects unloaded after import = 2

========================================================================
Received Import Request.
  Time since last request: 0.000023 seconds.
  path: Assets/AllIn1VfxToolkit/Demo & Assets/Textures/Shapes/Impact8.png
  artifactKey: Guid(71e9bc8140b5a2f42857004e7a58e752) Importer(815301076,1909f56bfc062723c751e8b465ee728b)
Start importing Assets/AllIn1VfxToolkit/Demo & Assets/Textures/Shapes/Impact8.png using Guid(71e9bc8140b5a2f42857004e7a58e752) Importer(815301076,1909f56bfc062723c751e8b465ee728b) (PreviewImporter) -> (artifact id: 'b28f66dc7c2c53e33b659ff090b4cd19') in 0.0123968 seconds
Number of updated asset objects reloaded before import = 0Number of asset objects unloaded after import = 2

========================================================================
Received Import Request.
  Time since last request: 0.000023 seconds.
  path: Assets/AllIn1VfxToolkit/Demo & Assets/Textures/Shapes/Impact6.png
  artifactKey: Guid(8916225df537f824290a3da08d75b0ae) Importer(815301076,1909f56bfc062723c751e8b465ee728b)
Start importing Assets/AllIn1VfxToolkit/Demo & Assets/Textures/Shapes/Impact6.png using Guid(8916225df537f824290a3da08d75b0ae) Importer(815301076,1909f56bfc062723c751e8b465ee728b) (PreviewImporter) -> (artifact id: '44573d3e46a41e85914ca51422e4be0c') in 0.0119871 seconds
Number of updated asset objects reloaded before import = 0Number of asset objects unloaded after import = 2

========================================================================
Received Import Request.
  Time since last request: 0.000021 seconds.
  path: Assets/AllIn1VfxToolkit/Demo & Assets/Textures/Shapes/Impact11.png
  artifactKey: Guid(a3693d08526ea004790668e2ff2736ad) Importer(815301076,1909f56bfc062723c751e8b465ee728b)
Start importing Assets/AllIn1VfxToolkit/Demo & Assets/Textures/Shapes/Impact11.png using Guid(a3693d08526ea004790668e2ff2736ad) Importer(815301076,1909f56bfc062723c751e8b465ee728b) (PreviewImporter) -> (artifact id: '856ea9ce1c5e1ce515ec79e525468626') in 0.0189486 seconds
Number of updated asset objects reloaded before import = 0Number of asset objects unloaded after import = 2

========================================================================
Received Import Request.
  Time since last request: 0.000029 seconds.
  path: Assets/AllIn1VfxToolkit/Demo & Assets/Textures/Shapes/Impact2.png
  artifactKey: Guid(2774e3b52bfe3124aa1263d87f75577b) Importer(815301076,1909f56bfc062723c751e8b465ee728b)
Start importing Assets/AllIn1VfxToolkit/Demo & Assets/Textures/Shapes/Impact2.png using Guid(2774e3b52bfe3124aa1263d87f75577b) Importer(815301076,1909f56bfc062723c751e8b465ee728b) (PreviewImporter) -> (artifact id: '99db834080064af3a23012c10c642b8f') in 0.0197186 seconds
Number of updated asset objects reloaded before import = 0Number of asset objects unloaded after import = 2

========================================================================
Received Import Request.
  Time since last request: 0.000025 seconds.
  path: Assets/AllIn1VfxToolkit/Demo & Assets/Textures/Shapes/Impact10.png
  artifactKey: Guid(07fbbc30c16cc794b8f45087ee734c12) Importer(815301076,1909f56bfc062723c751e8b465ee728b)
Start importing Assets/AllIn1VfxToolkit/Demo & Assets/Textures/Shapes/Impact10.png using Guid(07fbbc30c16cc794b8f45087ee734c12) Importer(815301076,1909f56bfc062723c751e8b465ee728b) (PreviewImporter) -> (artifact id: 'bd0000f60a93871234f2624c8cb131ab') in 0.0189328 seconds
Number of updated asset objects reloaded before import = 0Number of asset objects unloaded after import = 2

========================================================================
Received Import Request.
  Time since last request: 0.000026 seconds.
  path: Assets/AllIn1VfxToolkit/Demo & Assets/Textures/Shapes/Impact12.png
  artifactKey: Guid(c5042b869daa7204b979b5b978eeb375) Importer(815301076,1909f56bfc062723c751e8b465ee728b)
Start importing Assets/AllIn1VfxToolkit/Demo & Assets/Textures/Shapes/Impact12.png using Guid(c5042b869daa7204b979b5b978eeb375) Importer(815301076,1909f56bfc062723c751e8b465ee728b) (PreviewImporter) -> (artifact id: 'b97d3f8f547b12e8682f516565759a92') in 0.0142844 seconds
Number of updated asset objects reloaded before import = 0Number of asset objects unloaded after import = 2

========================================================================
Received Import Request.
  Time since last request: 0.000030 seconds.
  path: Assets/AllIn1VfxToolkit/Demo & Assets/Textures/Shapes/Impact17.png
  artifactKey: Guid(f5af0807263200a43a799af935850cfe) Importer(815301076,1909f56bfc062723c751e8b465ee728b)
Start importing Assets/AllIn1VfxToolkit/Demo & Assets/Textures/Shapes/Impact17.png using Guid(f5af0807263200a43a799af935850cfe) Importer(815301076,1909f56bfc062723c751e8b465ee728b) (PreviewImporter) -> (artifact id: 'c67fe3b885cea9498ed9cf9cf3ee9b5e') in 0.0106415 seconds
Number of updated asset objects reloaded before import = 0Number of asset objects unloaded after import = 2

========================================================================
Received Import Request.
  Time since last request: 0.000031 seconds.
  path: Assets/AllIn1VfxToolkit/Demo & Assets/Textures/Shapes/Impact5.png
  artifactKey: Guid(fa8636cc5b458484983899f9ba7dbf75) Importer(815301076,1909f56bfc062723c751e8b465ee728b)
Start importing Assets/AllIn1VfxToolkit/Demo & Assets/Textures/Shapes/Impact5.png using Guid(fa8636cc5b458484983899f9ba7dbf75) Importer(815301076,1909f56bfc062723c751e8b465ee728b) (PreviewImporter) -> (artifact id: '60c63833238e1bf74121055d52d5ad67') in 0.0214612 seconds
Number of updated asset objects reloaded before import = 0Number of asset objects unloaded after import = 2

========================================================================
Received Import Request.
  Time since last request: 0.000023 seconds.
  path: Assets/Resources/Sprites/Icons.png
  artifactKey: Guid(11f15caac0f052447ac1ab9010a9219a) Importer(815301076,1909f56bfc062723c751e8b465ee728b)
Start importing Assets/Resources/Sprites/Icons.png using Guid(11f15caac0f052447ac1ab9010a9219a) Importer(815301076,1909f56bfc062723c751e8b465ee728b) (PreviewImporter) -> (artifact id: '6749747cd29155e368c7a9bd708c772f') in 0.0226599 seconds
Number of updated asset objects reloaded before import = 0Number of asset objects unloaded after import = 2

========================================================================
Received Import Request.
  Time since last request: 0.000023 seconds.
  path: Assets/AllIn1VfxToolkit/Demo & Assets/Textures/Shapes/Impact18.png
  artifactKey: Guid(842090c5dd7517c42931b349de6e96e3) Importer(815301076,1909f56bfc062723c751e8b465ee728b)
Start importing Assets/AllIn1VfxToolkit/Demo & Assets/Textures/Shapes/Impact18.png using Guid(842090c5dd7517c42931b349de6e96e3) Importer(815301076,1909f56bfc062723c751e8b465ee728b) (PreviewImporter) -> (artifact id: 'db07b71c5b58e38f29afac78e6cd0eb1') in 0.0144294 seconds
Number of updated asset objects reloaded before import = 0Number of asset objects unloaded after import = 2

========================================================================
Received Import Request.
  Time since last request: 0.000023 seconds.
  path: Assets/AllIn1VfxToolkit/Demo & Assets/Textures/Others/HoneyComb2.png
  artifactKey: Guid(45e86685604fe314aa5c8dba42097ef5) Importer(815301076,1909f56bfc062723c751e8b465ee728b)
Start importing Assets/AllIn1VfxToolkit/Demo & Assets/Textures/Others/HoneyComb2.png using Guid(45e86685604fe314aa5c8dba42097ef5) Importer(815301076,1909f56bfc062723c751e8b465ee728b) (PreviewImporter) -> (artifact id: 'd2ae89a30047542efe3a65b405c0cf90') in 0.01334 seconds
Number of updated asset objects reloaded before import = 0Number of asset objects unloaded after import = 2

========================================================================
Received Import Request.
  Time since last request: 0.000021 seconds.
  path: Assets/AllIn1VfxToolkit/Demo & Assets/Textures/Others/HoneyComb1.png
  artifactKey: Guid(eb034f6d8f120e64da897dddb8c67295) Importer(815301076,1909f56bfc062723c751e8b465ee728b)
Start importing Assets/AllIn1VfxToolkit/Demo & Assets/Textures/Others/HoneyComb1.png using Guid(eb034f6d8f120e64da897dddb8c67295) Importer(815301076,1909f56bfc062723c751e8b465ee728b) (PreviewImporter) -> (artifact id: '94cb31f0403a590b48eed305968311f1') in 0.007472 seconds
Number of updated asset objects reloaded before import = 0Number of asset objects unloaded after import = 2

========================================================================
Received Import Request.
  Time since last request: 0.000024 seconds.
  path: Assets/AllIn1VfxToolkit/Demo & Assets/Textures/Shapes/Impact20.png
  artifactKey: Guid(7ce6748dc82ff154cb014f23935f9b52) Importer(815301076,1909f56bfc062723c751e8b465ee728b)
Start importing Assets/AllIn1VfxToolkit/Demo & Assets/Textures/Shapes/Impact20.png using Guid(7ce6748dc82ff154cb014f23935f9b52) Importer(815301076,1909f56bfc062723c751e8b465ee728b) (PreviewImporter) -> (artifact id: '9be5e307862d949c7c9377de9cc2a9d6') in 0.01586 seconds
Number of updated asset objects reloaded before import = 0Number of asset objects unloaded after import = 2

========================================================================
Received Import Request.
  Time since last request: 0.000031 seconds.
  path: Assets/AllIn1VfxToolkit/Demo & Assets/Textures/Shapes/Impact21.png
  artifactKey: Guid(7183d6611e982224e8f87c634f0d2728) Importer(815301076,1909f56bfc062723c751e8b465ee728b)
Start importing Assets/AllIn1VfxToolkit/Demo & Assets/Textures/Shapes/Impact21.png using Guid(7183d6611e982224e8f87c634f0d2728) Importer(815301076,1909f56bfc062723c751e8b465ee728b) (PreviewImporter) -> (artifact id: '30cbfbaa76fb4020103cd4ea3940f376') in 0.0152476 seconds
Number of updated asset objects reloaded before import = 0Number of asset objects unloaded after import = 2

========================================================================
Received Import Request.
  Time since last request: 0.000024 seconds.
  path: Assets/AllIn1VfxToolkit/Demo & Assets/Textures/Shapes/Impact26.png
  artifactKey: Guid(513a09ead2fbf9449bcc4979544be17d) Importer(815301076,1909f56bfc062723c751e8b465ee728b)
Start importing Assets/AllIn1VfxToolkit/Demo & Assets/Textures/Shapes/Impact26.png using Guid(513a09ead2fbf9449bcc4979544be17d) Importer(815301076,1909f56bfc062723c751e8b465ee728b) (PreviewImporter) -> (artifact id: 'b7a61f9dcdc9a7a54ea4a363ca720cd3') in 0.0114836 seconds
Number of updated asset objects reloaded before import = 0Number of asset objects unloaded after import = 2

========================================================================
Received Import Request.
  Time since last request: 0.000022 seconds.
  path: Assets/AllIn1VfxToolkit/Demo & Assets/Textures/Shapes/Impact30.png
  artifactKey: Guid(9ed5e68b88a76914bad7d1264bddf91d) Importer(815301076,1909f56bfc062723c751e8b465ee728b)
Start importing Assets/AllIn1VfxToolkit/Demo & Assets/Textures/Shapes/Impact30.png using Guid(9ed5e68b88a76914bad7d1264bddf91d) Importer(815301076,1909f56bfc062723c751e8b465ee728b) (PreviewImporter) -> (artifact id: 'fd9602bfadb74600df13e97cbb1e6ae0') in 0.0244294 seconds
Number of updated asset objects reloaded before import = 0Number of asset objects unloaded after import = 2

========================================================================
Received Import Request.
  Time since last request: 0.000026 seconds.
  path: Assets/AllIn1VfxToolkit/Demo & Assets/Textures/Shapes/Impact3.png
  artifactKey: Guid(8e93750b853a1ed46a72950fbb0b6c76) Importer(815301076,1909f56bfc062723c751e8b465ee728b)
Start importing Assets/AllIn1VfxToolkit/Demo & Assets/Textures/Shapes/Impact3.png using Guid(8e93750b853a1ed46a72950fbb0b6c76) Importer(815301076,1909f56bfc062723c751e8b465ee728b) (PreviewImporter) -> (artifact id: '6f64cb583ee74e553d8caeff8acc91bd') in 0.0122501 seconds
Number of updated asset objects reloaded before import = 0Number of asset objects unloaded after import = 2

========================================================================
Received Import Request.
  Time since last request: 0.174559 seconds.
  path: Assets/AllIn1VfxToolkit/Demo & Assets/Textures/Shapes/Heart2.png
  artifactKey: Guid(cdd56f5a0e4fb304c85f3f8eeb8a45b3) Importer(815301076,1909f56bfc062723c751e8b465ee728b)
Start importing Assets/AllIn1VfxToolkit/Demo & Assets/Textures/Shapes/Heart2.png using Guid(cdd56f5a0e4fb304c85f3f8eeb8a45b3) Importer(815301076,1909f56bfc062723c751e8b465ee728b) (PreviewImporter) -> (artifact id: '6ac4ba20a5751f9220bd109db719fbf5') in 0.0135719 seconds
Number of updated asset objects reloaded before import = 0Number of asset objects unloaded after import = 2

========================================================================
Received Import Request.
  Time since last request: 0.000025 seconds.
  path: Assets/AllIn1VfxToolkit/Demo & Assets/Textures/Shapes/Heart3.png
  artifactKey: Guid(e53c273937ad9954fa5b12022d71deeb) Importer(815301076,1909f56bfc062723c751e8b465ee728b)
Start importing Assets/AllIn1VfxToolkit/Demo & Assets/Textures/Shapes/Heart3.png using Guid(e53c273937ad9954fa5b12022d71deeb) Importer(815301076,1909f56bfc062723c751e8b465ee728b) (PreviewImporter) -> (artifact id: 'cd9557b01a6eb705c43058b01bbfeac3') in 0.0121624 seconds
Number of updated asset objects reloaded before import = 0Number of asset objects unloaded after import = 2

========================================================================
Received Import Request.
  Time since last request: 1.572305 seconds.
  path: Assets/AllIn1VfxToolkit/Demo & Assets/Textures/Shapes/GroundCrack1.png
  artifactKey: Guid(eb57c1220b77e68428c0c370adebace4) Importer(815301076,1909f56bfc062723c751e8b465ee728b)
Start importing Assets/AllIn1VfxToolkit/Demo & Assets/Textures/Shapes/GroundCrack1.png using Guid(eb57c1220b77e68428c0c370adebace4) Importer(815301076,1909f56bfc062723c751e8b465ee728b) (PreviewImporter) -> (artifact id: 'b096918df3e48ba228dc074de4d19e71') in 0.0080477 seconds
Number of updated asset objects reloaded before import = 0Number of asset objects unloaded after import = 2

========================================================================
Received Import Request.
  Time since last request: 0.000023 seconds.
  path: Assets/AllIn1VfxToolkit/Demo & Assets/Textures/Shapes/GroundCrack4.png
  artifactKey: Guid(06bb5c11d7e3b194983e5e2111febfd1) Importer(815301076,1909f56bfc062723c751e8b465ee728b)
Start importing Assets/AllIn1VfxToolkit/Demo & Assets/Textures/Shapes/GroundCrack4.png using Guid(06bb5c11d7e3b194983e5e2111febfd1) Importer(815301076,1909f56bfc062723c751e8b465ee728b) (PreviewImporter) -> (artifact id: '0acef3b51f8fa4925271957bd39b6eb7') in 0.008938 seconds
Number of updated asset objects reloaded before import = 0Number of asset objects unloaded after import = 2

========================================================================
Received Import Request.
  Time since last request: 0.000025 seconds.
  path: Assets/AllIn1VfxToolkit/Demo & Assets/Textures/Shapes/GroundCrack6.png
  artifactKey: Guid(558e0e365ffae47498d466bf10f99414) Importer(815301076,1909f56bfc062723c751e8b465ee728b)
Start importing Assets/AllIn1VfxToolkit/Demo & Assets/Textures/Shapes/GroundCrack6.png using Guid(558e0e365ffae47498d466bf10f99414) Importer(815301076,1909f56bfc062723c751e8b465ee728b) (PreviewImporter) -> (artifact id: '0470ff9aa086feea8e5040a3c1c59824') in 0.0140031 seconds
Number of updated asset objects reloaded before import = 0Number of asset objects unloaded after import = 2

========================================================================
Received Import Request.
  Time since last request: 0.000035 seconds.
  path: Assets/AllIn1VfxToolkit/Demo & Assets/Textures/Shapes/GroundCrack2.png
  artifactKey: Guid(2dadeecadb5ba254b94bd3ecd2312a85) Importer(815301076,1909f56bfc062723c751e8b465ee728b)
Start importing Assets/AllIn1VfxToolkit/Demo & Assets/Textures/Shapes/GroundCrack2.png using Guid(2dadeecadb5ba254b94bd3ecd2312a85) Importer(815301076,1909f56bfc062723c751e8b465ee728b) (PreviewImporter) -> (artifact id: '58f7dee94c231ff2eea6cb860cffcf9e') in 0.0152781 seconds
Number of updated asset objects reloaded before import = 0Number of asset objects unloaded after import = 2

========================================================================
Received Import Request.
  Time since last request: 0.000021 seconds.
  path: Assets/AllIn1VfxToolkit/Demo & Assets/Textures/Shapes/GroundCrack3.png
  artifactKey: Guid(69e329b825601dd47ba2e90da7d713c9) Importer(815301076,1909f56bfc062723c751e8b465ee728b)
Start importing Assets/AllIn1VfxToolkit/Demo & Assets/Textures/Shapes/GroundCrack3.png using Guid(69e329b825601dd47ba2e90da7d713c9) Importer(815301076,1909f56bfc062723c751e8b465ee728b) (PreviewImporter) -> (artifact id: '5d45952bb5ebbe1a6f2a80587fc027ff') in 0.0177816 seconds
Number of updated asset objects reloaded before import = 0Number of asset objects unloaded after import = 2

========================================================================
Received Import Request.
  Time since last request: 0.000024 seconds.
  path: Assets/AllIn1VfxToolkit/Demo & Assets/Textures/Shapes/GroundCrack10.png
  artifactKey: Guid(38b903566080c68408cd7e92f98998ba) Importer(815301076,1909f56bfc062723c751e8b465ee728b)
Start importing Assets/AllIn1VfxToolkit/Demo & Assets/Textures/Shapes/GroundCrack10.png using Guid(38b903566080c68408cd7e92f98998ba) Importer(815301076,1909f56bfc062723c751e8b465ee728b) (PreviewImporter) -> (artifact id: '61ce09fa86e345f84ca5aa90509e38ad') in 0.0159127 seconds
Number of updated asset objects reloaded before import = 0Number of asset objects unloaded after import = 2

========================================================================
Received Import Request.
  Time since last request: 0.000022 seconds.
  path: Assets/AllIn1VfxToolkit/Demo & Assets/Textures/Shapes/GroundCrack8.png
  artifactKey: Guid(6116993dc9876504ab6d603c0446afc1) Importer(815301076,1909f56bfc062723c751e8b465ee728b)
Start importing Assets/AllIn1VfxToolkit/Demo & Assets/Textures/Shapes/GroundCrack8.png using Guid(6116993dc9876504ab6d603c0446afc1) Importer(815301076,1909f56bfc062723c751e8b465ee728b) (PreviewImporter) -> (artifact id: '21c6fdda0fe6c971f12b407c6da307e6') in 0.0125313 seconds
Number of updated asset objects reloaded before import = 0Number of asset objects unloaded after import = 2

========================================================================
Received Import Request.
  Time since last request: 0.000023 seconds.
  path: Assets/AllIn1VfxToolkit/Demo & Assets/Textures/Shapes/GroundCrack5.png
  artifactKey: Guid(9cdc764bb08d89e40ba635df1ea76ea2) Importer(815301076,1909f56bfc062723c751e8b465ee728b)
Start importing Assets/AllIn1VfxToolkit/Demo & Assets/Textures/Shapes/GroundCrack5.png using Guid(9cdc764bb08d89e40ba635df1ea76ea2) Importer(815301076,1909f56bfc062723c751e8b465ee728b) (PreviewImporter) -> (artifact id: '4526ba070b3c3e8536dd8a95f1450093') in 0.0122023 seconds
Number of updated asset objects reloaded before import = 0Number of asset objects unloaded after import = 2

========================================================================
Received Import Request.
  Time since last request: 0.000020 seconds.
  path: Assets/AllIn1VfxToolkit/Demo & Assets/Textures/Shapes/GroundCrack9.png
  artifactKey: Guid(dae9e79e50b278e44b07f8f13fb5d573) Importer(815301076,1909f56bfc062723c751e8b465ee728b)
Start importing Assets/AllIn1VfxToolkit/Demo & Assets/Textures/Shapes/GroundCrack9.png using Guid(dae9e79e50b278e44b07f8f13fb5d573) Importer(815301076,1909f56bfc062723c751e8b465ee728b) (PreviewImporter) -> (artifact id: '81a11c2bf921a92c5e1077f2b0cf9ea7') in 0.0177584 seconds
Number of updated asset objects reloaded before import = 0Number of asset objects unloaded after import = 2

========================================================================
Received Import Request.
  Time since last request: 0.000025 seconds.
  path: Assets/AllIn1VfxToolkit/Demo & Assets/Textures/Shapes/GroundCrack7.png
  artifactKey: Guid(8810bfe7ab1e54444964bb8170440bff) Importer(815301076,1909f56bfc062723c751e8b465ee728b)
Start importing Assets/AllIn1VfxToolkit/Demo & Assets/Textures/Shapes/GroundCrack7.png using Guid(8810bfe7ab1e54444964bb8170440bff) Importer(815301076,1909f56bfc062723c751e8b465ee728b) (PreviewImporter) -> (artifact id: 'a33ae3e07eed0bede3255bca535f0792') in 0.009875 seconds
Number of updated asset objects reloaded before import = 0Number of asset objects unloaded after import = 2

========================================================================
Received Import Request.
  Time since last request: 0.121309 seconds.
  path: Assets/AllIn1VfxToolkit/Demo & Assets/Textures/Greyscale Gradients/Gradient14.png
  artifactKey: Guid(fadb12822bee63748bffde4352642d6c) Importer(815301076,1909f56bfc062723c751e8b465ee728b)
Start importing Assets/AllIn1VfxToolkit/Demo & Assets/Textures/Greyscale Gradients/Gradient14.png using Guid(fadb12822bee63748bffde4352642d6c) Importer(815301076,1909f56bfc062723c751e8b465ee728b) (PreviewImporter) -> (artifact id: 'a854fd54cd076486b25f5b5b9f96956d') in 0.0153765 seconds
Number of updated asset objects reloaded before import = 0Number of asset objects unloaded after import = 2

========================================================================
Received Import Request.
  Time since last request: 0.000027 seconds.
  path: Assets/AllIn1VfxToolkit/Demo & Assets/Textures/Color Gradients/GradientBurn.png
  artifactKey: Guid(07c7281a2423b9b44930f9b881e22a5f) Importer(815301076,1909f56bfc062723c751e8b465ee728b)
Start importing Assets/AllIn1VfxToolkit/Demo & Assets/Textures/Color Gradients/GradientBurn.png using Guid(07c7281a2423b9b44930f9b881e22a5f) Importer(815301076,1909f56bfc062723c751e8b465ee728b) (PreviewImporter) -> (artifact id: 'c97dfd38f2f477fd2f4fe6bb02ee011d') in 0.0131176 seconds
Number of updated asset objects reloaded before import = 0Number of asset objects unloaded after import = 2

========================================================================
Received Import Request.
  Time since last request: 0.000037 seconds.
  path: Assets/AllIn1VfxToolkit/Demo & Assets/Textures/Greyscale Gradients/Gradient22.png
  artifactKey: Guid(d16344c6d7d9cc943bdabefd8ca878e9) Importer(815301076,1909f56bfc062723c751e8b465ee728b)
Start importing Assets/AllIn1VfxToolkit/Demo & Assets/Textures/Greyscale Gradients/Gradient22.png using Guid(d16344c6d7d9cc943bdabefd8ca878e9) Importer(815301076,1909f56bfc062723c751e8b465ee728b) (PreviewImporter) -> (artifact id: '2bb1e6f005e6b5199849841a72c3be65') in 0.0148302 seconds
Number of updated asset objects reloaded before import = 0Number of asset objects unloaded after import = 2

========================================================================
Received Import Request.
  Time since last request: 0.000024 seconds.
  path: Assets/AllIn1VfxToolkit/Demo & Assets/Textures/Greyscale Gradients/Gradient1.png
  artifactKey: Guid(1776ebf4a660f87449b7ca4aedc66d49) Importer(815301076,1909f56bfc062723c751e8b465ee728b)
Start importing Assets/AllIn1VfxToolkit/Demo & Assets/Textures/Greyscale Gradients/Gradient1.png using Guid(1776ebf4a660f87449b7ca4aedc66d49) Importer(815301076,1909f56bfc062723c751e8b465ee728b) (PreviewImporter) -> (artifact id: '943ae88a8cd6226be96e6a616ebbc960') in 0.0197028 seconds
Number of updated asset objects reloaded before import = 0Number of asset objects unloaded after import = 2

========================================================================
Received Import Request.
  Time since last request: 0.000030 seconds.
  path: Assets/AllIn1VfxToolkit/Demo & Assets/Textures/Greyscale Gradients/Gradient3.png
  artifactKey: Guid(6859e9b4bb5bcba4682854f0c618a222) Importer(815301076,1909f56bfc062723c751e8b465ee728b)
Start importing Assets/AllIn1VfxToolkit/Demo & Assets/Textures/Greyscale Gradients/Gradient3.png using Guid(6859e9b4bb5bcba4682854f0c618a222) Importer(815301076,1909f56bfc062723c751e8b465ee728b) (PreviewImporter) -> (artifact id: 'ceb3ac9006676a33e3423680ae2c7baa') in 0.0208709 seconds
Number of updated asset objects reloaded before import = 0Number of asset objects unloaded after import = 2

========================================================================
Received Import Request.
  Time since last request: 0.000021 seconds.
  path: Assets/AllIn1VfxToolkit/Demo & Assets/Textures/Greyscale Gradients/Gradient4.png
  artifactKey: Guid(9982d10d2ff48f843858dd0463aa7a7f) Importer(815301076,1909f56bfc062723c751e8b465ee728b)
Start importing Assets/AllIn1VfxToolkit/Demo & Assets/Textures/Greyscale Gradients/Gradient4.png using Guid(9982d10d2ff48f843858dd0463aa7a7f) Importer(815301076,1909f56bfc062723c751e8b465ee728b) (PreviewImporter) -> (artifact id: '7ba46963446030a5616779c2b7f1d9b4') in 0.0157964 seconds
Number of updated asset objects reloaded before import = 0Number of asset objects unloaded after import = 2

========================================================================
Received Import Request.
  Time since last request: 0.000024 seconds.
  path: Assets/AllIn1VfxToolkit/Demo & Assets/Textures/Greyscale Gradients/Gradient16.png
  artifactKey: Guid(40f9f053a6e2dda46b6c089e4378467f) Importer(815301076,1909f56bfc062723c751e8b465ee728b)
Start importing Assets/AllIn1VfxToolkit/Demo & Assets/Textures/Greyscale Gradients/Gradient16.png using Guid(40f9f053a6e2dda46b6c089e4378467f) Importer(815301076,1909f56bfc062723c751e8b465ee728b) (PreviewImporter) -> (artifact id: '8c462407390da0ad6db0159bf83acd12') in 0.0112856 seconds
Number of updated asset objects reloaded before import = 0Number of asset objects unloaded after import = 2

========================================================================
Received Import Request.
  Time since last request: 0.000020 seconds.
  path: Assets/AllIn1VfxToolkit/Demo & Assets/Textures/Greyscale Gradients/Gradient11.png
  artifactKey: Guid(fc0f4579d959760498c0a4da45cd07e7) Importer(815301076,1909f56bfc062723c751e8b465ee728b)
Start importing Assets/AllIn1VfxToolkit/Demo & Assets/Textures/Greyscale Gradients/Gradient11.png using Guid(fc0f4579d959760498c0a4da45cd07e7) Importer(815301076,1909f56bfc062723c751e8b465ee728b) (PreviewImporter) -> (artifact id: 'a3132d8c2d341852a2e5fdbc35240776') in 0.0163589 seconds
Number of updated asset objects reloaded before import = 0Number of asset objects unloaded after import = 2

========================================================================
Received Import Request.
  Time since last request: 0.000022 seconds.
  path: Assets/AllIn1VfxToolkit/Demo & Assets/Textures/Greyscale Gradients/Gradient19.png
  artifactKey: Guid(86bcb483f11b6c94fb965c6643d82454) Importer(815301076,1909f56bfc062723c751e8b465ee728b)
Start importing Assets/AllIn1VfxToolkit/Demo & Assets/Textures/Greyscale Gradients/Gradient19.png using Guid(86bcb483f11b6c94fb965c6643d82454) Importer(815301076,1909f56bfc062723c751e8b465ee728b) (PreviewImporter) -> (artifact id: '98719677836f912ef36972c2521f3d87') in 0.0104236 seconds
Number of updated asset objects reloaded before import = 0Number of asset objects unloaded after import = 2

========================================================================
Received Import Request.
  Time since last request: 0.000021 seconds.
  path: Assets/AllIn1VfxToolkit/Demo & Assets/Textures/Greyscale Gradients/Gradient8.png
  artifactKey: Guid(56b8fff5676f9e741b79df2ba089b110) Importer(815301076,1909f56bfc062723c751e8b465ee728b)
Start importing Assets/AllIn1VfxToolkit/Demo & Assets/Textures/Greyscale Gradients/Gradient8.png using Guid(56b8fff5676f9e741b79df2ba089b110) Importer(815301076,1909f56bfc062723c751e8b465ee728b) (PreviewImporter) -> (artifact id: 'c74133725272081ecf7448802eb5d21b') in 0.0102987 seconds
Number of updated asset objects reloaded before import = 0Number of asset objects unloaded after import = 2

========================================================================
Received Import Request.
  Time since last request: 0.000024 seconds.
  path: Assets/AllIn1VfxToolkit/Demo & Assets/Textures/Greyscale Gradients/Gradient6.png
  artifactKey: Guid(3e20efdcab4a6e240a9b82c6abf03ae5) Importer(815301076,1909f56bfc062723c751e8b465ee728b)
Start importing Assets/AllIn1VfxToolkit/Demo & Assets/Textures/Greyscale Gradients/Gradient6.png using Guid(3e20efdcab4a6e240a9b82c6abf03ae5) Importer(815301076,1909f56bfc062723c751e8b465ee728b) (PreviewImporter) -> (artifact id: '7103472d9ad3e551d5006c6f1a4f7256') in 0.0137478 seconds
Number of updated asset objects reloaded before import = 0Number of asset objects unloaded after import = 2

========================================================================
Received Import Request.
  Time since last request: 0.000032 seconds.
  path: Assets/AllIn1VfxToolkit/Demo & Assets/Textures/Color Gradients/GradientBlueGreen.png
  artifactKey: Guid(32d12087f57044340b342e5fc2414247) Importer(815301076,1909f56bfc062723c751e8b465ee728b)
Start importing Assets/AllIn1VfxToolkit/Demo & Assets/Textures/Color Gradients/GradientBlueGreen.png using Guid(32d12087f57044340b342e5fc2414247) Importer(815301076,1909f56bfc062723c751e8b465ee728b) (PreviewImporter) -> (artifact id: '7ea04a7ba73af8a22c805928935b78e3') in 0.0158103 seconds
Number of updated asset objects reloaded before import = 0Number of asset objects unloaded after import = 2

========================================================================
Received Import Request.
  Time since last request: 0.000023 seconds.
  path: Assets/AllIn1VfxToolkit/Demo & Assets/Textures/Greyscale Gradients/Gradient7.png
  artifactKey: Guid(7a5332c80b15bc44ea9874b79e4d9889) Importer(815301076,1909f56bfc062723c751e8b465ee728b)
Start importing Assets/AllIn1VfxToolkit/Demo & Assets/Textures/Greyscale Gradients/Gradient7.png using Guid(7a5332c80b15bc44ea9874b79e4d9889) Importer(815301076,1909f56bfc062723c751e8b465ee728b) (PreviewImporter) -> (artifact id: 'b62d3e5fe1f5e9803a83ba5a07dc151a') in 0.0119778 seconds
Number of updated asset objects reloaded before import = 0Number of asset objects unloaded after import = 2

========================================================================
Received Import Request.
  Time since last request: 0.000028 seconds.
  path: Assets/AllIn1VfxToolkit/Demo & Assets/Textures/Greyscale Gradients/Gradient5.png
  artifactKey: Guid(ca96557312bc1dd4caacf0a880881d29) Importer(815301076,1909f56bfc062723c751e8b465ee728b)
Start importing Assets/AllIn1VfxToolkit/Demo & Assets/Textures/Greyscale Gradients/Gradient5.png using Guid(ca96557312bc1dd4caacf0a880881d29) Importer(815301076,1909f56bfc062723c751e8b465ee728b) (PreviewImporter) -> (artifact id: 'ae2d2694ed98cd57d45011c9765124c2') in 0.0115061 seconds
Number of updated asset objects reloaded before import = 0Number of asset objects unloaded after import = 2

========================================================================
Received Import Request.
  Time since last request: 0.000025 seconds.
  path: Assets/AllIn1VfxToolkit/Demo & Assets/Textures/Greyscale Gradients/Gradient10.png
  artifactKey: Guid(e067d4fe3fba3a3428fd588f9e93fc0a) Importer(815301076,1909f56bfc062723c751e8b465ee728b)
Start importing Assets/AllIn1VfxToolkit/Demo & Assets/Textures/Greyscale Gradients/Gradient10.png using Guid(e067d4fe3fba3a3428fd588f9e93fc0a) Importer(815301076,1909f56bfc062723c751e8b465ee728b) (PreviewImporter) -> (artifact id: '900b8379f9a58acd90e69413abecf1cc') in 0.0149437 seconds
Number of updated asset objects reloaded before import = 0Number of asset objects unloaded after import = 2

========================================================================
Received Import Request.
  Time since last request: 0.000022 seconds.
  path: Assets/AllIn1VfxToolkit/Demo & Assets/Textures/Greyscale Gradients/Gradient17.png
  artifactKey: Guid(c894103bc99f8374d95c4bdea51a3583) Importer(815301076,1909f56bfc062723c751e8b465ee728b)
Start importing Assets/AllIn1VfxToolkit/Demo & Assets/Textures/Greyscale Gradients/Gradient17.png using Guid(c894103bc99f8374d95c4bdea51a3583) Importer(815301076,1909f56bfc062723c751e8b465ee728b) (PreviewImporter) -> (artifact id: 'c1201cedf740ddfe00e687d925502cb5') in 0.0131218 seconds
Number of updated asset objects reloaded before import = 0Number of asset objects unloaded after import = 2

========================================================================
Received Import Request.
  Time since last request: 0.000023 seconds.
  path: Assets/AllIn1VfxToolkit/Demo & Assets/Textures/Greyscale Gradients/Gradient21.png
  artifactKey: Guid(d61bbffb09932ac49ad0346f284d95dc) Importer(815301076,1909f56bfc062723c751e8b465ee728b)
Start importing Assets/AllIn1VfxToolkit/Demo & Assets/Textures/Greyscale Gradients/Gradient21.png using Guid(d61bbffb09932ac49ad0346f284d95dc) Importer(815301076,1909f56bfc062723c751e8b465ee728b) (PreviewImporter) -> (artifact id: 'a5f1b6859bbdf924c5bad43047ef5e8f') in 0.0140475 seconds
Number of updated asset objects reloaded before import = 0Number of asset objects unloaded after import = 2

========================================================================
Received Import Request.
  Time since last request: 0.000023 seconds.
  path: Assets/TextMesh Pro/Examples & Extras/Textures/Gradient Vertical (Color).jpg
  artifactKey: Guid(03d0538de6e24c0f819bfc9ce084dfa9) Importer(815301076,1909f56bfc062723c751e8b465ee728b)
Start importing Assets/TextMesh Pro/Examples & Extras/Textures/Gradient Vertical (Color).jpg using Guid(03d0538de6e24c0f819bfc9ce084dfa9) Importer(815301076,1909f56bfc062723c751e8b465ee728b) (PreviewImporter) -> (artifact id: 'b6ec50d6d3695f437ebb4e7dabd42a57') in 0.0171015 seconds
Number of updated asset objects reloaded before import = 0Number of asset objects unloaded after import = 2

========================================================================
Received Import Request.
  Time since last request: 0.000031 seconds.
  path: Assets/TextMesh Pro/Examples & Extras/Textures/Gradient Horizontal (Color).jpg
  artifactKey: Guid(6eb184de103d4b3f812b38561065192f) Importer(815301076,1909f56bfc062723c751e8b465ee728b)
Start importing Assets/TextMesh Pro/Examples & Extras/Textures/Gradient Horizontal (Color).jpg using Guid(6eb184de103d4b3f812b38561065192f) Importer(815301076,1909f56bfc062723c751e8b465ee728b) (PreviewImporter) -> (artifact id: '6b46cee6eaf25f70928eef695c71a272') in 0.0145612 seconds
Number of updated asset objects reloaded before import = 0Number of asset objects unloaded after import = 2

========================================================================
Received Import Request.
  Time since last request: 0.000024 seconds.
  path: Assets/TextMesh Pro/Examples & Extras/Textures/Gradient Diagonal (Color).jpg
  artifactKey: Guid(2ce5c55e85304b819a1826ecbc839aa5) Importer(815301076,1909f56bfc062723c751e8b465ee728b)
Start importing Assets/TextMesh Pro/Examples & Extras/Textures/Gradient Diagonal (Color).jpg using Guid(2ce5c55e85304b819a1826ecbc839aa5) Importer(815301076,1909f56bfc062723c751e8b465ee728b) (PreviewImporter) -> (artifact id: '0ea4ce0124759ae24ca8356da55250a3') in 0.0080843 seconds
Number of updated asset objects reloaded before import = 0Number of asset objects unloaded after import = 2

========================================================================
Received Import Request.
  Time since last request: 0.000023 seconds.
  path: Assets/AllIn1VfxToolkit/Demo & Assets/Textures/Shapes/Glow10.png
  artifactKey: Guid(3d5bc4b0b7ad32e4da9d489ad072feae) Importer(815301076,1909f56bfc062723c751e8b465ee728b)
Start importing Assets/AllIn1VfxToolkit/Demo & Assets/Textures/Shapes/Glow10.png using Guid(3d5bc4b0b7ad32e4da9d489ad072feae) Importer(815301076,1909f56bfc062723c751e8b465ee728b) (PreviewImporter) -> (artifact id: '93777db4737cd2c64b4a205728caba6b') in 0.0154169 seconds
Number of updated asset objects reloaded before import = 0Number of asset objects unloaded after import = 2

========================================================================
Received Import Request.
  Time since last request: 0.000021 seconds.
  path: Assets/AllIn1VfxToolkit/Demo & Assets/Textures/Shapes/Glow11.png
  artifactKey: Guid(7ba79af2c934f8a4e850124c42fc3e02) Importer(815301076,1909f56bfc062723c751e8b465ee728b)
Start importing Assets/AllIn1VfxToolkit/Demo & Assets/Textures/Shapes/Glow11.png using Guid(7ba79af2c934f8a4e850124c42fc3e02) Importer(815301076,1909f56bfc062723c751e8b465ee728b) (PreviewImporter) -> (artifact id: 'd1576acc5caa9396af93162fa6488add') in 0.0100723 seconds
Number of updated asset objects reloaded before import = 0Number of asset objects unloaded after import = 2

========================================================================
Received Import Request.
  Time since last request: 0.000023 seconds.
  path: Assets/AllIn1VfxToolkit/Demo & Assets/Textures/Shapes/Glow6.png
  artifactKey: Guid(ad5da642b28ff2d4d913e410c5dcc0f4) Importer(815301076,1909f56bfc062723c751e8b465ee728b)
Start importing Assets/AllIn1VfxToolkit/Demo & Assets/Textures/Shapes/Glow6.png using Guid(ad5da642b28ff2d4d913e410c5dcc0f4) Importer(815301076,1909f56bfc062723c751e8b465ee728b) (PreviewImporter) -> (artifact id: '457eace3d494c790c2e902b9db1f388a') in 0.0122717 seconds
Number of updated asset objects reloaded before import = 0Number of asset objects unloaded after import = 2

========================================================================
Received Import Request.
  Time since last request: 0.000022 seconds.
  path: Assets/AllIn1VfxToolkit/Demo & Assets/Textures/Shapes/Glow3.png
  artifactKey: Guid(0cbe97237cc70cf47bd7cd10a1498398) Importer(815301076,1909f56bfc062723c751e8b465ee728b)
Start importing Assets/AllIn1VfxToolkit/Demo & Assets/Textures/Shapes/Glow3.png using Guid(0cbe97237cc70cf47bd7cd10a1498398) Importer(815301076,1909f56bfc062723c751e8b465ee728b) (PreviewImporter) -> (artifact id: 'aa02ca7d6553f9b8a491a42b03d43406') in 0.0136038 seconds
Number of updated asset objects reloaded before import = 0Number of asset objects unloaded after import = 2

========================================================================
Received Import Request.
  Time since last request: 0.000025 seconds.
  path: Assets/AllIn1VfxToolkit/Demo & Assets/Textures/Shapes/Glow4.png
  artifactKey: Guid(c644f12d7def3a543a6c3ec049bb87f9) Importer(815301076,1909f56bfc062723c751e8b465ee728b)
Start importing Assets/AllIn1VfxToolkit/Demo & Assets/Textures/Shapes/Glow4.png using Guid(c644f12d7def3a543a6c3ec049bb87f9) Importer(815301076,1909f56bfc062723c751e8b465ee728b) (PreviewImporter) -> (artifact id: 'f5ad829df59747836439c08fa94f1d0b') in 0.014133 seconds
Number of updated asset objects reloaded before import = 0Number of asset objects unloaded after import = 2

========================================================================
Received Import Request.
  Time since last request: 0.000035 seconds.
  path: Assets/AllIn1VfxToolkit/Demo & Assets/Textures/Shapes/Glow2.png
  artifactKey: Guid(8e5851eb92490804d8e136e14462e9bc) Importer(815301076,1909f56bfc062723c751e8b465ee728b)
Start importing Assets/AllIn1VfxToolkit/Demo & Assets/Textures/Shapes/Glow2.png using Guid(8e5851eb92490804d8e136e14462e9bc) Importer(815301076,1909f56bfc062723c751e8b465ee728b) (PreviewImporter) -> (artifact id: 'a32ca80c51adc5632c76d9fd67146430') in 0.0119371 seconds
Number of updated asset objects reloaded before import = 0Number of asset objects unloaded after import = 2

========================================================================
Received Import Request.
  Time since last request: 0.000020 seconds.
  path: Assets/AllIn1VfxToolkit/Demo & Assets/Textures/Trails/GlowTrail.png
  artifactKey: Guid(e606aa8cb2b9c504fb3b6af54c4515dc) Importer(815301076,1909f56bfc062723c751e8b465ee728b)
Start importing Assets/AllIn1VfxToolkit/Demo & Assets/Textures/Trails/GlowTrail.png using Guid(e606aa8cb2b9c504fb3b6af54c4515dc) Importer(815301076,1909f56bfc062723c751e8b465ee728b) (PreviewImporter) -> (artifact id: '9899cdcb113d4dd947351262ddc409fd') in 0.0158931 seconds
Number of updated asset objects reloaded before import = 0Number of asset objects unloaded after import = 2

========================================================================
Received Import Request.
  Time since last request: 0.000022 seconds.
  path: Assets/AllIn1VfxToolkit/Demo & Assets/Textures/Shapes/Glow5.png
  artifactKey: Guid(d93716c8e11b9164c8ed984e7767657b) Importer(815301076,1909f56bfc062723c751e8b465ee728b)
Start importing Assets/AllIn1VfxToolkit/Demo & Assets/Textures/Shapes/Glow5.png using Guid(d93716c8e11b9164c8ed984e7767657b) Importer(815301076,1909f56bfc062723c751e8b465ee728b) (PreviewImporter) -> (artifact id: '51c20644b384d2762811aa13e7bb5bff') in 0.0088523 seconds
Number of updated asset objects reloaded before import = 0Number of asset objects unloaded after import = 2

========================================================================
Received Import Request.
  Time since last request: 0.000021 seconds.
  path: Assets/AllIn1VfxToolkit/Demo & Assets/Textures/Shapes/Glow9.png
  artifactKey: Guid(2496ad0c893038d41b86c52cd3e5ad69) Importer(815301076,1909f56bfc062723c751e8b465ee728b)
Start importing Assets/AllIn1VfxToolkit/Demo & Assets/Textures/Shapes/Glow9.png using Guid(2496ad0c893038d41b86c52cd3e5ad69) Importer(815301076,1909f56bfc062723c751e8b465ee728b) (PreviewImporter) -> (artifact id: '4f46cf1b4320280628956a4fcf7dcf98') in 0.014139 seconds
Number of updated asset objects reloaded before import = 0Number of asset objects unloaded after import = 2

========================================================================
Received Import Request.
  Time since last request: 0.000024 seconds.
  path: Assets/AllIn1VfxToolkit/Demo & Assets/Textures/Greyscale Gradients/Gradient13.png
  artifactKey: Guid(180c2751e46bf154aa1be4187f24096a) Importer(815301076,1909f56bfc062723c751e8b465ee728b)
Start importing Assets/AllIn1VfxToolkit/Demo & Assets/Textures/Greyscale Gradients/Gradient13.png using Guid(180c2751e46bf154aa1be4187f24096a) Importer(815301076,1909f56bfc062723c751e8b465ee728b) (PreviewImporter) -> (artifact id: '1616f94ad3dfac8f7c35b8a7baf6b073') in 0.0104196 seconds
Number of updated asset objects reloaded before import = 0Number of asset objects unloaded after import = 2

========================================================================
Received Import Request.
  Time since last request: 0.000023 seconds.
  path: Assets/AllIn1VfxToolkit/Demo & Assets/Textures/Greyscale Gradients/Gradient2.png
  artifactKey: Guid(db8fa36fcfe9738418db54ee0fe17fdf) Importer(815301076,1909f56bfc062723c751e8b465ee728b)
Start importing Assets/AllIn1VfxToolkit/Demo & Assets/Textures/Greyscale Gradients/Gradient2.png using Guid(db8fa36fcfe9738418db54ee0fe17fdf) Importer(815301076,1909f56bfc062723c751e8b465ee728b) (PreviewImporter) -> (artifact id: '48ebfa0dc50d562c3bb384c3c35375b4') in 0.0138754 seconds
Number of updated asset objects reloaded before import = 0Number of asset objects unloaded after import = 2

========================================================================
Received Import Request.
  Time since last request: 0.000025 seconds.
  path: Assets/AllIn1VfxToolkit/Demo & Assets/Textures/Shapes/Glitter.png
  artifactKey: Guid(2da2e7bdab936ed4da2420ef01738b19) Importer(815301076,1909f56bfc062723c751e8b465ee728b)
Start importing Assets/AllIn1VfxToolkit/Demo & Assets/Textures/Shapes/Glitter.png using Guid(2da2e7bdab936ed4da2420ef01738b19) Importer(815301076,1909f56bfc062723c751e8b465ee728b) (PreviewImporter) -> (artifact id: 'b0849d204755acd6c5834b5bca0fca17') in 0.0175181 seconds
Number of updated asset objects reloaded before import = 0Number of asset objects unloaded after import = 2

========================================================================
Received Import Request.
  Time since last request: 0.000031 seconds.
  path: Assets/AllIn1VfxToolkit/Demo & Assets/Textures/Greyscale Gradients/Gradient20.png
  artifactKey: Guid(76ba854393aba634893a750ec98ef712) Importer(815301076,1909f56bfc062723c751e8b465ee728b)
Start importing Assets/AllIn1VfxToolkit/Demo & Assets/Textures/Greyscale Gradients/Gradient20.png using Guid(76ba854393aba634893a750ec98ef712) Importer(815301076,1909f56bfc062723c751e8b465ee728b) (PreviewImporter) -> (artifact id: 'ef429640c151d95ead40574153baea0a') in 0.0231834 seconds
Number of updated asset objects reloaded before import = 0Number of asset objects unloaded after import = 2

========================================================================
Received Import Request.
  Time since last request: 0.000026 seconds.
  path: Assets/AllIn1VfxToolkit/Demo & Assets/Textures/Others/GalaxyBackground.png
  artifactKey: Guid(d8272a3284e68304a90a760767eedd66) Importer(815301076,1909f56bfc062723c751e8b465ee728b)
Start importing Assets/AllIn1VfxToolkit/Demo & Assets/Textures/Others/GalaxyBackground.png using Guid(d8272a3284e68304a90a760767eedd66) Importer(815301076,1909f56bfc062723c751e8b465ee728b) (PreviewImporter) -> (artifact id: 'fcf472312598afcf1679ef549e65b987') in 0.0139334 seconds
Number of updated asset objects reloaded before import = 0Number of asset objects unloaded after import = 2

========================================================================
Received Import Request.
  Time since last request: 0.000023 seconds.
  path: Assets/AllIn1VfxToolkit/Demo & Assets/Textures/Shapes/FuzzyBall.png
  artifactKey: Guid(847ea1ff81649c64f816439a50363e6e) Importer(815301076,1909f56bfc062723c751e8b465ee728b)
Start importing Assets/AllIn1VfxToolkit/Demo & Assets/Textures/Shapes/FuzzyBall.png using Guid(847ea1ff81649c64f816439a50363e6e) Importer(815301076,1909f56bfc062723c751e8b465ee728b) (PreviewImporter) -> (artifact id: '3acdb94ad44db06f30300d177c5558e5') in 0.0161041 seconds
Number of updated asset objects reloaded before import = 0Number of asset objects unloaded after import = 2

========================================================================
Received Import Request.
  Time since last request: 0.000025 seconds.
  path: Assets/FunkyCode/SmartLighting2D/Resources/Textures/freeformedge.png
  artifactKey: Guid(52cbe11ac8e89604f921038865280a16) Importer(815301076,1909f56bfc062723c751e8b465ee728b)
Start importing Assets/FunkyCode/SmartLighting2D/Resources/Textures/freeformedge.png using Guid(52cbe11ac8e89604f921038865280a16) Importer(815301076,1909f56bfc062723c751e8b465ee728b) (PreviewImporter) -> (artifact id: 'd6930f44eb936c0ae98f3d8024d0219b') in 0.0134967 seconds
Number of updated asset objects reloaded before import = 0Number of asset objects unloaded after import = 2

========================================================================
Received Import Request.
  Time since last request: 0.000021 seconds.
  path: Assets/TextMesh Pro/Examples & Extras/Textures/Fruit Jelly (B&W).jpg
  artifactKey: Guid(1cdc5b506b1a4a33a53c30669ced1f51) Importer(815301076,1909f56bfc062723c751e8b465ee728b)
Start importing Assets/TextMesh Pro/Examples & Extras/Textures/Fruit Jelly (B&W).jpg using Guid(1cdc5b506b1a4a33a53c30669ced1f51) Importer(815301076,1909f56bfc062723c751e8b465ee728b) (PreviewImporter) -> (artifact id: '8cab14676a09c6f5051f685506bf574c') in 0.0086925 seconds
Number of updated asset objects reloaded before import = 0Number of asset objects unloaded after import = 2

========================================================================
Received Import Request.
  Time since last request: 0.000021 seconds.
  path: Assets/AllIn1VfxToolkit/Demo & Assets/Textures/Greyscale Gradients/Gradient15.png
  artifactKey: Guid(217fc87005ac259489568af0a0b797e2) Importer(815301076,1909f56bfc062723c751e8b465ee728b)
Start importing Assets/AllIn1VfxToolkit/Demo & Assets/Textures/Greyscale Gradients/Gradient15.png using Guid(217fc87005ac259489568af0a0b797e2) Importer(815301076,1909f56bfc062723c751e8b465ee728b) (PreviewImporter) -> (artifact id: '3483ec510f8a7b5984088f638b2f4f9b') in 0.0225247 seconds
Number of updated asset objects reloaded before import = 0Number of asset objects unloaded after import = 2

========================================================================
Received Import Request.
  Time since last request: 0.000026 seconds.
  path: Assets/AllIn1VfxToolkit/Demo & Assets/Textures/Greyscale Gradients/Gradient12.png
  artifactKey: Guid(ec1557ffbc011b24ebabf303fc4b3007) Importer(815301076,1909f56bfc062723c751e8b465ee728b)
Start importing Assets/AllIn1VfxToolkit/Demo & Assets/Textures/Greyscale Gradients/Gradient12.png using Guid(ec1557ffbc011b24ebabf303fc4b3007) Importer(815301076,1909f56bfc062723c751e8b465ee728b) (PreviewImporter) -> (artifact id: '296a262f11a3cc614f08eb563ec00335') in 0.0230377 seconds
Number of updated asset objects reloaded before import = 0Number of asset objects unloaded after import = 2

========================================================================
Received Import Request.
  Time since last request: 0.000032 seconds.
  path: Assets/AllIn1VfxToolkit/Demo & Assets/Textures/Greyscale Gradients/Gradient9.png
  artifactKey: Guid(6fddac60cf9eada4ebad96687cb4dea4) Importer(815301076,1909f56bfc062723c751e8b465ee728b)
Start importing Assets/AllIn1VfxToolkit/Demo & Assets/Textures/Greyscale Gradients/Gradient9.png using Guid(6fddac60cf9eada4ebad96687cb4dea4) Importer(815301076,1909f56bfc062723c751e8b465ee728b) (PreviewImporter) -> (artifact id: 'a4e108aff1680332366326f09792062d') in 0.0117689 seconds
Number of updated asset objects reloaded before import = 0Number of asset objects unloaded after import = 2

========================================================================
Received Import Request.
  Time since last request: 0.000023 seconds.
  path: Assets/AllIn1VfxToolkit/Demo & Assets/Textures/Shapes/Glow7.png
  artifactKey: Guid(cd7b080b80afb3c42923ecdf7222961d) Importer(815301076,1909f56bfc062723c751e8b465ee728b)
Start importing Assets/AllIn1VfxToolkit/Demo & Assets/Textures/Shapes/Glow7.png using Guid(cd7b080b80afb3c42923ecdf7222961d) Importer(815301076,1909f56bfc062723c751e8b465ee728b) (PreviewImporter) -> (artifact id: 'd1a606f17955f5c5502d5e079932d4b8') in 0.0155042 seconds
Number of updated asset objects reloaded before import = 0Number of asset objects unloaded after import = 2

========================================================================
Received Import Request.
  Time since last request: 0.000025 seconds.
  path: Assets/AllIn1VfxToolkit/Demo & Assets/Textures/Shapes/Glow8.png
  artifactKey: Guid(82fc731e9860d3d45b89f7daaf0e60b9) Importer(815301076,1909f56bfc062723c751e8b465ee728b)
Start importing Assets/AllIn1VfxToolkit/Demo & Assets/Textures/Shapes/Glow8.png using Guid(82fc731e9860d3d45b89f7daaf0e60b9) Importer(815301076,1909f56bfc062723c751e8b465ee728b) (PreviewImporter) -> (artifact id: '0961f65efb941888ca309b388864c22f') in 0.0151535 seconds
Number of updated asset objects reloaded before import = 0Number of asset objects unloaded after import = 2

========================================================================
Received Import Request.
  Time since last request: 7.761465 seconds.
  path: Assets/AllIn1VfxToolkit/Demo & Assets/Textures Demo/Textures/DistortionMapsCopyNoNormalMap/DistortionRing6.png
  artifactKey: Guid(5334adc9d348ba240a6a33fa0f6080bc) Importer(815301076,1909f56bfc062723c751e8b465ee728b)
Start importing Assets/AllIn1VfxToolkit/Demo & Assets/Textures Demo/Textures/DistortionMapsCopyNoNormalMap/DistortionRing6.png using Guid(5334adc9d348ba240a6a33fa0f6080bc) Importer(815301076,1909f56bfc062723c751e8b465ee728b) (PreviewImporter) -> (artifact id: 'c2ef2bfdc9de440f07c77262696d95c9') in 0.0087163 seconds
Number of updated asset objects reloaded before import = 0Number of asset objects unloaded after import = 2

========================================================================
Received Import Request.
  Time since last request: 0.000023 seconds.
  path: Assets/AllIn1VfxToolkit/Demo & Assets/Textures/Distortion Normal Maps/DistortionRing7.png
  artifactKey: Guid(3dba05276acc5984dae244172189a692) Importer(815301076,1909f56bfc062723c751e8b465ee728b)
Start importing Assets/AllIn1VfxToolkit/Demo & Assets/Textures/Distortion Normal Maps/DistortionRing7.png using Guid(3dba05276acc5984dae244172189a692) Importer(815301076,1909f56bfc062723c751e8b465ee728b) (PreviewImporter) -> (artifact id: '85e8b7d1728d435e821976adf08361d8') in 0.0175966 seconds
Number of updated asset objects reloaded before import = 0Number of asset objects unloaded after import = 2

========================================================================
Received Import Request.
  Time since last request: 0.000026 seconds.
  path: Assets/AllIn1VfxToolkit/Demo & Assets/Textures/Distortion Normal Maps/DistortionSmoke1.png
  artifactKey: Guid(514fa8f5dbd6a9a41838a5bb3227f175) Importer(815301076,1909f56bfc062723c751e8b465ee728b)
Start importing Assets/AllIn1VfxToolkit/Demo & Assets/Textures/Distortion Normal Maps/DistortionSmoke1.png using Guid(514fa8f5dbd6a9a41838a5bb3227f175) Importer(815301076,1909f56bfc062723c751e8b465ee728b) (PreviewImporter) -> (artifact id: '42a38349b7f7765780c4d774dabb1f57') in 0.0212043 seconds
Number of updated asset objects reloaded before import = 0Number of asset objects unloaded after import = 2

========================================================================
Received Import Request.
  Time since last request: 0.000035 seconds.
  path: Assets/AllIn1VfxToolkit/Demo & Assets/Textures Demo/Textures/DistortionMapsCopyNoNormalMap/DistortionRing8.png
  artifactKey: Guid(fe307f8c90575864ab4aa55b7cfd852c) Importer(815301076,1909f56bfc062723c751e8b465ee728b)
Start importing Assets/AllIn1VfxToolkit/Demo & Assets/Textures Demo/Textures/DistortionMapsCopyNoNormalMap/DistortionRing8.png using Guid(fe307f8c90575864ab4aa55b7cfd852c) Importer(815301076,1909f56bfc062723c751e8b465ee728b) (PreviewImporter) -> (artifact id: 'd4dce5ec276bbc39c6e472aaafdaea51') in 0.0159398 seconds
Number of updated asset objects reloaded before import = 0Number of asset objects unloaded after import = 2

========================================================================
Received Import Request.
  Time since last request: 0.000065 seconds.
  path: Assets/AllIn1VfxToolkit/Demo & Assets/Textures Demo/Textures/DistortionMapsCopyNoNormalMap/DistortionSmoke1.png
  artifactKey: Guid(4a96fffd6cd2c2b40b36eaaadd73bc8b) Importer(815301076,1909f56bfc062723c751e8b465ee728b)
Start importing Assets/AllIn1VfxToolkit/Demo & Assets/Textures Demo/Textures/DistortionMapsCopyNoNormalMap/DistortionSmoke1.png using Guid(4a96fffd6cd2c2b40b36eaaadd73bc8b) Importer(815301076,1909f56bfc062723c751e8b465ee728b) (PreviewImporter) -> (artifact id: 'f5c0038fa38582cba25694a5e5b831cf') in 0.0204698 seconds
Number of updated asset objects reloaded before import = 0Number of asset objects unloaded after import = 2

========================================================================
Received Import Request.
  Time since last request: 0.000023 seconds.
  path: Assets/AllIn1VfxToolkit/Demo & Assets/Textures Demo/Textures/DistortionMapsCopyNoNormalMap/DistortionSmoke3.png
  artifactKey: Guid(371c1dcc1ef9c8b428443c1ee0bdbfbd) Importer(815301076,1909f56bfc062723c751e8b465ee728b)
Start importing Assets/AllIn1VfxToolkit/Demo & Assets/Textures Demo/Textures/DistortionMapsCopyNoNormalMap/DistortionSmoke3.png using Guid(371c1dcc1ef9c8b428443c1ee0bdbfbd) Importer(815301076,1909f56bfc062723c751e8b465ee728b) (PreviewImporter) -> (artifact id: '7b908e01bc690397b24406e1b271542b') in 0.0135518 seconds
Number of updated asset objects reloaded before import = 0Number of asset objects unloaded after import = 2

========================================================================
Received Import Request.
  Time since last request: 0.000023 seconds.
  path: Assets/AllIn1VfxToolkit/Demo & Assets/Textures/Distortion Normal Maps/DistortionSmoke3.png
  artifactKey: Guid(7db16c68db1698547966a2ead9681a07) Importer(815301076,1909f56bfc062723c751e8b465ee728b)
Start importing Assets/AllIn1VfxToolkit/Demo & Assets/Textures/Distortion Normal Maps/DistortionSmoke3.png using Guid(7db16c68db1698547966a2ead9681a07) Importer(815301076,1909f56bfc062723c751e8b465ee728b) (PreviewImporter) -> (artifact id: '652838fa8832076a325923e36fcef350') in 0.0173237 seconds
Number of updated asset objects reloaded before import = 0Number of asset objects unloaded after import = 2

========================================================================
Received Import Request.
  Time since last request: 0.000022 seconds.
  path: Assets/AllIn1VfxToolkit/Demo & Assets/Textures/Distortion Normal Maps/DistortionRing9.png
  artifactKey: Guid(968ced3245e07e747b9c47c2b1ba2083) Importer(815301076,1909f56bfc062723c751e8b465ee728b)
Start importing Assets/AllIn1VfxToolkit/Demo & Assets/Textures/Distortion Normal Maps/DistortionRing9.png using Guid(968ced3245e07e747b9c47c2b1ba2083) Importer(815301076,1909f56bfc062723c751e8b465ee728b) (PreviewImporter) -> (artifact id: '329d282c3b16cfe81b0a467299dc7e44') in 0.0132204 seconds
Number of updated asset objects reloaded before import = 0Number of asset objects unloaded after import = 2

========================================================================
Received Import Request.
  Time since last request: 0.000024 seconds.
  path: Assets/AllIn1VfxToolkit/Demo & Assets/Textures/Distortion Normal Maps/DistortionRing8.png
  artifactKey: Guid(4b99188f86f281f4f9385d7c7be96288) Importer(815301076,1909f56bfc062723c751e8b465ee728b)
Start importing Assets/AllIn1VfxToolkit/Demo & Assets/Textures/Distortion Normal Maps/DistortionRing8.png using Guid(4b99188f86f281f4f9385d7c7be96288) Importer(815301076,1909f56bfc062723c751e8b465ee728b) (PreviewImporter) -> (artifact id: '73cf2c89814d9551fd23c27dd98c6a69') in 0.0133984 seconds
Number of updated asset objects reloaded before import = 0Number of asset objects unloaded after import = 2

========================================================================
Received Import Request.
  Time since last request: 0.000026 seconds.
  path: Assets/AllIn1VfxToolkit/Demo & Assets/Textures Demo/Textures/DistortionMapsCopyNoNormalMap/DistortionSmoke2.png
  artifactKey: Guid(2929a45fd423ca840a2288440b43a021) Importer(815301076,1909f56bfc062723c751e8b465ee728b)
Start importing Assets/AllIn1VfxToolkit/Demo & Assets/Textures Demo/Textures/DistortionMapsCopyNoNormalMap/DistortionSmoke2.png using Guid(2929a45fd423ca840a2288440b43a021) Importer(815301076,1909f56bfc062723c751e8b465ee728b) (PreviewImporter) -> (artifact id: '9ca431908f9099febf432045f0537e2f') in 0.0180517 seconds
Number of updated asset objects reloaded before import = 0Number of asset objects unloaded after import = 2

========================================================================
Received Import Request.
  Time since last request: 0.000033 seconds.
  path: Assets/AllIn1VfxToolkit/Demo & Assets/Textures Demo/Textures/DistortionMapsCopyNoNormalMap/DistortionRing9.png
  artifactKey: Guid(14ee5bcdf1b307141b47d7c1d59dc315) Importer(815301076,1909f56bfc062723c751e8b465ee728b)
Start importing Assets/AllIn1VfxToolkit/Demo & Assets/Textures Demo/Textures/DistortionMapsCopyNoNormalMap/DistortionRing9.png using Guid(14ee5bcdf1b307141b47d7c1d59dc315) Importer(815301076,1909f56bfc062723c751e8b465ee728b) (PreviewImporter) -> (artifact id: '1ac6bcf1b7fbd618a5526abfe8c4488c') in 0.0173208 seconds
Number of updated asset objects reloaded before import = 0Number of asset objects unloaded after import = 2

========================================================================
Received Import Request.
  Time since last request: 0.000023 seconds.
  path: Assets/AllIn1VfxToolkit/Demo & Assets/Textures/Distortion Normal Maps/DistortionSmoke2.png
  artifactKey: Guid(3c3d741479bfdfd469f267e0c60b09df) Importer(815301076,1909f56bfc062723c751e8b465ee728b)
Start importing Assets/AllIn1VfxToolkit/Demo & Assets/Textures/Distortion Normal Maps/DistortionSmoke2.png using Guid(3c3d741479bfdfd469f267e0c60b09df) Importer(815301076,1909f56bfc062723c751e8b465ee728b) (PreviewImporter) -> (artifact id: 'a6e3829e7dc442e4d32b246feb4c7463') in 0.0245985 seconds
Number of updated asset objects reloaded before import = 0Number of asset objects unloaded after import = 2

========================================================================
Received Import Request.
  Time since last request: 0.000025 seconds.
  path: Assets/AllIn1VfxToolkit/Demo & Assets/Textures Demo/Textures/DistortionMapsCopyNoNormalMap/DistortionRing7.png
  artifactKey: Guid(d5cc6560bc07bbf4189cabfdb50a0105) Importer(815301076,1909f56bfc062723c751e8b465ee728b)
Start importing Assets/AllIn1VfxToolkit/Demo & Assets/Textures Demo/Textures/DistortionMapsCopyNoNormalMap/DistortionRing7.png using Guid(d5cc6560bc07bbf4189cabfdb50a0105) Importer(815301076,1909f56bfc062723c751e8b465ee728b) (PreviewImporter) -> (artifact id: '7b22a2f192849af18bb7493b7a294dad') in 0.0148808 seconds
Number of updated asset objects reloaded before import = 0Number of asset objects unloaded after import = 2

========================================================================
Received Import Request.
  Time since last request: 0.084247 seconds.
  path: Assets/AllIn1VfxToolkit/Demo & Assets/Textures/Distortion Normal Maps/DistortionCrack4.png
  artifactKey: Guid(e424eb4cb7960524690aabbed1b139b8) Importer(815301076,1909f56bfc062723c751e8b465ee728b)
Start importing Assets/AllIn1VfxToolkit/Demo & Assets/Textures/Distortion Normal Maps/DistortionCrack4.png using Guid(e424eb4cb7960524690aabbed1b139b8) Importer(815301076,1909f56bfc062723c751e8b465ee728b) (PreviewImporter) -> (artifact id: 'bac6767bcd00fa3009bf7e85599ffec3') in 0.0174214 seconds
Number of updated asset objects reloaded before import = 0Number of asset objects unloaded after import = 2

========================================================================
Received Import Request.
  Time since last request: 0.000023 seconds.
  path: Assets/AllIn1VfxToolkit/Demo & Assets/Textures Demo/Textures/DistortionMapsCopyNoNormalMap/DistortionNoise1.png
  artifactKey: Guid(2a6ab839a7812b942a94137d6565591f) Importer(815301076,1909f56bfc062723c751e8b465ee728b)
Start importing Assets/AllIn1VfxToolkit/Demo & Assets/Textures Demo/Textures/DistortionMapsCopyNoNormalMap/DistortionNoise1.png using Guid(2a6ab839a7812b942a94137d6565591f) Importer(815301076,1909f56bfc062723c751e8b465ee728b) (PreviewImporter) -> (artifact id: 'd6bf6bb634afad72ab5d48e1e3076c2a') in 0.009944 seconds
Number of updated asset objects reloaded before import = 0Number of asset objects unloaded after import = 2

========================================================================
Received Import Request.
  Time since last request: 0.000023 seconds.
  path: Assets/AllIn1VfxToolkit/Demo & Assets/Textures/Distortion Normal Maps/DistortionNoise6.png
  artifactKey: Guid(af4483eb2c800b84f9958a3eb8dfb042) Importer(815301076,1909f56bfc062723c751e8b465ee728b)
Start importing Assets/AllIn1VfxToolkit/Demo & Assets/Textures/Distortion Normal Maps/DistortionNoise6.png using Guid(af4483eb2c800b84f9958a3eb8dfb042) Importer(815301076,1909f56bfc062723c751e8b465ee728b) (PreviewImporter) -> (artifact id: 'fae33d08611a15d4303053dfb989388b') in 0.0159644 seconds
Number of updated asset objects reloaded before import = 0Number of asset objects unloaded after import = 2

========================================================================
Received Import Request.
  Time since last request: 0.000022 seconds.
  path: Assets/AllIn1VfxToolkit/Demo & Assets/Textures Demo/Textures/DistortionMapsCopyNoNormalMap/DistortionRing1.png
  artifactKey: Guid(b3b4eee8c1539dd4b830a72b0ec85f9f) Importer(815301076,1909f56bfc062723c751e8b465ee728b)
Start importing Assets/AllIn1VfxToolkit/Demo & Assets/Textures Demo/Textures/DistortionMapsCopyNoNormalMap/DistortionRing1.png using Guid(b3b4eee8c1539dd4b830a72b0ec85f9f) Importer(815301076,1909f56bfc062723c751e8b465ee728b) (PreviewImporter) -> (artifact id: 'c56495c79183984af944f41dc140cab3') in 0.0093729 seconds
Number of updated asset objects reloaded before import = 0Number of asset objects unloaded after import = 2

========================================================================
Received Import Request.
  Time since last request: 0.000021 seconds.
  path: Assets/AllIn1VfxToolkit/Demo & Assets/Textures Demo/Textures/DistortionMapsCopyNoNormalMap/DistortionRing5.png
  artifactKey: Guid(9c20223444eca14428bf54264b34ffc9) Importer(815301076,1909f56bfc062723c751e8b465ee728b)
Start importing Assets/AllIn1VfxToolkit/Demo & Assets/Textures Demo/Textures/DistortionMapsCopyNoNormalMap/DistortionRing5.png using Guid(9c20223444eca14428bf54264b34ffc9) Importer(815301076,1909f56bfc062723c751e8b465ee728b) (PreviewImporter) -> (artifact id: '2f81b666b0caab8879c7a90b423345ad') in 0.0115165 seconds
Number of updated asset objects reloaded before import = 0Number of asset objects unloaded after import = 2

========================================================================
Received Import Request.
  Time since last request: 0.000021 seconds.
  path: Assets/AllIn1VfxToolkit/Demo & Assets/Textures Demo/Textures/DistortionMapsCopyNoNormalMap/DistortionRing2.png
  artifactKey: Guid(28dbf36f8e0ce7e4585ce979a0bec96a) Importer(815301076,1909f56bfc062723c751e8b465ee728b)
Start importing Assets/AllIn1VfxToolkit/Demo & Assets/Textures Demo/Textures/DistortionMapsCopyNoNormalMap/DistortionRing2.png using Guid(28dbf36f8e0ce7e4585ce979a0bec96a) Importer(815301076,1909f56bfc062723c751e8b465ee728b) (PreviewImporter) -> (artifact id: '9d5279278ff063582c76532ddd7ff3a3') in 0.0136024 seconds
Number of updated asset objects reloaded before import = 0Number of asset objects unloaded after import = 2

========================================================================
Received Import Request.
  Time since last request: 0.000022 seconds.
  path: Assets/AllIn1VfxToolkit/Demo & Assets/Textures Demo/Textures/DistortionMapsCopyNoNormalMap/DistortionRing3.png
  artifactKey: Guid(5c73573ed53e7254f8c1c2a23e79e1d0) Importer(815301076,1909f56bfc062723c751e8b465ee728b)
Start importing Assets/AllIn1VfxToolkit/Demo & Assets/Textures Demo/Textures/DistortionMapsCopyNoNormalMap/DistortionRing3.png using Guid(5c73573ed53e7254f8c1c2a23e79e1d0) Importer(815301076,1909f56bfc062723c751e8b465ee728b) (PreviewImporter) -> (artifact id: '56cd591327c31f003bf0e70f326e20c2') in 0.011048 seconds
Number of updated asset objects reloaded before import = 0Number of asset objects unloaded after import = 2

========================================================================
Received Import Request.
  Time since last request: 0.000029 seconds.
  path: Assets/AllIn1VfxToolkit/Demo & Assets/Textures Demo/Textures/DistortionMapsCopyNoNormalMap/DistortionNoise3.png
  artifactKey: Guid(48d3abb3e4e72c644859cb1abc2b6d14) Importer(815301076,1909f56bfc062723c751e8b465ee728b)
Start importing Assets/AllIn1VfxToolkit/Demo & Assets/Textures Demo/Textures/DistortionMapsCopyNoNormalMap/DistortionNoise3.png using Guid(48d3abb3e4e72c644859cb1abc2b6d14) Importer(815301076,1909f56bfc062723c751e8b465ee728b) (PreviewImporter) -> (artifact id: '9ed1913ebe4bfdeb89d6abfd59c5f5fa') in 0.0131579 seconds
Number of updated asset objects reloaded before import = 0Number of asset objects unloaded after import = 2

========================================================================
Received Import Request.
  Time since last request: 0.000023 seconds.
  path: Assets/AllIn1VfxToolkit/Demo & Assets/Textures Demo/Textures/DistortionMapsCopyNoNormalMap/DistortionNoise6.png
  artifactKey: Guid(30d5c642fd059ca46a2eb9966402086c) Importer(815301076,1909f56bfc062723c751e8b465ee728b)
Start importing Assets/AllIn1VfxToolkit/Demo & Assets/Textures Demo/Textures/DistortionMapsCopyNoNormalMap/DistortionNoise6.png using Guid(30d5c642fd059ca46a2eb9966402086c) Importer(815301076,1909f56bfc062723c751e8b465ee728b) (PreviewImporter) -> (artifact id: '973972efb12a272c64efa5473b6fc417') in 0.0202364 seconds
Number of updated asset objects reloaded before import = 0Number of asset objects unloaded after import = 2

========================================================================
Received Import Request.
  Time since last request: 0.000022 seconds.
  path: Assets/AllIn1VfxToolkit/Demo & Assets/Textures/Distortion Normal Maps/DistortionNoise2.png
  artifactKey: Guid(4df3129a4e83fc7489fefb7483b2dd2b) Importer(815301076,1909f56bfc062723c751e8b465ee728b)
Start importing Assets/AllIn1VfxToolkit/Demo & Assets/Textures/Distortion Normal Maps/DistortionNoise2.png using Guid(4df3129a4e83fc7489fefb7483b2dd2b) Importer(815301076,1909f56bfc062723c751e8b465ee728b) (PreviewImporter) -> (artifact id: 'b56048342de8c89610dfca711aa95f37') in 0.0201673 seconds
Number of updated asset objects reloaded before import = 0Number of asset objects unloaded after import = 2

========================================================================
Received Import Request.
  Time since last request: 0.000022 seconds.
  path: Assets/AllIn1VfxToolkit/Demo & Assets/Textures/Distortion Normal Maps/DistortionNoise5.png
  artifactKey: Guid(efd944b7ef7d9924c84d8e5c61c7d439) Importer(815301076,1909f56bfc062723c751e8b465ee728b)
Start importing Assets/AllIn1VfxToolkit/Demo & Assets/Textures/Distortion Normal Maps/DistortionNoise5.png using Guid(efd944b7ef7d9924c84d8e5c61c7d439) Importer(815301076,1909f56bfc062723c751e8b465ee728b) (PreviewImporter) -> (artifact id: '697b962886b216bcebcf1521a03ea6d1') in 0.0186087 seconds
Number of updated asset objects reloaded before import = 0Number of asset objects unloaded after import = 2

========================================================================
Received Import Request.
  Time since last request: 0.000025 seconds.
  path: Assets/AllIn1VfxToolkit/Demo & Assets/Textures/Distortion Normal Maps/DistortionRing3.png
  artifactKey: Guid(ff4535b1267f68549a4cf85e8899d041) Importer(815301076,1909f56bfc062723c751e8b465ee728b)
Start importing Assets/AllIn1VfxToolkit/Demo & Assets/Textures/Distortion Normal Maps/DistortionRing3.png using Guid(ff4535b1267f68549a4cf85e8899d041) Importer(815301076,1909f56bfc062723c751e8b465ee728b) (PreviewImporter) -> (artifact id: 'f80686585707886745f2e94bdd492e87') in 0.0143328 seconds
Number of updated asset objects reloaded before import = 0Number of asset objects unloaded after import = 2

========================================================================
Received Import Request.
  Time since last request: 0.000022 seconds.
  path: Assets/AllIn1VfxToolkit/Demo & Assets/Textures Demo/Textures/DistortionMapsCopyNoNormalMap/DistortionMuzzle1.png
  artifactKey: Guid(cc0515fed32fa5e4fac35c103132eddc) Importer(815301076,1909f56bfc062723c751e8b465ee728b)
Start importing Assets/AllIn1VfxToolkit/Demo & Assets/Textures Demo/Textures/DistortionMapsCopyNoNormalMap/DistortionMuzzle1.png using Guid(cc0515fed32fa5e4fac35c103132eddc) Importer(815301076,1909f56bfc062723c751e8b465ee728b) (PreviewImporter) -> (artifact id: '6bb1ff4c017da69e96f1f88785a2b89b') in 0.0143254 seconds
Number of updated asset objects reloaded before import = 0Number of asset objects unloaded after import = 2

========================================================================
Received Import Request.
  Time since last request: 0.000027 seconds.
  path: Assets/AllIn1VfxToolkit/Demo & Assets/Textures Demo/Textures/DistortionMapsCopyNoNormalMap/DistortionCrack5.png
  artifactKey: Guid(45b82e4eeaacd5a4282e735ccea5a10c) Importer(815301076,1909f56bfc062723c751e8b465ee728b)
Start importing Assets/AllIn1VfxToolkit/Demo & Assets/Textures Demo/Textures/DistortionMapsCopyNoNormalMap/DistortionCrack5.png using Guid(45b82e4eeaacd5a4282e735ccea5a10c) Importer(815301076,1909f56bfc062723c751e8b465ee728b) (PreviewImporter) -> (artifact id: '63b2f333c27559afc122e22d1c676661') in 0.0141819 seconds
Number of updated asset objects reloaded before import = 0Number of asset objects unloaded after import = 2

========================================================================
Received Import Request.
  Time since last request: 0.000034 seconds.
  path: Assets/AllIn1VfxToolkit/Demo & Assets/Textures/Distortion Normal Maps/DistortionMuzzle1.png
  artifactKey: Guid(a21bac4b62c1781469ccd34ff68186fb) Importer(815301076,1909f56bfc062723c751e8b465ee728b)
Start importing Assets/AllIn1VfxToolkit/Demo & Assets/Textures/Distortion Normal Maps/DistortionMuzzle1.png using Guid(a21bac4b62c1781469ccd34ff68186fb) Importer(815301076,1909f56bfc062723c751e8b465ee728b) (PreviewImporter) -> (artifact id: '78361209f074a64b5e5530e214a9f449') in 0.0166106 seconds
Number of updated asset objects reloaded before import = 0Number of asset objects unloaded after import = 2

========================================================================
Received Import Request.
  Time since last request: 0.000024 seconds.
  path: Assets/AllIn1VfxToolkit/Demo & Assets/Textures Demo/Textures/DistortionMapsCopyNoNormalMap/DistortionNoise2.png
  artifactKey: Guid(40b9e7977605fda49890944d74e81e60) Importer(815301076,1909f56bfc062723c751e8b465ee728b)
Start importing Assets/AllIn1VfxToolkit/Demo & Assets/Textures Demo/Textures/DistortionMapsCopyNoNormalMap/DistortionNoise2.png using Guid(40b9e7977605fda49890944d74e81e60) Importer(815301076,1909f56bfc062723c751e8b465ee728b) (PreviewImporter) -> (artifact id: '6cde798823c04a9291161489e7a6f02e') in 0.0143994 seconds
Number of updated asset objects reloaded before import = 0Number of asset objects unloaded after import = 2

========================================================================
Received Import Request.
  Time since last request: 0.000022 seconds.
  path: Assets/AllIn1VfxToolkit/Demo & Assets/Textures Demo/Textures/DistortionMapsCopyNoNormalMap/DistortionRing4.png
  artifactKey: Guid(a2679d0367ecbfd418dab0207bc53990) Importer(815301076,1909f56bfc062723c751e8b465ee728b)
Start importing Assets/AllIn1VfxToolkit/Demo & Assets/Textures Demo/Textures/DistortionMapsCopyNoNormalMap/DistortionRing4.png using Guid(a2679d0367ecbfd418dab0207bc53990) Importer(815301076,1909f56bfc062723c751e8b465ee728b) (PreviewImporter) -> (artifact id: '868e7139b5c16a1314f6c98e00ef6e35') in 0.0131641 seconds
Number of updated asset objects reloaded before import = 0Number of asset objects unloaded after import = 2

========================================================================
Received Import Request.
  Time since last request: 0.000021 seconds.
  path: Assets/AllIn1VfxToolkit/Demo & Assets/Textures/Distortion Normal Maps/DistortionRing1.png
  artifactKey: Guid(ade3cde30ba57a3409a45d464098c492) Importer(815301076,1909f56bfc062723c751e8b465ee728b)
Start importing Assets/AllIn1VfxToolkit/Demo & Assets/Textures/Distortion Normal Maps/DistortionRing1.png using Guid(ade3cde30ba57a3409a45d464098c492) Importer(815301076,1909f56bfc062723c751e8b465ee728b) (PreviewImporter) -> (artifact id: '3fc48327b68fb8278ae1c472f79503c2') in 0.0155971 seconds
Number of updated asset objects reloaded before import = 0Number of asset objects unloaded after import = 2

========================================================================
Received Import Request.
  Time since last request: 0.000020 seconds.
  path: Assets/AllIn1VfxToolkit/Demo & Assets/Textures/Distortion Normal Maps/DistortionRing2.png
  artifactKey: Guid(d026189e59bc93641b870d5ea579b597) Importer(815301076,1909f56bfc062723c751e8b465ee728b)
Start importing Assets/AllIn1VfxToolkit/Demo & Assets/Textures/Distortion Normal Maps/DistortionRing2.png using Guid(d026189e59bc93641b870d5ea579b597) Importer(815301076,1909f56bfc062723c751e8b465ee728b) (PreviewImporter) -> (artifact id: '87395ac395ed39359a6f89f3596aa4d2') in 0.0136901 seconds
Number of updated asset objects reloaded before import = 0Number of asset objects unloaded after import = 2

========================================================================
Received Import Request.
  Time since last request: 0.000022 seconds.
  path: Assets/AllIn1VfxToolkit/Demo & Assets/Textures/Distortion Normal Maps/DistortionCrack5.png
  artifactKey: Guid(0e82d11afaec6d3439983fad455f5765) Importer(815301076,1909f56bfc062723c751e8b465ee728b)
Start importing Assets/AllIn1VfxToolkit/Demo & Assets/Textures/Distortion Normal Maps/DistortionCrack5.png using Guid(0e82d11afaec6d3439983fad455f5765) Importer(815301076,1909f56bfc062723c751e8b465ee728b) (PreviewImporter) -> (artifact id: 'eb91608cf9768f7b0ff81020fd64bcf9') in 0.014798 seconds
Number of updated asset objects reloaded before import = 0Number of asset objects unloaded after import = 2

========================================================================
Received Import Request.
  Time since last request: 0.000025 seconds.
  path: Assets/AllIn1VfxToolkit/Demo & Assets/Textures/Distortion Normal Maps/DistortionRing5.png
  artifactKey: Guid(1453557f5878b5148b5d1d5bbfb951e4) Importer(815301076,1909f56bfc062723c751e8b465ee728b)
Start importing Assets/AllIn1VfxToolkit/Demo & Assets/Textures/Distortion Normal Maps/DistortionRing5.png using Guid(1453557f5878b5148b5d1d5bbfb951e4) Importer(815301076,1909f56bfc062723c751e8b465ee728b) (PreviewImporter) -> (artifact id: 'a5747f9afb0bcb487365947c409cdec8') in 0.0176162 seconds
Number of updated asset objects reloaded before import = 0Number of asset objects unloaded after import = 2

========================================================================
Received Import Request.
  Time since last request: 0.000034 seconds.
  path: Assets/AllIn1VfxToolkit/Demo & Assets/Textures Demo/Textures/DistortionMapsCopyNoNormalMap/DistortionNoise5.png
  artifactKey: Guid(c38751927b360b043a69e6bbb75f16b6) Importer(815301076,1909f56bfc062723c751e8b465ee728b)
Start importing Assets/AllIn1VfxToolkit/Demo & Assets/Textures Demo/Textures/DistortionMapsCopyNoNormalMap/DistortionNoise5.png using Guid(c38751927b360b043a69e6bbb75f16b6) Importer(815301076,1909f56bfc062723c751e8b465ee728b) (PreviewImporter) -> (artifact id: '55a5e6fce6822e4881a9d89fac96c20b') in 0.0216721 seconds
Number of updated asset objects reloaded before import = 0Number of asset objects unloaded after import = 2

========================================================================
Received Import Request.
  Time since last request: 0.000026 seconds.
  path: Assets/AllIn1VfxToolkit/Demo & Assets/Textures Demo/Textures/DistortionMapsCopyNoNormalMap/DistortionNoise4.png
  artifactKey: Guid(21340ed5389300345847a71d6294a66f) Importer(815301076,1909f56bfc062723c751e8b465ee728b)
Start importing Assets/AllIn1VfxToolkit/Demo & Assets/Textures Demo/Textures/DistortionMapsCopyNoNormalMap/DistortionNoise4.png using Guid(21340ed5389300345847a71d6294a66f) Importer(815301076,1909f56bfc062723c751e8b465ee728b) (PreviewImporter) -> (artifact id: 'ef9a6bef23131efa73b168ace2fbcecb') in 0.0209447 seconds
Number of updated asset objects reloaded before import = 0Number of asset objects unloaded after import = 2

========================================================================
Received Import Request.
  Time since last request: 0.000020 seconds.
  path: Assets/AllIn1VfxToolkit/Demo & Assets/Textures/Distortion Normal Maps/DistortionNoise1.png
  artifactKey: Guid(18857cd14a0352f478bd53ac25cf0e71) Importer(815301076,1909f56bfc062723c751e8b465ee728b)
Start importing Assets/AllIn1VfxToolkit/Demo & Assets/Textures/Distortion Normal Maps/DistortionNoise1.png using Guid(18857cd14a0352f478bd53ac25cf0e71) Importer(815301076,1909f56bfc062723c751e8b465ee728b) (PreviewImporter) -> (artifact id: '9be32b5b5427e3b290f634588aaf73d8') in 0.0136943 seconds
Number of updated asset objects reloaded before import = 0Number of asset objects unloaded after import = 2

========================================================================
Received Import Request.
  Time since last request: 0.000021 seconds.
  path: Assets/AllIn1VfxToolkit/Demo & Assets/Textures/Distortion Normal Maps/DistortionRing4.png
  artifactKey: Guid(0712beada40c0f44d96754f6d5649a7c) Importer(815301076,1909f56bfc062723c751e8b465ee728b)
Start importing Assets/AllIn1VfxToolkit/Demo & Assets/Textures/Distortion Normal Maps/DistortionRing4.png using Guid(0712beada40c0f44d96754f6d5649a7c) Importer(815301076,1909f56bfc062723c751e8b465ee728b) (PreviewImporter) -> (artifact id: 'c8dffa03bf59d10a3704a1e2dc6a2ece') in 0.0151697 seconds
Number of updated asset objects reloaded before import = 0Number of asset objects unloaded after import = 2

========================================================================
Received Import Request.
  Time since last request: 0.000026 seconds.
  path: Assets/AllIn1VfxToolkit/Demo & Assets/Textures/Distortion Normal Maps/DistortionRing6.png
  artifactKey: Guid(06907d08092c41f4aa8b5b3cbe5f9fa2) Importer(815301076,1909f56bfc062723c751e8b465ee728b)
Start importing Assets/AllIn1VfxToolkit/Demo & Assets/Textures/Distortion Normal Maps/DistortionRing6.png using Guid(06907d08092c41f4aa8b5b3cbe5f9fa2) Importer(815301076,1909f56bfc062723c751e8b465ee728b) (PreviewImporter) -> (artifact id: 'dc5b0cbeb58e57b655028c06d1a684af') in 0.0169871 seconds
Number of updated asset objects reloaded before import = 0Number of asset objects unloaded after import = 2

========================================================================
Received Import Request.
  Time since last request: 0.000023 seconds.
  path: Assets/AllIn1VfxToolkit/Demo & Assets/Textures/Distortion Normal Maps/DistortionNoise3.png
  artifactKey: Guid(fb27706c59bc7d54eb6f89c9fb87c8ee) Importer(815301076,1909f56bfc062723c751e8b465ee728b)
Start importing Assets/AllIn1VfxToolkit/Demo & Assets/Textures/Distortion Normal Maps/DistortionNoise3.png using Guid(fb27706c59bc7d54eb6f89c9fb87c8ee) Importer(815301076,1909f56bfc062723c751e8b465ee728b) (PreviewImporter) -> (artifact id: '240c50a7053e188fc693bc916646eefc') in 0.0115852 seconds
Number of updated asset objects reloaded before import = 0Number of asset objects unloaded after import = 2

========================================================================
Received Import Request.
  Time since last request: 0.000033 seconds.
  path: Assets/AllIn1VfxToolkit/Demo & Assets/Textures/Distortion Normal Maps/DistortionNoise4.png
  artifactKey: Guid(532352e4315eba74a97dac8686a3c3c3) Importer(815301076,1909f56bfc062723c751e8b465ee728b)
Start importing Assets/AllIn1VfxToolkit/Demo & Assets/Textures/Distortion Normal Maps/DistortionNoise4.png using Guid(532352e4315eba74a97dac8686a3c3c3) Importer(815301076,1909f56bfc062723c751e8b465ee728b) (PreviewImporter) -> (artifact id: '7a7eadd440aa6c8f33f4a89da2f3b0e9') in 0.0148465 seconds
Number of updated asset objects reloaded before import = 0Number of asset objects unloaded after import = 2

========================================================================
Received Import Request.
  Time since last request: 0.619623 seconds.
  path: Assets/AllIn1VfxToolkit/Demo & Assets/Textures/Distortion Normal Maps/DistortionCircle10.png
  artifactKey: Guid(3726cc82a752f88458dd4ccdb496bef6) Importer(815301076,1909f56bfc062723c751e8b465ee728b)
Start importing Assets/AllIn1VfxToolkit/Demo & Assets/Textures/Distortion Normal Maps/DistortionCircle10.png using Guid(3726cc82a752f88458dd4ccdb496bef6) Importer(815301076,1909f56bfc062723c751e8b465ee728b) (PreviewImporter) -> (artifact id: 'b1c8362b38c3ba62fd2c091c315fd229') in 0.0133297 seconds
Number of updated asset objects reloaded before import = 0Number of asset objects unloaded after import = 2

========================================================================
Received Import Request.
  Time since last request: 0.000022 seconds.
  path: Assets/AllIn1VfxToolkit/Demo & Assets/Textures Demo/Textures/DistortionMapsCopyNoNormalMap/DistortionCone1.png
  artifactKey: Guid(ee8946f81a19f1c4393214ee0fce09d2) Importer(815301076,1909f56bfc062723c751e8b465ee728b)
Start importing Assets/AllIn1VfxToolkit/Demo & Assets/Textures Demo/Textures/DistortionMapsCopyNoNormalMap/DistortionCone1.png using Guid(ee8946f81a19f1c4393214ee0fce09d2) Importer(815301076,1909f56bfc062723c751e8b465ee728b) (PreviewImporter) -> (artifact id: '07b182b18450dc081df7a1a051b90a8b') in 0.0116393 seconds
Number of updated asset objects reloaded before import = 0Number of asset objects unloaded after import = 2

========================================================================
Received Import Request.
  Time since last request: 0.000022 seconds.
  path: Assets/AllIn1VfxToolkit/Demo & Assets/Textures/Distortion Normal Maps/DistortionCrack2.png
  artifactKey: Guid(e262308e431a6b645970dfbfd17e41c0) Importer(815301076,1909f56bfc062723c751e8b465ee728b)
Start importing Assets/AllIn1VfxToolkit/Demo & Assets/Textures/Distortion Normal Maps/DistortionCrack2.png using Guid(e262308e431a6b645970dfbfd17e41c0) Importer(815301076,1909f56bfc062723c751e8b465ee728b) (PreviewImporter) -> (artifact id: '65174ae869ff063e56804f0282d05c48') in 0.0154051 seconds
Number of updated asset objects reloaded before import = 0Number of asset objects unloaded after import = 2

========================================================================
Received Import Request.
  Time since last request: 0.000027 seconds.
  path: Assets/AllIn1VfxToolkit/Demo & Assets/Textures/Distortion Normal Maps/DistortionCone2.png
  artifactKey: Guid(7f3f2f99ebeed1e46933011e736a236d) Importer(815301076,1909f56bfc062723c751e8b465ee728b)
Start importing Assets/AllIn1VfxToolkit/Demo & Assets/Textures/Distortion Normal Maps/DistortionCone2.png using Guid(7f3f2f99ebeed1e46933011e736a236d) Importer(815301076,1909f56bfc062723c751e8b465ee728b) (PreviewImporter) -> (artifact id: '0b15eff1b268fe80e94d1119d5a6afa0') in 0.0163741 seconds
Number of updated asset objects reloaded before import = 0Number of asset objects unloaded after import = 2

========================================================================
Received Import Request.
  Time since last request: 0.000023 seconds.
  path: Assets/AllIn1VfxToolkit/Demo & Assets/Textures Demo/Textures/DistortionMapsCopyNoNormalMap/Distortion3.png
  artifactKey: Guid(3afd0d8bf19c67741b04d109fef36ce4) Importer(815301076,1909f56bfc062723c751e8b465ee728b)
Start importing Assets/AllIn1VfxToolkit/Demo & Assets/Textures Demo/Textures/DistortionMapsCopyNoNormalMap/Distortion3.png using Guid(3afd0d8bf19c67741b04d109fef36ce4) Importer(815301076,1909f56bfc062723c751e8b465ee728b) (PreviewImporter) -> (artifact id: '03f0bb3e665d77aedce818d98419790a') in 0.013548 seconds
Number of updated asset objects reloaded before import = 0Number of asset objects unloaded after import = 2

========================================================================
Received Import Request.
  Time since last request: 0.000026 seconds.
  path: Assets/AllIn1VfxToolkit/Demo & Assets/Textures Demo/Textures/DistortionMapsCopyNoNormalMap/DistortionCircle10.png
  artifactKey: Guid(348fd07389c819d4cb7c2e287d2ee5aa) Importer(815301076,1909f56bfc062723c751e8b465ee728b)
Start importing Assets/AllIn1VfxToolkit/Demo & Assets/Textures Demo/Textures/DistortionMapsCopyNoNormalMap/DistortionCircle10.png using Guid(348fd07389c819d4cb7c2e287d2ee5aa) Importer(815301076,1909f56bfc062723c751e8b465ee728b) (PreviewImporter) -> (artifact id: '6503ee9c9142bbaef9b64d6dd72f01b5') in 0.021033 seconds
Number of updated asset objects reloaded before import = 0Number of asset objects unloaded after import = 2

========================================================================
Received Import Request.
  Time since last request: 0.000033 seconds.
  path: Assets/AllIn1VfxToolkit/Demo & Assets/Textures Demo/Textures/DistortionMapsCopyNoNormalMap/DistortionCircle7.png
  artifactKey: Guid(4e274f3f5a3ed2342a5cdf552b4cff69) Importer(815301076,1909f56bfc062723c751e8b465ee728b)
Start importing Assets/AllIn1VfxToolkit/Demo & Assets/Textures Demo/Textures/DistortionMapsCopyNoNormalMap/DistortionCircle7.png using Guid(4e274f3f5a3ed2342a5cdf552b4cff69) Importer(815301076,1909f56bfc062723c751e8b465ee728b) (PreviewImporter) -> (artifact id: '434b510b625b59d0c25e13d19c65097c') in 0.0168379 seconds
Number of updated asset objects reloaded before import = 0Number of asset objects unloaded after import = 2

========================================================================
Received Import Request.
  Time since last request: 0.000021 seconds.
  path: Assets/AllIn1VfxToolkit/Demo & Assets/Textures Demo/Textures/DistortionMapsCopyNoNormalMap/Distortion2.png
  artifactKey: Guid(8581e487a49043f42a9bfa71819742da) Importer(815301076,1909f56bfc062723c751e8b465ee728b)
Start importing Assets/AllIn1VfxToolkit/Demo & Assets/Textures Demo/Textures/DistortionMapsCopyNoNormalMap/Distortion2.png using Guid(8581e487a49043f42a9bfa71819742da) Importer(815301076,1909f56bfc062723c751e8b465ee728b) (PreviewImporter) -> (artifact id: '5c05bcad520509f2bed89668b9f6c826') in 0.0145445 seconds
Number of updated asset objects reloaded before import = 0Number of asset objects unloaded after import = 2

========================================================================
Received Import Request.
  Time since last request: 0.000023 seconds.
  path: Assets/AllIn1VfxToolkit/Demo & Assets/Textures/Distortion Normal Maps/DistortionCircle7.png
  artifactKey: Guid(9c695480d63bc174da70dd1fb24f392b) Importer(815301076,1909f56bfc062723c751e8b465ee728b)
Start importing Assets/AllIn1VfxToolkit/Demo & Assets/Textures/Distortion Normal Maps/DistortionCircle7.png using Guid(9c695480d63bc174da70dd1fb24f392b) Importer(815301076,1909f56bfc062723c751e8b465ee728b) (PreviewImporter) -> (artifact id: '38b42c00f911eb86883bdaa49411f163') in 0.0127066 seconds
Number of updated asset objects reloaded before import = 0Number of asset objects unloaded after import = 2

========================================================================
Received Import Request.
  Time since last request: 0.000022 seconds.
  path: Assets/AllIn1VfxToolkit/Demo & Assets/Textures/Distortion Normal Maps/DistortionCrack1.png
  artifactKey: Guid(3cc0928a7bebbdb44828d3de9737646b) Importer(815301076,1909f56bfc062723c751e8b465ee728b)
Start importing Assets/AllIn1VfxToolkit/Demo & Assets/Textures/Distortion Normal Maps/DistortionCrack1.png using Guid(3cc0928a7bebbdb44828d3de9737646b) Importer(815301076,1909f56bfc062723c751e8b465ee728b) (PreviewImporter) -> (artifact id: '303979017d27c18c97a64c7fa58a7d0a') in 0.0139883 seconds
Number of updated asset objects reloaded before import = 0Number of asset objects unloaded after import = 2

========================================================================
Received Import Request.
  Time since last request: 0.000047 seconds.
  path: Assets/AllIn1VfxToolkit/Demo & Assets/Textures Demo/Textures/DistortionMapsCopyNoNormalMap/DistortionCrack2.png
  artifactKey: Guid(4da0cbed5793e334bbe5a7d5660c1837) Importer(815301076,1909f56bfc062723c751e8b465ee728b)
Start importing Assets/AllIn1VfxToolkit/Demo & Assets/Textures Demo/Textures/DistortionMapsCopyNoNormalMap/DistortionCrack2.png using Guid(4da0cbed5793e334bbe5a7d5660c1837) Importer(815301076,1909f56bfc062723c751e8b465ee728b) (PreviewImporter) -> (artifact id: '30a71cacb54f3d14718b4c5fdda4570b') in 0.0101504 seconds
Number of updated asset objects reloaded before import = 0Number of asset objects unloaded after import = 2

========================================================================
Received Import Request.
  Time since last request: 0.000024 seconds.
  path: Assets/AllIn1VfxToolkit/Demo & Assets/Textures/Distortion Normal Maps/DistortionCircle3.png
  artifactKey: Guid(03dab241796f8e3499fdf8b9ff87fc13) Importer(815301076,1909f56bfc062723c751e8b465ee728b)
Start importing Assets/AllIn1VfxToolkit/Demo & Assets/Textures/Distortion Normal Maps/DistortionCircle3.png using Guid(03dab241796f8e3499fdf8b9ff87fc13) Importer(815301076,1909f56bfc062723c751e8b465ee728b) (PreviewImporter) -> (artifact id: 'd860e7c251fac72caa8731614108dac1') in 0.0285958 seconds
Number of updated asset objects reloaded before import = 0Number of asset objects unloaded after import = 2

========================================================================
Received Import Request.
  Time since last request: 0.000024 seconds.
  path: Assets/AllIn1VfxToolkit/Demo & Assets/Textures Demo/Textures/DistortionMapsCopyNoNormalMap/DistortionCrack3.png
  artifactKey: Guid(04efa2a4d973170429810ca1787ef69c) Importer(815301076,1909f56bfc062723c751e8b465ee728b)
Start importing Assets/AllIn1VfxToolkit/Demo & Assets/Textures Demo/Textures/DistortionMapsCopyNoNormalMap/DistortionCrack3.png using Guid(04efa2a4d973170429810ca1787ef69c) Importer(815301076,1909f56bfc062723c751e8b465ee728b) (PreviewImporter) -> (artifact id: '4b55b61a72351691ebd277821d064658') in 0.0165846 seconds
Number of updated asset objects reloaded before import = 0Number of asset objects unloaded after import = 2

========================================================================
Received Import Request.
  Time since last request: 0.000037 seconds.
  path: Assets/AllIn1VfxToolkit/Demo & Assets/Textures/Distortion Normal Maps/Distortion3.png
  artifactKey: Guid(59b7e20778c27f44ba1ea6dc7d24a426) Importer(815301076,1909f56bfc062723c751e8b465ee728b)
Start importing Assets/AllIn1VfxToolkit/Demo & Assets/Textures/Distortion Normal Maps/Distortion3.png using Guid(59b7e20778c27f44ba1ea6dc7d24a426) Importer(815301076,1909f56bfc062723c751e8b465ee728b) (PreviewImporter) -> (artifact id: '77c077e5802acece32919b1972a09f0d') in 0.0228523 seconds
Number of updated asset objects reloaded before import = 0Number of asset objects unloaded after import = 2

========================================================================
Received Import Request.
  Time since last request: 0.000025 seconds.
  path: Assets/AllIn1VfxToolkit/Demo & Assets/Textures/Distortion Normal Maps/DistortionCircle2.png
  artifactKey: Guid(5a7ab673bf553d749b5e9a2fd5a51563) Importer(815301076,1909f56bfc062723c751e8b465ee728b)
Start importing Assets/AllIn1VfxToolkit/Demo & Assets/Textures/Distortion Normal Maps/DistortionCircle2.png using Guid(5a7ab673bf553d749b5e9a2fd5a51563) Importer(815301076,1909f56bfc062723c751e8b465ee728b) (PreviewImporter) -> (artifact id: 'b36d1617eca4bf67e68a0628fcc82c62') in 0.0181444 seconds
Number of updated asset objects reloaded before import = 0Number of asset objects unloaded after import = 2

========================================================================
Received Import Request.
  Time since last request: 0.000024 seconds.
  path: Assets/AllIn1VfxToolkit/Demo & Assets/Textures Demo/Textures/DistortionMapsCopyNoNormalMap/DistortionCircle2.png
  artifactKey: Guid(6af6ad96b0371704f82358bcaac16361) Importer(815301076,1909f56bfc062723c751e8b465ee728b)
Start importing Assets/AllIn1VfxToolkit/Demo & Assets/Textures Demo/Textures/DistortionMapsCopyNoNormalMap/DistortionCircle2.png using Guid(6af6ad96b0371704f82358bcaac16361) Importer(815301076,1909f56bfc062723c751e8b465ee728b) (PreviewImporter) -> (artifact id: 'b73ec89db81579b066b04ecec56979d5') in 0.0165702 seconds
Number of updated asset objects reloaded before import = 0Number of asset objects unloaded after import = 2

========================================================================
Received Import Request.
  Time since last request: 0.000025 seconds.
  path: Assets/AllIn1VfxToolkit/Demo & Assets/Textures Demo/Textures/DistortionMapsCopyNoNormalMap/DistortionCircle.png
  artifactKey: Guid(8ac7350b173aa3440adb7c462291f551) Importer(815301076,1909f56bfc062723c751e8b465ee728b)
Start importing Assets/AllIn1VfxToolkit/Demo & Assets/Textures Demo/Textures/DistortionMapsCopyNoNormalMap/DistortionCircle.png using Guid(8ac7350b173aa3440adb7c462291f551) Importer(815301076,1909f56bfc062723c751e8b465ee728b) (PreviewImporter) -> (artifact id: '54c3a5adc245b067b59d876280d106e5') in 0.0120087 seconds
Number of updated asset objects reloaded before import = 0Number of asset objects unloaded after import = 2

========================================================================
Received Import Request.
  Time since last request: 0.000021 seconds.
  path: Assets/AllIn1VfxToolkit/Demo & Assets/Textures/Shapes/CylinderScrew.png
  artifactKey: Guid(fedb2b4cbba24a647873a2a5e1376f16) Importer(815301076,1909f56bfc062723c751e8b465ee728b)
Start importing Assets/AllIn1VfxToolkit/Demo & Assets/Textures/Shapes/CylinderScrew.png using Guid(fedb2b4cbba24a647873a2a5e1376f16) Importer(815301076,1909f56bfc062723c751e8b465ee728b) (PreviewImporter) -> (artifact id: 'aa0b6af3deeaa8f1a4d31540914741ff') in 0.0171834 seconds
Number of updated asset objects reloaded before import = 0Number of asset objects unloaded after import = 2

========================================================================
Received Import Request.
  Time since last request: 0.000026 seconds.
  path: Assets/AllIn1VfxToolkit/Demo & Assets/Textures/Others/Digital2.png
  artifactKey: Guid(6411236abe856004ab744198e0b1bfff) Importer(815301076,1909f56bfc062723c751e8b465ee728b)
Start importing Assets/AllIn1VfxToolkit/Demo & Assets/Textures/Others/Digital2.png using Guid(6411236abe856004ab744198e0b1bfff) Importer(815301076,1909f56bfc062723c751e8b465ee728b) (PreviewImporter) -> (artifact id: '524d0abae373c25afd6d3f5588f6794a') in 0.0170847 seconds
Number of updated asset objects reloaded before import = 0Number of asset objects unloaded after import = 2

========================================================================
Received Import Request.
  Time since last request: 0.000032 seconds.
  path: Assets/AllIn1VfxToolkit/Demo & Assets/Textures/Shapes/DigitalShapes2.png
  artifactKey: Guid(0e22526f3e89f0a44a121087dd71b231) Importer(815301076,1909f56bfc062723c751e8b465ee728b)
Start importing Assets/AllIn1VfxToolkit/Demo & Assets/Textures/Shapes/DigitalShapes2.png using Guid(0e22526f3e89f0a44a121087dd71b231) Importer(815301076,1909f56bfc062723c751e8b465ee728b) (PreviewImporter) -> (artifact id: 'cd9c98e7e7d12984946ae59e4277f9df') in 0.0121657 seconds
Number of updated asset objects reloaded before import = 0Number of asset objects unloaded after import = 2

========================================================================
Received Import Request.
  Time since last request: 0.000023 seconds.
  path: Assets/AllIn1VfxToolkit/Demo & Assets/Textures/Others/Digital3.png
  artifactKey: Guid(aeae5e8f5cf3e90428727bd18df92c70) Importer(815301076,1909f56bfc062723c751e8b465ee728b)
Start importing Assets/AllIn1VfxToolkit/Demo & Assets/Textures/Others/Digital3.png using Guid(aeae5e8f5cf3e90428727bd18df92c70) Importer(815301076,1909f56bfc062723c751e8b465ee728b) (PreviewImporter) -> (artifact id: '6a878719f75948b6a6b6f1d12b1a8295') in 0.014513 seconds
Number of updated asset objects reloaded before import = 0Number of asset objects unloaded after import = 2

========================================================================
Received Import Request.
  Time since last request: 0.000025 seconds.
  path: Assets/AllIn1VfxToolkit/Demo & Assets/Textures Demo/Textures/DemoTexturesBack.png
  artifactKey: Guid(e13da64984e4a5f45818c88b44aaf15d) Importer(815301076,1909f56bfc062723c751e8b465ee728b)
Start importing Assets/AllIn1VfxToolkit/Demo & Assets/Textures Demo/Textures/DemoTexturesBack.png using Guid(e13da64984e4a5f45818c88b44aaf15d) Importer(815301076,1909f56bfc062723c751e8b465ee728b) (PreviewImporter) -> (artifact id: '06553738eb0a7d73b78959d2ba28aa17') in 0.0104733 seconds
Number of updated asset objects reloaded before import = 0Number of asset objects unloaded after import = 2

========================================================================
Received Import Request.
  Time since last request: 0.000022 seconds.
  path: Assets/Plugins/FMOD/images/Delete.png
  artifactKey: Guid(196080340db65c44883dd3f599556fb9) Importer(815301076,1909f56bfc062723c751e8b465ee728b)
Start importing Assets/Plugins/FMOD/images/Delete.png using Guid(196080340db65c44883dd3f599556fb9) Importer(815301076,1909f56bfc062723c751e8b465ee728b) (PreviewImporter) -> (artifact id: '3f861515842fd1cdae6c414db211fc25') in 0.0110735 seconds
Number of updated asset objects reloaded before import = 0Number of asset objects unloaded after import = 2

========================================================================
Received Import Request.
  Time since last request: 0.000020 seconds.
  path: Assets/AllIn1VfxToolkit/Demo & Assets/Textures/Shapes/DigitalSquare.png
  artifactKey: Guid(d5ececa0cd3887e4396a2b5c1c041df8) Importer(815301076,1909f56bfc062723c751e8b465ee728b)
Start importing Assets/AllIn1VfxToolkit/Demo & Assets/Textures/Shapes/DigitalSquare.png using Guid(d5ececa0cd3887e4396a2b5c1c041df8) Importer(815301076,1909f56bfc062723c751e8b465ee728b) (PreviewImporter) -> (artifact id: 'e2920bda1fb503f0339d267111a579a2') in 0.0092788 seconds
Number of updated asset objects reloaded before import = 0Number of asset objects unloaded after import = 2

========================================================================
Received Import Request.
  Time since last request: 0.000025 seconds.
  path: Assets/AllIn1VfxToolkit/Demo & Assets/Textures/Others/Digital1.png
  artifactKey: Guid(2464a3f199f98bc4781691702de2ae3f) Importer(815301076,1909f56bfc062723c751e8b465ee728b)
Start importing Assets/AllIn1VfxToolkit/Demo & Assets/Textures/Others/Digital1.png using Guid(2464a3f199f98bc4781691702de2ae3f) Importer(815301076,1909f56bfc062723c751e8b465ee728b) (PreviewImporter) -> (artifact id: '917627d6b1558a67a517f59a9f50730f') in 0.0233891 seconds
Number of updated asset objects reloaded before import = 0Number of asset objects unloaded after import = 2

========================================================================
Received Import Request.
  Time since last request: 0.000027 seconds.
  path: Assets/TextMesh Pro/Examples & Extras/Sprites/Default Sprites.png
  artifactKey: Guid(a0fc465d6cf04254a2938578735e2383) Importer(815301076,1909f56bfc062723c751e8b465ee728b)
Start importing Assets/TextMesh Pro/Examples & Extras/Sprites/Default Sprites.png using Guid(a0fc465d6cf04254a2938578735e2383) Importer(815301076,1909f56bfc062723c751e8b465ee728b) (PreviewImporter) -> (artifact id: '3381df68875f485caf0976f35d81f477') in 0.018766 seconds
Number of updated asset objects reloaded before import = 0Number of asset objects unloaded after import = 2

========================================================================
Received Import Request.
  Time since last request: 0.000032 seconds.
  path: Assets/AllIn1VfxToolkit/Demo & Assets/Textures/Others/Digital4.png
  artifactKey: Guid(32077d8c468e7124790ed2119d608cfd) Importer(815301076,1909f56bfc062723c751e8b465ee728b)
Start importing Assets/AllIn1VfxToolkit/Demo & Assets/Textures/Others/Digital4.png using Guid(32077d8c468e7124790ed2119d608cfd) Importer(815301076,1909f56bfc062723c751e8b465ee728b) (PreviewImporter) -> (artifact id: '4b2c0618240c5089a489442ec1f36473') in 0.0163729 seconds
Number of updated asset objects reloaded before import = 0Number of asset objects unloaded after import = 2

========================================================================
Received Import Request.
  Time since last request: 0.000024 seconds.
  path: Assets/Resources/Sprites/UI/Cursor 3.png
  artifactKey: Guid(3e72c2ccf90ba8d43823f8c06851514e) Importer(815301076,1909f56bfc062723c751e8b465ee728b)
Start importing Assets/Resources/Sprites/UI/Cursor 3.png using Guid(3e72c2ccf90ba8d43823f8c06851514e) Importer(815301076,1909f56bfc062723c751e8b465ee728b) (PreviewImporter) -> (artifact id: '852d0653a5d75a1bcc813a0be01a1739') in 0.0157389 seconds
Number of updated asset objects reloaded before import = 0Number of asset objects unloaded after import = 1

========================================================================
Received Import Request.
  Time since last request: 0.000022 seconds.
  path: Assets/AllIn1VfxToolkit/Demo & Assets/Textures/Trails/DigitalTrail2.png
  artifactKey: Guid(accd82527eabb52489652b25c79fb059) Importer(815301076,1909f56bfc062723c751e8b465ee728b)
Start importing Assets/AllIn1VfxToolkit/Demo & Assets/Textures/Trails/DigitalTrail2.png using Guid(accd82527eabb52489652b25c79fb059) Importer(815301076,1909f56bfc062723c751e8b465ee728b) (PreviewImporter) -> (artifact id: 'ddea79203f57ab7775d9b1d499ca35bd') in 0.00938 seconds
Number of updated asset objects reloaded before import = 0Number of asset objects unloaded after import = 2

========================================================================
Received Import Request.
  Time since last request: 0.000024 seconds.
  path: Assets/AllIn1VfxToolkit/Demo & Assets/Textures Demo/Textures/DistortionMapsCopyNoNormalMap/Distortion1.png
  artifactKey: Guid(17722712f46c70d4899d1a193800a22e) Importer(815301076,1909f56bfc062723c751e8b465ee728b)
Start importing Assets/AllIn1VfxToolkit/Demo & Assets/Textures Demo/Textures/DistortionMapsCopyNoNormalMap/Distortion1.png using Guid(17722712f46c70d4899d1a193800a22e) Importer(815301076,1909f56bfc062723c751e8b465ee728b) (PreviewImporter) -> (artifact id: '4bc6dd7e536bf66877afa777fe1cd0f8') in 0.0110801 seconds
Number of updated asset objects reloaded before import = 0Number of asset objects unloaded after import = 2

========================================================================
Received Import Request.
  Time since last request: 0.000021 seconds.
  path: Assets/AllIn1VfxToolkit/Demo & Assets/Textures/Shapes/Diamond.png
  artifactKey: Guid(7b672ee759c065b42a801c64ccb8d0fd) Importer(815301076,1909f56bfc062723c751e8b465ee728b)
Start importing Assets/AllIn1VfxToolkit/Demo & Assets/Textures/Shapes/Diamond.png using Guid(7b672ee759c065b42a801c64ccb8d0fd) Importer(815301076,1909f56bfc062723c751e8b465ee728b) (PreviewImporter) -> (artifact id: '2b17debd01a4af5dffca26ec6760314b') in 0.0163021 seconds
Number of updated asset objects reloaded before import = 0Number of asset objects unloaded after import = 2

========================================================================
Received Import Request.
  Time since last request: 0.000056 seconds.
  path: Assets/Plugins/FMOD/images/DiscreteParameterIcon.png
  artifactKey: Guid(509563e7079a6ed4cbf3b3240327e702) Importer(815301076,1909f56bfc062723c751e8b465ee728b)
Start importing Assets/Plugins/FMOD/images/DiscreteParameterIcon.png using Guid(509563e7079a6ed4cbf3b3240327e702) Importer(815301076,1909f56bfc062723c751e8b465ee728b) (PreviewImporter) -> (artifact id: 'f67a92faa4698b27427ea390ea9e0aba') in 0.0200709 seconds
Number of updated asset objects reloaded before import = 0Number of asset objects unloaded after import = 2

========================================================================
Received Import Request.
  Time since last request: 0.000026 seconds.
  path: Assets/AllIn1VfxToolkit/Demo & Assets/Textures/Trails/DigitalTrail1.png
  artifactKey: Guid(0b7097fff0caa964dac1337066afac6e) Importer(815301076,1909f56bfc062723c751e8b465ee728b)
Start importing Assets/AllIn1VfxToolkit/Demo & Assets/Textures/Trails/DigitalTrail1.png using Guid(0b7097fff0caa964dac1337066afac6e) Importer(815301076,1909f56bfc062723c751e8b465ee728b) (PreviewImporter) -> (artifact id: 'b89cb5b256343313c2cf244ae4fef206') in 0.015222 seconds
Number of updated asset objects reloaded before import = 0Number of asset objects unloaded after import = 2

========================================================================
Received Import Request.
  Time since last request: 0.000037 seconds.
  path: Assets/AllIn1VfxToolkit/Demo & Assets/Textures/Trails/DigitalTrail3.png
  artifactKey: Guid(03ddda0da24069b47a6d34de9b1a36ac) Importer(815301076,1909f56bfc062723c751e8b465ee728b)
Start importing Assets/AllIn1VfxToolkit/Demo & Assets/Textures/Trails/DigitalTrail3.png using Guid(03ddda0da24069b47a6d34de9b1a36ac) Importer(815301076,1909f56bfc062723c751e8b465ee728b) (PreviewImporter) -> (artifact id: '95e7942b4ed877d639cf9e9c0ccebdb4') in 0.0200877 seconds
Number of updated asset objects reloaded before import = 0Number of asset objects unloaded after import = 2

========================================================================
Received Import Request.
  Time since last request: 0.000020 seconds.
  path: Assets/AllIn1VfxToolkit/Demo & Assets/Textures/Shapes/DigitalProjectileHead.png
  artifactKey: Guid(cfe3cdac41afb1047b9459adea8b38ed) Importer(815301076,1909f56bfc062723c751e8b465ee728b)
Start importing Assets/AllIn1VfxToolkit/Demo & Assets/Textures/Shapes/DigitalProjectileHead.png using Guid(cfe3cdac41afb1047b9459adea8b38ed) Importer(815301076,1909f56bfc062723c751e8b465ee728b) (PreviewImporter) -> (artifact id: 'bea0e1013cba601aa16c8633b622cd30') in 0.0140083 seconds
Number of updated asset objects reloaded before import = 0Number of asset objects unloaded after import = 2

========================================================================
Received Import Request.
  Time since last request: 0.000022 seconds.
  path: Assets/AllIn1VfxToolkit/Demo & Assets/Textures/Shapes/DigitalShapes1.png
  artifactKey: Guid(3416722d38672b34c8a02225beabf7fc) Importer(815301076,1909f56bfc062723c751e8b465ee728b)
Start importing Assets/AllIn1VfxToolkit/Demo & Assets/Textures/Shapes/DigitalShapes1.png using Guid(3416722d38672b34c8a02225beabf7fc) Importer(815301076,1909f56bfc062723c751e8b465ee728b) (PreviewImporter) -> (artifact id: 'b2ce94aeb3aa6cc6361ff6be17b4aa83') in 0.008154 seconds
Number of updated asset objects reloaded before import = 0Number of asset objects unloaded after import = 2

========================================================================
Received Import Request.
  Time since last request: 0.000021 seconds.
  path: Assets/AllIn1VfxToolkit/Demo & Assets/Textures/Shapes/DigitalTriangle.png
  artifactKey: Guid(bc748cef76a84dd49a9498f022f91349) Importer(815301076,1909f56bfc062723c751e8b465ee728b)
Start importing Assets/AllIn1VfxToolkit/Demo & Assets/Textures/Shapes/DigitalTriangle.png using Guid(bc748cef76a84dd49a9498f022f91349) Importer(815301076,1909f56bfc062723c751e8b465ee728b) (PreviewImporter) -> (artifact id: 'd6198a0b5b4921b30ff7aecbb539be44') in 0.0188209 seconds
Number of updated asset objects reloaded before import = 0Number of asset objects unloaded after import = 2

========================================================================
Received Import Request.
  Time since last request: 0.000023 seconds.
  path: Assets/AllIn1VfxToolkit/Demo & Assets/Textures/Distortion Normal Maps/Distortion2.png
  artifactKey: Guid(d0d0903790304864ea62a5105b18f06f) Importer(815301076,1909f56bfc062723c751e8b465ee728b)
Start importing Assets/AllIn1VfxToolkit/Demo & Assets/Textures/Distortion Normal Maps/Distortion2.png using Guid(d0d0903790304864ea62a5105b18f06f) Importer(815301076,1909f56bfc062723c751e8b465ee728b) (PreviewImporter) -> (artifact id: 'dfd6507eb74ee9a33d3846fab8abf97f') in 0.0160054 seconds
Number of updated asset objects reloaded before import = 0Number of asset objects unloaded after import = 2

========================================================================
Received Import Request.
  Time since last request: 0.000021 seconds.
  path: Assets/AllIn1VfxToolkit/Demo & Assets/Textures/Distortion Normal Maps/DistortionCircle4.png
  artifactKey: Guid(fc5c8f4444470214eb9b8fc56a387460) Importer(815301076,1909f56bfc062723c751e8b465ee728b)
Start importing Assets/AllIn1VfxToolkit/Demo & Assets/Textures/Distortion Normal Maps/DistortionCircle4.png using Guid(fc5c8f4444470214eb9b8fc56a387460) Importer(815301076,1909f56bfc062723c751e8b465ee728b) (PreviewImporter) -> (artifact id: 'a7f03634aae714a5e028cdf625424aeb') in 0.0198015 seconds
Number of updated asset objects reloaded before import = 0Number of asset objects unloaded after import = 2

========================================================================
Received Import Request.
  Time since last request: 0.000024 seconds.
  path: Assets/Plugins/FMOD/images/CrossYellow.png
  artifactKey: Guid(348d2265b48c67342a4db2a7062813fa) Importer(815301076,1909f56bfc062723c751e8b465ee728b)
Start importing Assets/Plugins/FMOD/images/CrossYellow.png using Guid(348d2265b48c67342a4db2a7062813fa) Importer(815301076,1909f56bfc062723c751e8b465ee728b) (PreviewImporter) -> (artifact id: 'fff3193965f220b274b6b3d32c8b0eac') in 0.0107769 seconds
Number of updated asset objects reloaded before import = 0Number of asset objects unloaded after import = 2

========================================================================
Received Import Request.
  Time since last request: 0.000032 seconds.
  path: Assets/AllIn1VfxToolkit/Demo & Assets/Textures Demo/Textures/DistortionMapsCopyNoNormalMap/DistortionCrack4.png
  artifactKey: Guid(e3ae194e7fd2f8045b96d6a6812a736e) Importer(815301076,1909f56bfc062723c751e8b465ee728b)
Start importing Assets/AllIn1VfxToolkit/Demo & Assets/Textures Demo/Textures/DistortionMapsCopyNoNormalMap/DistortionCrack4.png using Guid(e3ae194e7fd2f8045b96d6a6812a736e) Importer(815301076,1909f56bfc062723c751e8b465ee728b) (PreviewImporter) -> (artifact id: 'd60c8593cdab9f266d044f7d3d9b94ef') in 0.0171218 seconds
Number of updated asset objects reloaded before import = 0Number of asset objects unloaded after import = 2

========================================================================
Received Import Request.
  Time since last request: 0.000021 seconds.
  path: Assets/AllIn1VfxToolkit/Demo & Assets/Textures Demo/Textures/DistortionMapsCopyNoNormalMap/DistortionCircle11.png
  artifactKey: Guid(9bd6147d8ff4d2c47af195abc10733d5) Importer(815301076,1909f56bfc062723c751e8b465ee728b)
Start importing Assets/AllIn1VfxToolkit/Demo & Assets/Textures Demo/Textures/DistortionMapsCopyNoNormalMap/DistortionCircle11.png using Guid(9bd6147d8ff4d2c47af195abc10733d5) Importer(815301076,1909f56bfc062723c751e8b465ee728b) (PreviewImporter) -> (artifact id: '6098ff0e090ffd77c8675de2fade96f5') in 0.0171011 seconds
Number of updated asset objects reloaded before import = 0Number of asset objects unloaded after import = 2

========================================================================
Received Import Request.
  Time since last request: 0.000023 seconds.
  path: Assets/AllIn1VfxToolkit/Demo & Assets/Textures Demo/Textures/DistortionMapsCopyNoNormalMap/DistortionCircle3.png
  artifactKey: Guid(563efc9193141a9418c906a2ecb51035) Importer(815301076,1909f56bfc062723c751e8b465ee728b)
Start importing Assets/AllIn1VfxToolkit/Demo & Assets/Textures Demo/Textures/DistortionMapsCopyNoNormalMap/DistortionCircle3.png using Guid(563efc9193141a9418c906a2ecb51035) Importer(815301076,1909f56bfc062723c751e8b465ee728b) (PreviewImporter) -> (artifact id: 'b6f0c31a661436130adc6661bd0b1463') in 0.012987 seconds
Number of updated asset objects reloaded before import = 0Number of asset objects unloaded after import = 2

========================================================================
Received Import Request.
  Time since last request: 0.000023 seconds.
  path: Assets/AllIn1VfxToolkit/Demo & Assets/Textures/Distortion Normal Maps/Distortion1.png
  artifactKey: Guid(f222c86d009f0cd4b9ab6b73289dd9d0) Importer(815301076,1909f56bfc062723c751e8b465ee728b)
Start importing Assets/AllIn1VfxToolkit/Demo & Assets/Textures/Distortion Normal Maps/Distortion1.png using Guid(f222c86d009f0cd4b9ab6b73289dd9d0) Importer(815301076,1909f56bfc062723c751e8b465ee728b) (PreviewImporter) -> (artifact id: '3ec3d1f510b7f83109f9a846a9ac57be') in 0.0122479 seconds
Number of updated asset objects reloaded before import = 0Number of asset objects unloaded after import = 2

========================================================================
Received Import Request.
  Time since last request: 0.000021 seconds.
  path: Assets/AllIn1VfxToolkit/Demo & Assets/Textures Demo/Textures/DistortionMapsCopyNoNormalMap/DistortionCircle4.png
  artifactKey: Guid(8f5c3f93ab22f4e4793c6f9cbb3545c0) Importer(815301076,1909f56bfc062723c751e8b465ee728b)
Start importing Assets/AllIn1VfxToolkit/Demo & Assets/Textures Demo/Textures/DistortionMapsCopyNoNormalMap/DistortionCircle4.png using Guid(8f5c3f93ab22f4e4793c6f9cbb3545c0) Importer(815301076,1909f56bfc062723c751e8b465ee728b) (PreviewImporter) -> (artifact id: 'bf6bb2cdbe89153bf0721a0b31b33be0') in 0.0145611 seconds
Number of updated asset objects reloaded before import = 0Number of asset objects unloaded after import = 2

========================================================================
Received Import Request.
  Time since last request: 0.000020 seconds.
  path: Assets/AllIn1VfxToolkit/Demo & Assets/Textures/Distortion Normal Maps/DistortionCrack3.png
  artifactKey: Guid(aedca3c58c6016a4992ccbdda0e565c3) Importer(815301076,1909f56bfc062723c751e8b465ee728b)
Start importing Assets/AllIn1VfxToolkit/Demo & Assets/Textures/Distortion Normal Maps/DistortionCrack3.png using Guid(aedca3c58c6016a4992ccbdda0e565c3) Importer(815301076,1909f56bfc062723c751e8b465ee728b) (PreviewImporter) -> (artifact id: '01d404b1b2cbe0ce918e6bd5e877e83f') in 0.0149582 seconds
Number of updated asset objects reloaded before import = 0Number of asset objects unloaded after import = 2

========================================================================
Received Import Request.
  Time since last request: 0.000027 seconds.
  path: Assets/AllIn1VfxToolkit/Demo & Assets/Textures/Distortion Normal Maps/DistortionCircle11.png
  artifactKey: Guid(e7cfbb7f181fb41478b54381e84d0e8b) Importer(815301076,1909f56bfc062723c751e8b465ee728b)
Start importing Assets/AllIn1VfxToolkit/Demo & Assets/Textures/Distortion Normal Maps/DistortionCircle11.png using Guid(e7cfbb7f181fb41478b54381e84d0e8b) Importer(815301076,1909f56bfc062723c751e8b465ee728b) (PreviewImporter) -> (artifact id: '56ca4eb27a1b816b0f0752649bafcc58') in 0.0151083 seconds
Number of updated asset objects reloaded before import = 0Number of asset objects unloaded after import = 2

========================================================================
Received Import Request.
  Time since last request: 0.000030 seconds.
  path: Assets/AllIn1VfxToolkit/Demo & Assets/Textures/Distortion Normal Maps/DistortionCone1.png
  artifactKey: Guid(a81c9def2f25e744f9cb964b755ebac1) Importer(815301076,1909f56bfc062723c751e8b465ee728b)
Start importing Assets/AllIn1VfxToolkit/Demo & Assets/Textures/Distortion Normal Maps/DistortionCone1.png using Guid(a81c9def2f25e744f9cb964b755ebac1) Importer(815301076,1909f56bfc062723c751e8b465ee728b) (PreviewImporter) -> (artifact id: '7b53660c7d0631d9929a0128483056d3') in 0.0102031 seconds
Number of updated asset objects reloaded before import = 0Number of asset objects unloaded after import = 2

========================================================================
Received Import Request.
  Time since last request: 0.000028 seconds.
  path: Assets/AllIn1VfxToolkit/Demo & Assets/Textures/Others/Digital5.png
  artifactKey: Guid(7a6a52445b6f201438f6fdc5dec6e956) Importer(815301076,1909f56bfc062723c751e8b465ee728b)
Start importing Assets/AllIn1VfxToolkit/Demo & Assets/Textures/Others/Digital5.png using Guid(7a6a52445b6f201438f6fdc5dec6e956) Importer(815301076,1909f56bfc062723c751e8b465ee728b) (PreviewImporter) -> (artifact id: 'b293f5dacb374395ae1a2a3d7fc0e67a') in 0.0136078 seconds
Number of updated asset objects reloaded before import = 0Number of asset objects unloaded after import = 2

========================================================================
Received Import Request.
  Time since last request: 0.000021 seconds.
  path: Assets/AllIn1VfxToolkit/Demo & Assets/Textures Demo/Textures/DistortionMapsCopyNoNormalMap/DistortionCrack1.png
  artifactKey: Guid(b33d452121317e54eb6d8f5d84442625) Importer(815301076,1909f56bfc062723c751e8b465ee728b)
Start importing Assets/AllIn1VfxToolkit/Demo & Assets/Textures Demo/Textures/DistortionMapsCopyNoNormalMap/DistortionCrack1.png using Guid(b33d452121317e54eb6d8f5d84442625) Importer(815301076,1909f56bfc062723c751e8b465ee728b) (PreviewImporter) -> (artifact id: '42bc767afb61a17e0562c6ca94ad358f') in 0.0178581 seconds
Number of updated asset objects reloaded before import = 0Number of asset objects unloaded after import = 2

========================================================================
Received Import Request.
  Time since last request: 0.000022 seconds.
  path: Assets/AllIn1VfxToolkit/Demo & Assets/Textures/Distortion Normal Maps/DistortionCircle.png
  artifactKey: Guid(f7dd016993e66714f913427c5de88612) Importer(815301076,1909f56bfc062723c751e8b465ee728b)
Start importing Assets/AllIn1VfxToolkit/Demo & Assets/Textures/Distortion Normal Maps/DistortionCircle.png using Guid(f7dd016993e66714f913427c5de88612) Importer(815301076,1909f56bfc062723c751e8b465ee728b) (PreviewImporter) -> (artifact id: 'ef0aef2f0dea5240bf6c50c8fddffba7') in 0.0110672 seconds
Number of updated asset objects reloaded before import = 0Number of asset objects unloaded after import = 2

========================================================================
Received Import Request.
  Time since last request: 0.000026 seconds.
  path: Assets/AllIn1VfxToolkit/Demo & Assets/Textures Demo/Textures/DistortionMapsCopyNoNormalMap/DistortionCone2.png
  artifactKey: Guid(4e55122a142d3994191fd61120463912) Importer(815301076,1909f56bfc062723c751e8b465ee728b)
Start importing Assets/AllIn1VfxToolkit/Demo & Assets/Textures Demo/Textures/DistortionMapsCopyNoNormalMap/DistortionCone2.png using Guid(4e55122a142d3994191fd61120463912) Importer(815301076,1909f56bfc062723c751e8b465ee728b) (PreviewImporter) -> (artifact id: '2bbcdeb1f535b587a7b7508443c2ae10') in 0.0223862 seconds
Number of updated asset objects reloaded before import = 0Number of asset objects unloaded after import = 2

========================================================================
Received Import Request.
  Time since last request: 0.229979 seconds.
  path: Assets/Plugins/FMOD/images/ContinuousParameterIcon.png
  artifactKey: Guid(b92803770616fc747bc3c40ffaec0a42) Importer(815301076,1909f56bfc062723c751e8b465ee728b)
Start importing Assets/Plugins/FMOD/images/ContinuousParameterIcon.png using Guid(b92803770616fc747bc3c40ffaec0a42) Importer(815301076,1909f56bfc062723c751e8b465ee728b) (PreviewImporter) -> (artifact id: 'a62ad4b5a019d5a465cb1a151b1699c6') in 0.0172435 seconds
Number of updated asset objects reloaded before import = 0Number of asset objects unloaded after import = 2

========================================================================
Received Import Request.
  Time since last request: 0.000024 seconds.
  path: Assets/Plugins/FMOD/images/CopyIcon.png
  artifactKey: Guid(6e164dcb85fc8ad4b9ab2f1e883862d2) Importer(815301076,1909f56bfc062723c751e8b465ee728b)
Start importing Assets/Plugins/FMOD/images/CopyIcon.png using Guid(6e164dcb85fc8ad4b9ab2f1e883862d2) Importer(815301076,1909f56bfc062723c751e8b465ee728b) (PreviewImporter) -> (artifact id: 'a7cf716e16cc17bb31b621b97263c37f') in 0.011711 seconds
Number of updated asset objects reloaded before import = 0Number of asset objects unloaded after import = 2

========================================================================
Received Import Request.
  Time since last request: 0.000027 seconds.
  path: Assets/AllIn1VfxToolkit/Demo & Assets/Textures/Noise/ColorNoise3.png
  artifactKey: Guid(64e6ce3f003f04d40975bcd409397c27) Importer(815301076,1909f56bfc062723c751e8b465ee728b)
Start importing Assets/AllIn1VfxToolkit/Demo & Assets/Textures/Noise/ColorNoise3.png using Guid(64e6ce3f003f04d40975bcd409397c27) Importer(815301076,1909f56bfc062723c751e8b465ee728b) (PreviewImporter) -> (artifact id: '833c4fef566677b1a27921d2d94cc0bb') in 0.0211013 seconds
Number of updated asset objects reloaded before import = 0Number of asset objects unloaded after import = 2

========================================================================
Received Import Request.
  Time since last request: 0.000022 seconds.
  path: Assets/AllIn1VfxToolkit/Demo & Assets/Textures/Noise/ColorNoise5.png
  artifactKey: Guid(1a5ec58190d149942be145bc53f75ec8) Importer(815301076,1909f56bfc062723c751e8b465ee728b)
Start importing Assets/AllIn1VfxToolkit/Demo & Assets/Textures/Noise/ColorNoise5.png using Guid(1a5ec58190d149942be145bc53f75ec8) Importer(815301076,1909f56bfc062723c751e8b465ee728b) (PreviewImporter) -> (artifact id: '19ed0b200074700f973ab6677e84036d') in 0.0230543 seconds
Number of updated asset objects reloaded before import = 0Number of asset objects unloaded after import = 2

========================================================================
Received Import Request.
  Time since last request: 0.000024 seconds.
  path: Assets/AllIn1VfxToolkit/Demo & Assets/Textures/Noise/ColorNoise2.png
  artifactKey: Guid(315fe49a4dabf704f881e394024e5dde) Importer(815301076,1909f56bfc062723c751e8b465ee728b)
Start importing Assets/AllIn1VfxToolkit/Demo & Assets/Textures/Noise/ColorNoise2.png using Guid(315fe49a4dabf704f881e394024e5dde) Importer(815301076,1909f56bfc062723c751e8b465ee728b) (PreviewImporter) -> (artifact id: '392d3b3b426f0d21b103a9f74a012ff2') in 0.0124048 seconds
Number of updated asset objects reloaded before import = 0Number of asset objects unloaded after import = 2

========================================================================
Received Import Request.
  Time since last request: 0.000023 seconds.
  path: Assets/AllIn1VfxToolkit/Demo & Assets/Textures/Noise/ColorNoise4.png
  artifactKey: Guid(022d24341e23fdc42991e2d6b54f5d24) Importer(815301076,1909f56bfc062723c751e8b465ee728b)
Start importing Assets/AllIn1VfxToolkit/Demo & Assets/Textures/Noise/ColorNoise4.png using Guid(022d24341e23fdc42991e2d6b54f5d24) Importer(815301076,1909f56bfc062723c751e8b465ee728b) (PreviewImporter) -> (artifact id: '6907197c7cacbaa2ee895ed924368c57') in 0.0172866 seconds
Number of updated asset objects reloaded before import = 0Number of asset objects unloaded after import = 2

========================================================================
Received Import Request.
  Time since last request: 0.000055 seconds.
  path: Assets/AllIn1VfxToolkit/Demo & Assets/Textures/Noise/ColorNoise1.png
  artifactKey: Guid(42249e2b82201a544b388419e993a1f0) Importer(815301076,1909f56bfc062723c751e8b465ee728b)
Start importing Assets/AllIn1VfxToolkit/Demo & Assets/Textures/Noise/ColorNoise1.png using Guid(42249e2b82201a544b388419e993a1f0) Importer(815301076,1909f56bfc062723c751e8b465ee728b) (PreviewImporter) -> (artifact id: 'b972af8f3fbec0dc5e8ac03634604e9d') in 0.0193429 seconds
Number of updated asset objects reloaded before import = 0Number of asset objects unloaded after import = 2

========================================================================
Received Import Request.
  Time since last request: 0.283436 seconds.
  path: Assets/AllIn1VfxToolkit/Demo & Assets/Textures/Shapes/Coin1.png
  artifactKey: Guid(5abba6cd5baca494f9c1b7302555cfc3) Importer(815301076,1909f56bfc062723c751e8b465ee728b)
Start importing Assets/AllIn1VfxToolkit/Demo & Assets/Textures/Shapes/Coin1.png using Guid(5abba6cd5baca494f9c1b7302555cfc3) Importer(815301076,1909f56bfc062723c751e8b465ee728b) (PreviewImporter) -> (artifact id: '2441115a08c05f610af0734bd249d991') in 0.0116891 seconds
Number of updated asset objects reloaded before import = 0Number of asset objects unloaded after import = 2

========================================================================
Received Import Request.
  Time since last request: 0.000023 seconds.
  path: Assets/AllIn1VfxToolkit/Demo & Assets/Textures/Shapes/Coin3.png
  artifactKey: Guid(78f7be9c85338de4ab24f04264742006) Importer(815301076,1909f56bfc062723c751e8b465ee728b)
Start importing Assets/AllIn1VfxToolkit/Demo & Assets/Textures/Shapes/Coin3.png using Guid(78f7be9c85338de4ab24f04264742006) Importer(815301076,1909f56bfc062723c751e8b465ee728b) (PreviewImporter) -> (artifact id: '7d829d4bc4829bad9f25aa56969119e6') in 0.016027 seconds
Number of updated asset objects reloaded before import = 0Number of asset objects unloaded after import = 2

========================================================================
Received Import Request.
  Time since last request: 0.000022 seconds.
  path: Assets/AllIn1VfxToolkit/Demo & Assets/Textures/Shapes/CirclePentagram.png
  artifactKey: Guid(833df3f361f87e443b389cfd2d5a0f64) Importer(815301076,1909f56bfc062723c751e8b465ee728b)
Start importing Assets/AllIn1VfxToolkit/Demo & Assets/Textures/Shapes/CirclePentagram.png using Guid(833df3f361f87e443b389cfd2d5a0f64) Importer(815301076,1909f56bfc062723c751e8b465ee728b) (PreviewImporter) -> (artifact id: '3e1c237f1761cc8efe92fef7e827cfca') in 0.0123485 seconds
Number of updated asset objects reloaded before import = 0Number of asset objects unloaded after import = 2

========================================================================
Received Import Request.
  Time since last request: 0.000022 seconds.
  path: Assets/AllIn1VfxToolkit/Demo & Assets/Textures/Shapes/Circle32.png
  artifactKey: Guid(c1f381c5e7569244fb9db9125667e6ab) Importer(815301076,1909f56bfc062723c751e8b465ee728b)
Start importing Assets/AllIn1VfxToolkit/Demo & Assets/Textures/Shapes/Circle32.png using Guid(c1f381c5e7569244fb9db9125667e6ab) Importer(815301076,1909f56bfc062723c751e8b465ee728b) (PreviewImporter) -> (artifact id: '68306792c97311390539385d658ec074') in 0.0155108 seconds
Number of updated asset objects reloaded before import = 0Number of asset objects unloaded after import = 2

========================================================================
Received Import Request.
  Time since last request: 0.000042 seconds.
  path: Assets/AllIn1VfxToolkit/Demo & Assets/Textures/Shapes/Circle33.png
  artifactKey: Guid(41daa139def674d40894e73d82ad6f5b) Importer(815301076,1909f56bfc062723c751e8b465ee728b)
Start importing Assets/AllIn1VfxToolkit/Demo & Assets/Textures/Shapes/Circle33.png using Guid(41daa139def674d40894e73d82ad6f5b) Importer(815301076,1909f56bfc062723c751e8b465ee728b) (PreviewImporter) -> (artifact id: 'fdd8f5d6085e3c08b8ed717a53bed7a1') in 0.0205549 seconds
Number of updated asset objects reloaded before import = 0Number of asset objects unloaded after import = 2

========================================================================
Received Import Request.
  Time since last request: 0.000023 seconds.
  path: Assets/AllIn1VfxToolkit/Demo & Assets/Textures/Shapes/Circle19.png
  artifactKey: Guid(554881d8fdbdb6c4cb661b8649beba1e) Importer(815301076,1909f56bfc062723c751e8b465ee728b)
Start importing Assets/AllIn1VfxToolkit/Demo & Assets/Textures/Shapes/Circle19.png using Guid(554881d8fdbdb6c4cb661b8649beba1e) Importer(815301076,1909f56bfc062723c751e8b465ee728b) (PreviewImporter) -> (artifact id: 'd90f3d5487c9a25c06b573aadbc2ced0') in 0.0110734 seconds
Number of updated asset objects reloaded before import = 0Number of asset objects unloaded after import = 2

========================================================================
Received Import Request.
  Time since last request: 0.000026 seconds.
  path: Assets/AllIn1VfxToolkit/Demo & Assets/Textures/Shapes/Circle27.png
  artifactKey: Guid(c5569d208ea767f47b972cd862406fa0) Importer(815301076,1909f56bfc062723c751e8b465ee728b)
Start importing Assets/AllIn1VfxToolkit/Demo & Assets/Textures/Shapes/Circle27.png using Guid(c5569d208ea767f47b972cd862406fa0) Importer(815301076,1909f56bfc062723c751e8b465ee728b) (PreviewImporter) -> (artifact id: 'fc959c1ad5898403e298fe44e6fdfda7') in 0.0190917 seconds
Number of updated asset objects reloaded before import = 0Number of asset objects unloaded after import = 2

========================================================================
Received Import Request.
  Time since last request: 0.000023 seconds.
  path: Assets/AllIn1VfxToolkit/Demo & Assets/Textures/Shapes/Circle25.png
  artifactKey: Guid(579bf68549212dd4eb1d7ebcaf1b0201) Importer(815301076,1909f56bfc062723c751e8b465ee728b)
Start importing Assets/AllIn1VfxToolkit/Demo & Assets/Textures/Shapes/Circle25.png using Guid(579bf68549212dd4eb1d7ebcaf1b0201) Importer(815301076,1909f56bfc062723c751e8b465ee728b) (PreviewImporter) -> (artifact id: '46f26dc28b79e9ae30522b46d56fd4bf') in 0.0166944 seconds
Number of updated asset objects reloaded before import = 0Number of asset objects unloaded after import = 2

========================================================================
Received Import Request.
  Time since last request: 0.000022 seconds.
  path: Assets/AllIn1VfxToolkit/Demo & Assets/Textures/Shapes/Circle24.png
  artifactKey: Guid(eb7894651bac387459ed2df2a23f3b68) Importer(815301076,1909f56bfc062723c751e8b465ee728b)
Start importing Assets/AllIn1VfxToolkit/Demo & Assets/Textures/Shapes/Circle24.png using Guid(eb7894651bac387459ed2df2a23f3b68) Importer(815301076,1909f56bfc062723c751e8b465ee728b) (PreviewImporter) -> (artifact id: 'a38a37d014e4cd138c1c1f5300f53193') in 0.0156472 seconds
Number of updated asset objects reloaded before import = 0Number of asset objects unloaded after import = 2

========================================================================
Received Import Request.
  Time since last request: 0.000023 seconds.
  path: Assets/AllIn1VfxToolkit/Demo & Assets/Textures/Shapes/Circle29.png
  artifactKey: Guid(80142792263441744826c86fb239d325) Importer(815301076,1909f56bfc062723c751e8b465ee728b)
Start importing Assets/AllIn1VfxToolkit/Demo & Assets/Textures/Shapes/Circle29.png using Guid(80142792263441744826c86fb239d325) Importer(815301076,1909f56bfc062723c751e8b465ee728b) (PreviewImporter) -> (artifact id: 'ecac9752c847a235fe39c11ae7901dc8') in 0.0130151 seconds
Number of updated asset objects reloaded before import = 0Number of asset objects unloaded after import = 2

========================================================================
Received Import Request.
  Time since last request: 0.000025 seconds.
  path: Assets/AllIn1VfxToolkit/Demo & Assets/Textures/Shapes/Circle22.png
  artifactKey: Guid(498894b973e358c4398293b5c3977e69) Importer(815301076,1909f56bfc062723c751e8b465ee728b)
Start importing Assets/AllIn1VfxToolkit/Demo & Assets/Textures/Shapes/Circle22.png using Guid(498894b973e358c4398293b5c3977e69) Importer(815301076,1909f56bfc062723c751e8b465ee728b) (PreviewImporter) -> (artifact id: 'c08a67d951390ef51d0b18a638dcde53') in 0.0154211 seconds
Number of updated asset objects reloaded before import = 0Number of asset objects unloaded after import = 2

========================================================================
Received Import Request.
  Time since last request: 0.000036 seconds.
  path: Assets/AllIn1VfxToolkit/Demo & Assets/Textures/Shapes/Circle21.png
  artifactKey: Guid(b5981b08e62591b46a31116a5c8b3e5e) Importer(815301076,1909f56bfc062723c751e8b465ee728b)
Start importing Assets/AllIn1VfxToolkit/Demo & Assets/Textures/Shapes/Circle21.png using Guid(b5981b08e62591b46a31116a5c8b3e5e) Importer(815301076,1909f56bfc062723c751e8b465ee728b) (PreviewImporter) -> (artifact id: 'b24a96516887b4a6220e184bf57f9075') in 0.0160607 seconds
Number of updated asset objects reloaded before import = 0Number of asset objects unloaded after import = 2

========================================================================
Received Import Request.
  Time since last request: 0.000022 seconds.
  path: Assets/AllIn1VfxToolkit/Demo & Assets/Textures/Shapes/Circle18.png
  artifactKey: Guid(3eecb5fb62c31cc47ba58d3e81615704) Importer(815301076,1909f56bfc062723c751e8b465ee728b)
Start importing Assets/AllIn1VfxToolkit/Demo & Assets/Textures/Shapes/Circle18.png using Guid(3eecb5fb62c31cc47ba58d3e81615704) Importer(815301076,1909f56bfc062723c751e8b465ee728b) (PreviewImporter) -> (artifact id: '499b22d05c31858ab8f9172fc4459f69') in 0.0217138 seconds
Number of updated asset objects reloaded before import = 0Number of asset objects unloaded after import = 2

========================================================================
Received Import Request.
  Time since last request: 0.000022 seconds.
  path: Assets/AllIn1VfxToolkit/Demo & Assets/Textures/Shapes/Circle20.png
  artifactKey: Guid(8f9f418c7c3a74a4f8a9885d49edaa8b) Importer(815301076,1909f56bfc062723c751e8b465ee728b)
Start importing Assets/AllIn1VfxToolkit/Demo & Assets/Textures/Shapes/Circle20.png using Guid(8f9f418c7c3a74a4f8a9885d49edaa8b) Importer(815301076,1909f56bfc062723c751e8b465ee728b) (PreviewImporter) -> (artifact id: '6b1dd8666e0e01e44a81cede58c79a37') in 0.0106207 seconds
Number of updated asset objects reloaded before import = 0Number of asset objects unloaded after import = 2

========================================================================
Received Import Request.
  Time since last request: 0.000022 seconds.
  path: Assets/AllIn1VfxToolkit/Demo & Assets/Textures/Shapes/CircleFireball.png
  artifactKey: Guid(dec80b37dd5e96c459ebdcdeed6b16d6) Importer(815301076,1909f56bfc062723c751e8b465ee728b)
Start importing Assets/AllIn1VfxToolkit/Demo & Assets/Textures/Shapes/CircleFireball.png using Guid(dec80b37dd5e96c459ebdcdeed6b16d6) Importer(815301076,1909f56bfc062723c751e8b465ee728b) (PreviewImporter) -> (artifact id: 'a6e8b2700e3c070d42d17c9f10072639') in 0.0161925 seconds
Number of updated asset objects reloaded before import = 0Number of asset objects unloaded after import = 2

========================================================================
Received Import Request.
  Time since last request: 0.000021 seconds.
  path: Assets/AllIn1VfxToolkit/Demo & Assets/Textures/Shapes/Coin2.png
  artifactKey: Guid(9bb3273feaed1f94a8c656e51e63453c) Importer(815301076,1909f56bfc062723c751e8b465ee728b)
Start importing Assets/AllIn1VfxToolkit/Demo & Assets/Textures/Shapes/Coin2.png using Guid(9bb3273feaed1f94a8c656e51e63453c) Importer(815301076,1909f56bfc062723c751e8b465ee728b) (PreviewImporter) -> (artifact id: '750056dbf19ce7266b2ababb477e9356') in 0.0127673 seconds
Number of updated asset objects reloaded before import = 0Number of asset objects unloaded after import = 2

========================================================================
Received Import Request.
  Time since last request: 0.000025 seconds.
  path: Assets/AllIn1VfxToolkit/Demo & Assets/Textures/Shapes/Circle31.png
  artifactKey: Guid(c7a25f7a254f0fa41be1361f7b5b3f3c) Importer(815301076,1909f56bfc062723c751e8b465ee728b)
Start importing Assets/AllIn1VfxToolkit/Demo & Assets/Textures/Shapes/Circle31.png using Guid(c7a25f7a254f0fa41be1361f7b5b3f3c) Importer(815301076,1909f56bfc062723c751e8b465ee728b) (PreviewImporter) -> (artifact id: '46dbfd91591c3bb138b4921f06530862') in 0.0118953 seconds
Number of updated asset objects reloaded before import = 0Number of asset objects unloaded after import = 2

========================================================================
Received Import Request.
  Time since last request: 0.000030 seconds.
  path: Assets/AllIn1VfxToolkit/Demo & Assets/Textures/Shapes/Circle5.png
  artifactKey: Guid(b6e7276512cf2c643a399a1be270defe) Importer(815301076,1909f56bfc062723c751e8b465ee728b)
Start importing Assets/AllIn1VfxToolkit/Demo & Assets/Textures/Shapes/Circle5.png using Guid(b6e7276512cf2c643a399a1be270defe) Importer(815301076,1909f56bfc062723c751e8b465ee728b) (PreviewImporter) -> (artifact id: 'de7347e066b3efcd5a043f14865560e9') in 0.0114725 seconds
Number of updated asset objects reloaded before import = 0Number of asset objects unloaded after import = 2

========================================================================
Received Import Request.
  Time since last request: 0.000031 seconds.
  path: Assets/AllIn1VfxToolkit/Demo & Assets/Textures/Shapes/Circle8.png
  artifactKey: Guid(6550ce88dc8c28746a8fe31f957a6eb7) Importer(815301076,1909f56bfc062723c751e8b465ee728b)
Start importing Assets/AllIn1VfxToolkit/Demo & Assets/Textures/Shapes/Circle8.png using Guid(6550ce88dc8c28746a8fe31f957a6eb7) Importer(815301076,1909f56bfc062723c751e8b465ee728b) (PreviewImporter) -> (artifact id: '9244833e0446e06018efcd1cf04e02af') in 0.0110098 seconds
Number of updated asset objects reloaded before import = 0Number of asset objects unloaded after import = 2

========================================================================
Received Import Request.
  Time since last request: 0.000024 seconds.
  path: Assets/AllIn1VfxToolkit/Demo & Assets/Textures/Shapes/Circle7.png
  artifactKey: Guid(eb591fe737aa73145b136319a2e7ad77) Importer(815301076,1909f56bfc062723c751e8b465ee728b)
Start importing Assets/AllIn1VfxToolkit/Demo & Assets/Textures/Shapes/Circle7.png using Guid(eb591fe737aa73145b136319a2e7ad77) Importer(815301076,1909f56bfc062723c751e8b465ee728b) (PreviewImporter) -> (artifact id: '9d2b452a64fde82eb5e09d22c65f340b') in 0.01833 seconds
Number of updated asset objects reloaded before import = 0Number of asset objects unloaded after import = 2

========================================================================
Received Import Request.
  Time since last request: 0.000024 seconds.
  path: Assets/AllIn1VfxToolkit/Demo & Assets/Textures/Shapes/Circle6.png
  artifactKey: Guid(7ea6a7b31c0ccc94582238cf071878b7) Importer(815301076,1909f56bfc062723c751e8b465ee728b)
Start importing Assets/AllIn1VfxToolkit/Demo & Assets/Textures/Shapes/Circle6.png using Guid(7ea6a7b31c0ccc94582238cf071878b7) Importer(815301076,1909f56bfc062723c751e8b465ee728b) (PreviewImporter) -> (artifact id: 'b736aeb09e0780f523c4bd8213f5f11e') in 0.0184634 seconds
Number of updated asset objects reloaded before import = 0Number of asset objects unloaded after import = 2

========================================================================
Received Import Request.
  Time since last request: 0.000019 seconds.
  path: Assets/AllIn1VfxToolkit/Demo & Assets/Textures/Shapes/Circle4.png
  artifactKey: Guid(0db23a062e13d1846a04099b9fba9594) Importer(815301076,1909f56bfc062723c751e8b465ee728b)
Start importing Assets/AllIn1VfxToolkit/Demo & Assets/Textures/Shapes/Circle4.png using Guid(0db23a062e13d1846a04099b9fba9594) Importer(815301076,1909f56bfc062723c751e8b465ee728b) (PreviewImporter) -> (artifact id: '36dde861eac172efb153dceafdada7be') in 0.0185397 seconds
Number of updated asset objects reloaded before import = 0Number of asset objects unloaded after import = 2

========================================================================
Received Import Request.
  Time since last request: 0.000023 seconds.
  path: Assets/AllIn1VfxToolkit/Demo & Assets/Textures/Shapes/Circle12.png
  artifactKey: Guid(9fa4c136574c5c94ca0f4ad968acf295) Importer(815301076,1909f56bfc062723c751e8b465ee728b)
Start importing Assets/AllIn1VfxToolkit/Demo & Assets/Textures/Shapes/Circle12.png using Guid(9fa4c136574c5c94ca0f4ad968acf295) Importer(815301076,1909f56bfc062723c751e8b465ee728b) (PreviewImporter) -> (artifact id: '80d3a005a2da21cdc26365bb8071570c') in 0.0193417 seconds
Number of updated asset objects reloaded before import = 0Number of asset objects unloaded after import = 2

========================================================================
Received Import Request.
  Time since last request: 0.000028 seconds.
  path: Assets/AllIn1VfxToolkit/Demo & Assets/Textures/Shapes/Circle13.png
  artifactKey: Guid(e40f904867003a049a95d704578baa21) Importer(815301076,1909f56bfc062723c751e8b465ee728b)
Start importing Assets/AllIn1VfxToolkit/Demo & Assets/Textures/Shapes/Circle13.png using Guid(e40f904867003a049a95d704578baa21) Importer(815301076,1909f56bfc062723c751e8b465ee728b) (PreviewImporter) -> (artifact id: 'e019e9d39944d11e44c1df2eb48ee568') in 0.0103149 seconds
Number of updated asset objects reloaded before import = 0Number of asset objects unloaded after import = 2

========================================================================
Received Import Request.
  Time since last request: 0.000032 seconds.
  path: Assets/AllIn1VfxToolkit/Demo & Assets/Textures/Shapes/Circle2.png
  artifactKey: Guid(b46672861221d5a42a829e489370f943) Importer(815301076,1909f56bfc062723c751e8b465ee728b)
Start importing Assets/AllIn1VfxToolkit/Demo & Assets/Textures/Shapes/Circle2.png using Guid(b46672861221d5a42a829e489370f943) Importer(815301076,1909f56bfc062723c751e8b465ee728b) (PreviewImporter) -> (artifact id: '334130911ae399920197573321fca65f') in 0.0113795 seconds
Number of updated asset objects reloaded before import = 0Number of asset objects unloaded after import = 2

========================================================================
Received Import Request.
  Time since last request: 0.000025 seconds.
  path: Assets/AllIn1VfxToolkit/Demo & Assets/Textures/Shapes/Circle11.png
  artifactKey: Guid(cd8eb6ebc45010c4a864ce9c9a53df10) Importer(815301076,1909f56bfc062723c751e8b465ee728b)
Start importing Assets/AllIn1VfxToolkit/Demo & Assets/Textures/Shapes/Circle11.png using Guid(cd8eb6ebc45010c4a864ce9c9a53df10) Importer(815301076,1909f56bfc062723c751e8b465ee728b) (PreviewImporter) -> (artifact id: '93a77dd1e6dda03a8d7e6ec681c96db0') in 0.015139 seconds
Number of updated asset objects reloaded before import = 0Number of asset objects unloaded after import = 2

========================================================================
Received Import Request.
  Time since last request: 0.000022 seconds.
  path: Assets/AllIn1VfxToolkit/Demo & Assets/Textures/Shapes/Circle14.png
  artifactKey: Guid(689e0b500e9b4224db3dc820f90c0ac1) Importer(815301076,1909f56bfc062723c751e8b465ee728b)
Start importing Assets/AllIn1VfxToolkit/Demo & Assets/Textures/Shapes/Circle14.png using Guid(689e0b500e9b4224db3dc820f90c0ac1) Importer(815301076,1909f56bfc062723c751e8b465ee728b) (PreviewImporter) -> (artifact id: '6ffc97f83cb2db10dd09c5858c8e2c73') in 0.0145717 seconds
Number of updated asset objects reloaded before import = 0Number of asset objects unloaded after import = 2

========================================================================
Received Import Request.
  Time since last request: 0.000025 seconds.
  path: Assets/AllIn1VfxToolkit/Demo & Assets/Textures/Shapes/Circle9.png
  artifactKey: Guid(d227cd8df4d5e8040a799cfbda5a9d8a) Importer(815301076,1909f56bfc062723c751e8b465ee728b)
Start importing Assets/AllIn1VfxToolkit/Demo & Assets/Textures/Shapes/Circle9.png using Guid(d227cd8df4d5e8040a799cfbda5a9d8a) Importer(815301076,1909f56bfc062723c751e8b465ee728b) (PreviewImporter) -> (artifact id: '0db105a1ddf1a1594146dd0bfa7ae23b') in 0.0115681 seconds
Number of updated asset objects reloaded before import = 0Number of asset objects unloaded after import = 2

========================================================================
Received Import Request.
  Time since last request: 0.000027 seconds.
  path: Assets/AllIn1VfxToolkit/Demo & Assets/Textures/Shapes/Circle34.png
  artifactKey: Guid(903373f2a80ff8e4e8cdf7c1d49837b9) Importer(815301076,1909f56bfc062723c751e8b465ee728b)
Start importing Assets/AllIn1VfxToolkit/Demo & Assets/Textures/Shapes/Circle34.png using Guid(903373f2a80ff8e4e8cdf7c1d49837b9) Importer(815301076,1909f56bfc062723c751e8b465ee728b) (PreviewImporter) -> (artifact id: '2dc57655184478ff006f6e2a1890ea30') in 0.0133297 seconds
Number of updated asset objects reloaded before import = 0Number of asset objects unloaded after import = 2

========================================================================
Received Import Request.
  Time since last request: 0.000021 seconds.
  path: Assets/AllIn1VfxToolkit/Demo & Assets/Textures/Shapes/Circle23.png
  artifactKey: Guid(ce9edad936248a04182a4c0df97d2518) Importer(815301076,1909f56bfc062723c751e8b465ee728b)
Start importing Assets/AllIn1VfxToolkit/Demo & Assets/Textures/Shapes/Circle23.png using Guid(ce9edad936248a04182a4c0df97d2518) Importer(815301076,1909f56bfc062723c751e8b465ee728b) (PreviewImporter) -> (artifact id: 'a3822f3afd613f95ca6ac4365345a86e') in 0.0159306 seconds
Number of updated asset objects reloaded before import = 0Number of asset objects unloaded after import = 2

========================================================================
Received Import Request.
  Time since last request: 0.000029 seconds.
  path: Assets/AllIn1VfxToolkit/Demo & Assets/Textures/Shapes/Circle28.png
  artifactKey: Guid(96345d69b59a4054d868908dde562574) Importer(815301076,1909f56bfc062723c751e8b465ee728b)
Start importing Assets/AllIn1VfxToolkit/Demo & Assets/Textures/Shapes/Circle28.png using Guid(96345d69b59a4054d868908dde562574) Importer(815301076,1909f56bfc062723c751e8b465ee728b) (PreviewImporter) -> (artifact id: 'e1b325c683f5ffb511ff7419302f240b') in 0.014928 seconds
Number of updated asset objects reloaded before import = 0Number of asset objects unloaded after import = 2

========================================================================
Received Import Request.
  Time since last request: 0.000031 seconds.
  path: Assets/AllIn1VfxToolkit/Demo & Assets/Textures/Shapes/Circle26.png
  artifactKey: Guid(4e2f76586b4d07c4bafa0ac7676f1628) Importer(815301076,1909f56bfc062723c751e8b465ee728b)
Start importing Assets/AllIn1VfxToolkit/Demo & Assets/Textures/Shapes/Circle26.png using Guid(4e2f76586b4d07c4bafa0ac7676f1628) Importer(815301076,1909f56bfc062723c751e8b465ee728b) (PreviewImporter) -> (artifact id: 'b80b8601e461f9a62e94223d5b09ae51') in 0.0136279 seconds
Number of updated asset objects reloaded before import = 0Number of asset objects unloaded after import = 2

========================================================================
Received Import Request.
  Time since last request: 0.000022 seconds.
  path: Assets/AllIn1VfxToolkit/Demo & Assets/Textures/Shapes/Circle30.png
  artifactKey: Guid(9ef2297a08ef33e449f1311decf30d1f) Importer(815301076,1909f56bfc062723c751e8b465ee728b)
Start importing Assets/AllIn1VfxToolkit/Demo & Assets/Textures/Shapes/Circle30.png using Guid(9ef2297a08ef33e449f1311decf30d1f) Importer(815301076,1909f56bfc062723c751e8b465ee728b) (PreviewImporter) -> (artifact id: 'af2800b44c77d9e54dfb9f8da9a442f9') in 0.0098455 seconds
Number of updated asset objects reloaded before import = 0Number of asset objects unloaded after import = 2

========================================================================
Received Import Request.
  Time since last request: 0.000023 seconds.
  path: Assets/AllIn1VfxToolkit/Demo & Assets/Textures/Shapes/Circle.png
  artifactKey: Guid(5e9ddf7ec70ee3e48bb89664de649cd3) Importer(815301076,1909f56bfc062723c751e8b465ee728b)
Start importing Assets/AllIn1VfxToolkit/Demo & Assets/Textures/Shapes/Circle.png using Guid(5e9ddf7ec70ee3e48bb89664de649cd3) Importer(815301076,1909f56bfc062723c751e8b465ee728b) (PreviewImporter) -> (artifact id: '5e44c13430af71e2fb79763142977b10') in 0.0185816 seconds
Number of updated asset objects reloaded before import = 0Number of asset objects unloaded after import = 2

========================================================================
Received Import Request.
  Time since last request: 0.000024 seconds.
  path: Assets/AllIn1VfxToolkit/Demo & Assets/Textures/Shapes/Circle17.png
  artifactKey: Guid(63caf667f3e0cbd4cb37939e8041c883) Importer(815301076,1909f56bfc062723c751e8b465ee728b)
Start importing Assets/AllIn1VfxToolkit/Demo & Assets/Textures/Shapes/Circle17.png using Guid(63caf667f3e0cbd4cb37939e8041c883) Importer(815301076,1909f56bfc062723c751e8b465ee728b) (PreviewImporter) -> (artifact id: '7e81c4b7ec7c2e3d95a57fb72fe69b5b') in 0.0132502 seconds
Number of updated asset objects reloaded before import = 0Number of asset objects unloaded after import = 2

========================================================================
Received Import Request.
  Time since last request: 118.414058 seconds.
  path: Assets/AllIn1VfxToolkit/MaterialSaves/VisualEffect_StormBarrier 1.mat
  artifactKey: Guid(4222ae9f0e5e86e41a40142155a485b1) Importer(2089858483,934ff659095e30574adcf32a4c2f97b5)
Start importing Assets/AllIn1VfxToolkit/MaterialSaves/VisualEffect_StormBarrier 1.mat using Guid(4222ae9f0e5e86e41a40142155a485b1) Importer(2089858483,934ff659095e30574adcf32a4c2f97b5) (ScriptedImporter) -> (artifact id: 'dac2cf564c73c5a3e90aba8b1a1b99c1') in 0.0114055 seconds
Number of updated asset objects reloaded before import = 0Number of asset objects unloaded after import = 1

========================================================================
Received Import Request.
  Time since last request: 0.000024 seconds.
  path: Assets/Plugins/Easy Save 3/Resources/ES3/ES3GlobalReferences.asset
  artifactKey: Guid(1f161f66fd953c24485eb05b1e6d5253) Importer(2089858483,934ff659095e30574adcf32a4c2f97b5)
Start importing Assets/Plugins/Easy Save 3/Resources/ES3/ES3GlobalReferences.asset using Guid(1f161f66fd953c24485eb05b1e6d5253) Importer(2089858483,934ff659095e30574adcf32a4c2f97b5) (ScriptedImporter) -> (artifact id: '818cac921393047cec60f047d5fdbb59') in 2.4002088 seconds
Number of updated asset objects reloaded before import = 0Number of asset objects unloaded after import = 49768

========================================================================
Received Import Request.
  Time since last request: 0.000038 seconds.
  path: Assets/Scenes/StartScreen.unity
  artifactKey: Guid(89ed22e203f7ac24e8537b747de7dd00) Importer(2089858483,934ff659095e30574adcf32a4c2f97b5)
Start importing Assets/Scenes/StartScreen.unity using Guid(89ed22e203f7ac24e8537b747de7dd00) Importer(2089858483,934ff659095e30574adcf32a4c2f97b5) (ScriptedImporter) -> (artifact id: 'c9970fa79e79bef1de5c3d33de25e8a8') in 0.0128797 seconds
Number of updated asset objects reloaded before import = 0Number of asset objects unloaded after import = 1

========================================================================
Received Import Request.
  Time since last request: 77.335905 seconds.
  path: Assets/WindEffects.png
  artifactKey: Guid(65e310fb9dbf253418f8ea8a50490e22) Importer(2089858483,934ff659095e30574adcf32a4c2f97b5)
Start importing Assets/WindEffects.png using Guid(65e310fb9dbf253418f8ea8a50490e22) Importer(2089858483,934ff659095e30574adcf32a4c2f97b5) (ScriptedImporter) -> (artifact id: '7ed488a04a02a8ea67ec6126b051f11b') in 0.0193942 seconds
Number of updated asset objects reloaded before import = 0Number of asset objects unloaded after import = 15

========================================================================
Received Import Request.
  Time since last request: 0.428394 seconds.
  path: Assets/WindEffects.png
  artifactKey: Guid(65e310fb9dbf253418f8ea8a50490e22) Importer(815301076,1909f56bfc062723c751e8b465ee728b)
Start importing Assets/WindEffects.png using Guid(65e310fb9dbf253418f8ea8a50490e22) Importer(815301076,1909f56bfc062723c751e8b465ee728b) (PreviewImporter) -> (artifact id: 'f5a10f53b878a14cd0d44c92011a6942') in 0.062862 seconds
Number of updated asset objects reloaded before import = 0Number of asset objects unloaded after import = 16

========================================================================
Received Import Request.
  Time since last request: 9.884463 seconds.
  path: Assets/WindEffects.png
  artifactKey: Guid(65e310fb9dbf253418f8ea8a50490e22) Importer(815301076,1909f56bfc062723c751e8b465ee728b)
Start importing Assets/WindEffects.png using Guid(65e310fb9dbf253418f8ea8a50490e22) Importer(815301076,1909f56bfc062723c751e8b465ee728b) (PreviewImporter) -> (artifact id: '7cbcd2b550f70b689bfb10aeaec81499') in 0.0563163 seconds
Number of updated asset objects reloaded before import = 0Number of asset objects unloaded after import = 16

========================================================================
Received Import Request.
  Time since last request: 28.407815 seconds.
  path: Assets/Resources/Prefabs/AreaOfEffect/AreaOfEffect_WindRush_Ultimate.prefab
  artifactKey: Guid(888a61985f22386409e5c6b3d032cdbd) Importer(2089858483,934ff659095e30574adcf32a4c2f97b5)
Start importing Assets/Resources/Prefabs/AreaOfEffect/AreaOfEffect_WindRush_Ultimate.prefab using Guid(888a61985f22386409e5c6b3d032cdbd) Importer(2089858483,934ff659095e30574adcf32a4c2f97b5) (ScriptedImporter) -> (artifact id: 'dbd20d47c9eab7cbe1dd0a1df51da18b') in 0.0283947 seconds
Number of updated asset objects reloaded before import = 0Number of asset objects unloaded after import = 888

========================================================================
Received Import Request.
  Time since last request: 6.311957 seconds.
  path: Assets/Resources/Prefabs/AreaOfEffect/AreaOfEffect_WindRush_Ultimate.prefab
  artifactKey: Guid(888a61985f22386409e5c6b3d032cdbd) Importer(2089858483,934ff659095e30574adcf32a4c2f97b5)
Start importing Assets/Resources/Prefabs/AreaOfEffect/AreaOfEffect_WindRush_Ultimate.prefab using Guid(888a61985f22386409e5c6b3d032cdbd) Importer(2089858483,934ff659095e30574adcf32a4c2f97b5) (ScriptedImporter) -> (artifact id: '10aefbfd683a5d752169a4a75604ff88') in 0.0465496 seconds
Number of updated asset objects reloaded before import = 0Number of asset objects unloaded after import = 888

========================================================================
Received Import Request.
  Time since last request: 6.269647 seconds.
  path: Assets/Resources/Prefabs/AreaOfEffect/AreaOfEffect_WindRush_Ultimate.prefab
  artifactKey: Guid(888a61985f22386409e5c6b3d032cdbd) Importer(2089858483,934ff659095e30574adcf32a4c2f97b5)
Start importing Assets/Resources/Prefabs/AreaOfEffect/AreaOfEffect_WindRush_Ultimate.prefab using Guid(888a61985f22386409e5c6b3d032cdbd) Importer(2089858483,934ff659095e30574adcf32a4c2f97b5) (ScriptedImporter) -> (artifact id: 'e4bc98308f5644d33a61ec982e499b90') in 0.0312642 seconds
Number of updated asset objects reloaded before import = 0Number of asset objects unloaded after import = 888

========================================================================
Received Import Request.
  Time since last request: 31.031027 seconds.
  path: Assets/Resources/Prefabs/AreaOfEffect/AreaOfEffect_WindRush_Ultimate.prefab
  artifactKey: Guid(888a61985f22386409e5c6b3d032cdbd) Importer(2089858483,934ff659095e30574adcf32a4c2f97b5)
Start importing Assets/Resources/Prefabs/AreaOfEffect/AreaOfEffect_WindRush_Ultimate.prefab using Guid(888a61985f22386409e5c6b3d032cdbd) Importer(2089858483,934ff659095e30574adcf32a4c2f97b5) (ScriptedImporter) -> (artifact id: 'f53b19c69acfd29fc1d0a35f73741788') in 0.027472 seconds
Number of updated asset objects reloaded before import = 0Number of asset objects unloaded after import = 888

========================================================================
Received Import Request.
  Time since last request: 15.481231 seconds.
  path: Assets/AllIn1VfxToolkit/MaterialSaves/VisualEffect_StormBarrier 1.mat
  artifactKey: Guid(4222ae9f0e5e86e41a40142155a485b1) Importer(815301076,1909f56bfc062723c751e8b465ee728b)
Start importing Assets/AllIn1VfxToolkit/MaterialSaves/VisualEffect_StormBarrier 1.mat using Guid(4222ae9f0e5e86e41a40142155a485b1) Importer(815301076,1909f56bfc062723c751e8b465ee728b) (PreviewImporter) -> (artifact id: '369e738214e55b8c5b807932cad856cf') in 0.1242443 seconds
Number of updated asset objects reloaded before import = 0Number of asset objects unloaded after import = 10

========================================================================
Received Import Request.
  Time since last request: 0.189246 seconds.
  path: Assets/Plugins/Easy Save 3/Resources/ES3/ES3GlobalReferences.asset
  artifactKey: Guid(1f161f66fd953c24485eb05b1e6d5253) Importer(2089858483,934ff659095e30574adcf32a4c2f97b5)
Start importing Assets/Plugins/Easy Save 3/Resources/ES3/ES3GlobalReferences.asset using Guid(1f161f66fd953c24485eb05b1e6d5253) Importer(2089858483,934ff659095e30574adcf32a4c2f97b5) (ScriptedImporter) -> (artifact id: 'ba8b0f12f0f0da8beb4a759888cba435') in 2.4562649 seconds
Number of updated asset objects reloaded before import = 0Number of asset objects unloaded after import = 49769

========================================================================
Received Import Request.
  Time since last request: 0.000041 seconds.
  path: Assets/AllIn1VfxToolkit/MaterialSaves/VisualEffect_StormBarrier 1.mat
  artifactKey: Guid(4222ae9f0e5e86e41a40142155a485b1) Importer(2089858483,934ff659095e30574adcf32a4c2f97b5)
Start importing Assets/AllIn1VfxToolkit/MaterialSaves/VisualEffect_StormBarrier 1.mat using Guid(4222ae9f0e5e86e41a40142155a485b1) Importer(2089858483,934ff659095e30574adcf32a4c2f97b5) (ScriptedImporter) -> (artifact id: '0db36171a1a54c64d0b9232204101c5e') in 0.0124629 seconds
Number of updated asset objects reloaded before import = 0Number of asset objects unloaded after import = 1

========================================================================
Received Import Request.
  Time since last request: 56.180561 seconds.
  path: Assets/AllIn1VfxToolkit/MaterialSaves/VisualEffect_StormBarrier 1.mat
  artifactKey: Guid(4222ae9f0e5e86e41a40142155a485b1) Importer(815301076,1909f56bfc062723c751e8b465ee728b)
Start importing Assets/AllIn1VfxToolkit/MaterialSaves/VisualEffect_StormBarrier 1.mat using Guid(4222ae9f0e5e86e41a40142155a485b1) Importer(815301076,1909f56bfc062723c751e8b465ee728b) (PreviewImporter) -> (artifact id: '0f43a995081b66cf995ada25b6369904') in 0.0147421 seconds
Number of updated asset objects reloaded before import = 0Number of asset objects unloaded after import = 10

========================================================================
Received Import Request.
  Time since last request: 0.800504 seconds.
  path: Assets/WindEffects.png
  artifactKey: Guid(65e310fb9dbf253418f8ea8a50490e22) Importer(2089858483,934ff659095e30574adcf32a4c2f97b5)
Start importing Assets/WindEffects.png using Guid(65e310fb9dbf253418f8ea8a50490e22) Importer(2089858483,934ff659095e30574adcf32a4c2f97b5) (ScriptedImporter) -> (artifact id: 'bc82a5c8fe0a4d7b64885ac3109cb2f1') in 0.0192262 seconds
Number of updated asset objects reloaded before import = 0Number of asset objects unloaded after import = 15

========================================================================
Received Import Request.
  Time since last request: 182.513217 seconds.
  path: Assets/AllIn1VfxToolkit/MaterialSaves/VisualEffect_StormBarrier 1.mat
  artifactKey: Guid(4222ae9f0e5e86e41a40142155a485b1) Importer(815301076,1909f56bfc062723c751e8b465ee728b)
Start importing Assets/AllIn1VfxToolkit/MaterialSaves/VisualEffect_StormBarrier 1.mat using Guid(4222ae9f0e5e86e41a40142155a485b1) Importer(815301076,1909f56bfc062723c751e8b465ee728b) (PreviewImporter) -> (artifact id: '70aca156e1d01e671dfe3b9d558a8346') in 0.0202505 seconds
Number of updated asset objects reloaded before import = 0Number of asset objects unloaded after import = 10

========================================================================
Received Import Request.
  Time since last request: 0.792539 seconds.
  path: Assets/WindEffects.png
  artifactKey: Guid(65e310fb9dbf253418f8ea8a50490e22) Importer(2089858483,934ff659095e30574adcf32a4c2f97b5)
Start importing Assets/WindEffects.png using Guid(65e310fb9dbf253418f8ea8a50490e22) Importer(2089858483,934ff659095e30574adcf32a4c2f97b5) (ScriptedImporter) -> (artifact id: 'cf6a1f5d29e7c7cd7ec07e951ed47332') in 0.015809 seconds
Number of updated asset objects reloaded before import = 0Number of asset objects unloaded after import = 15

========================================================================
Received Import Request.
  Time since last request: 38.243311 seconds.
  path: Assets/Resources/Prefabs/VisualEffect/VisualEffect_WindRush.prefab
  artifactKey: Guid(c0b07b3b37cc0d64b88fec7626585783) Importer(815301076,1909f56bfc062723c751e8b465ee728b)
Start importing Assets/Resources/Prefabs/VisualEffect/VisualEffect_WindRush.prefab using Guid(c0b07b3b37cc0d64b88fec7626585783) Importer(815301076,1909f56bfc062723c751e8b465ee728b) (PreviewImporter) -> (artifact id: '36db18ace28301f6a0cf11c405f9924c') in 0.0206744 seconds
Number of updated asset objects reloaded before import = 0Number of asset objects unloaded after import = 35

========================================================================
Received Import Request.
  Time since last request: 32.480881 seconds.
  path: Assets/Resources/Prefabs/VisualEffect/VisualEffect_WindRush.prefab
  artifactKey: Guid(c0b07b3b37cc0d64b88fec7626585783) Importer(2089858483,934ff659095e30574adcf32a4c2f97b5)
Start importing Assets/Resources/Prefabs/VisualEffect/VisualEffect_WindRush.prefab using Guid(c0b07b3b37cc0d64b88fec7626585783) Importer(2089858483,934ff659095e30574adcf32a4c2f97b5) (ScriptedImporter) -> (artifact id: 'abd034f62412d2484df68b8f7ea545bf') in 0.0219969 seconds
Number of updated asset objects reloaded before import = 0Number of asset objects unloaded after import = 20

========================================================================
Received Import Request.
  Time since last request: 24.583763 seconds.
  path: Assets/Resources/Prefabs/AreaOfEffect/AreaOfEffect_WindRush_Knockback.prefab
  artifactKey: Guid(4e0e0c5af904b9f4d8249c518fe9a783) Importer(815301076,1909f56bfc062723c751e8b465ee728b)
Start importing Assets/Resources/Prefabs/AreaOfEffect/AreaOfEffect_WindRush_Knockback.prefab using Guid(4e0e0c5af904b9f4d8249c518fe9a783) Importer(815301076,1909f56bfc062723c751e8b465ee728b) (PreviewImporter) -> (artifact id: 'f51869b7c8997e23f65328ef663bbe40') in 0.0083774 seconds
Number of updated asset objects reloaded before import = 0Number of asset objects unloaded after import = 13

========================================================================
Received Import Request.
  Time since last request: 1.785898 seconds.
  path: Assets/Resources/Prefabs/AreaOfEffect/AreaOfEffect_WindRush_Knockback.prefab
  artifactKey: Guid(4e0e0c5af904b9f4d8249c518fe9a783) Importer(2089858483,934ff659095e30574adcf32a4c2f97b5)
Start importing Assets/Resources/Prefabs/AreaOfEffect/AreaOfEffect_WindRush_Knockback.prefab using Guid(4e0e0c5af904b9f4d8249c518fe9a783) Importer(2089858483,934ff659095e30574adcf32a4c2f97b5) (ScriptedImporter) -> (artifact id: '9699f66d5bf8a66780bfc3848f4731f5') in 0.0103444 seconds
Number of updated asset objects reloaded before import = 0Number of asset objects unloaded after import = 12

========================================================================
Received Import Request.
  Time since last request: 0.113080 seconds.
  path: Assets/Resources/Prefabs/AreaOfEffect/AreaOfEffect_WindRush_Ultimate.prefab
  artifactKey: Guid(888a61985f22386409e5c6b3d032cdbd) Importer(815301076,1909f56bfc062723c751e8b465ee728b)
Start importing Assets/Resources/Prefabs/AreaOfEffect/AreaOfEffect_WindRush_Ultimate.prefab using Guid(888a61985f22386409e5c6b3d032cdbd) Importer(815301076,1909f56bfc062723c751e8b465ee728b) (PreviewImporter) -> (artifact id: 'b0fb4a165242b247cdb6dbfad984bcc2') in 0.0977619 seconds
Number of updated asset objects reloaded before import = 0Number of asset objects unloaded after import = 937

========================================================================
Received Import Request.
  Time since last request: 8.678925 seconds.
  path: Assets/WindEffects.png
  artifactKey: Guid(65e310fb9dbf253418f8ea8a50490e22) Importer(815301076,1909f56bfc062723c751e8b465ee728b)
Start importing Assets/WindEffects.png using Guid(65e310fb9dbf253418f8ea8a50490e22) Importer(815301076,1909f56bfc062723c751e8b465ee728b) (PreviewImporter) -> (artifact id: '3edc40f1f105941ec864b40c0c3cedc4') in 0.0323713 seconds
Number of updated asset objects reloaded before import = 0Number of asset objects unloaded after import = 16

========================================================================
Received Import Request.
  Time since last request: 11.345485 seconds.
  path: Assets/Plugins/Easy Save 3/Resources/ES3/ES3GlobalReferences.asset
  artifactKey: Guid(1f161f66fd953c24485eb05b1e6d5253) Importer(2089858483,934ff659095e30574adcf32a4c2f97b5)
Start importing Assets/Plugins/Easy Save 3/Resources/ES3/ES3GlobalReferences.asset using Guid(1f161f66fd953c24485eb05b1e6d5253) Importer(2089858483,934ff659095e30574adcf32a4c2f97b5) (ScriptedImporter) -> (artifact id: 'b63c2093eb73578bffdfdb3c234ca6bf') in 2.3855785 seconds
Number of updated asset objects reloaded before import = 0Number of asset objects unloaded after import = 49770

========================================================================
Received Import Request.
  Time since last request: 7.422259 seconds.
  path: Assets/Scenes/StartScreen.unity
  artifactKey: Guid(89ed22e203f7ac24e8537b747de7dd00) Importer(2089858483,934ff659095e30574adcf32a4c2f97b5)
Start importing Assets/Scenes/StartScreen.unity using Guid(89ed22e203f7ac24e8537b747de7dd00) Importer(2089858483,934ff659095e30574adcf32a4c2f97b5) (ScriptedImporter) -> (artifact id: '33b0cf28bdf5180206fb43409326653e') in 0.0075017 seconds
Number of updated asset objects reloaded before import = 0Number of asset objects unloaded after import = 1

========================================================================
Received Import Request.
  Time since last request: 5.152314 seconds.
  path: Assets/AllIn1VfxToolkit/MaterialSaves/Material_AnimaWindSlashes.mat
  artifactKey: Guid(4222ae9f0e5e86e41a40142155a485b1) Importer(2089858483,934ff659095e30574adcf32a4c2f97b5)
Start importing Assets/AllIn1VfxToolkit/MaterialSaves/Material_AnimaWindSlashes.mat using Guid(4222ae9f0e5e86e41a40142155a485b1) Importer(2089858483,934ff659095e30574adcf32a4c2f97b5) (ScriptedImporter) -> (artifact id: '49d4dcaf9c63081becc72147bd1dadea') in 0.0178596 seconds
Number of updated asset objects reloaded before import = 0Number of asset objects unloaded after import = 1

========================================================================
Received Import Request.
  Time since last request: 44.585934 seconds.
  path: Assets/Resources/Prefabs/AreaOfEffect/AreaOfEffect_WindRush_Ultimate.prefab
  artifactKey: Guid(888a61985f22386409e5c6b3d032cdbd) Importer(2089858483,934ff659095e30574adcf32a4c2f97b5)
Start importing Assets/Resources/Prefabs/AreaOfEffect/AreaOfEffect_WindRush_Ultimate.prefab using Guid(888a61985f22386409e5c6b3d032cdbd) Importer(2089858483,934ff659095e30574adcf32a4c2f97b5) (ScriptedImporter) -> (artifact id: '1e571589170a7f81c9755bc80d7e29e0') in 0.0296334 seconds
Number of updated asset objects reloaded before import = 0Number of asset objects unloaded after import = 888

========================================================================
Received Import Request.
  Time since last request: 41.511239 seconds.
  path: Assets/WindEffects.png
  artifactKey: Guid(65e310fb9dbf253418f8ea8a50490e22) Importer(815301076,1909f56bfc062723c751e8b465ee728b)
Start importing Assets/WindEffects.png using Guid(65e310fb9dbf253418f8ea8a50490e22) Importer(815301076,1909f56bfc062723c751e8b465ee728b) (PreviewImporter) -> (artifact id: 'abb7dae3193dba62b86218e4cf1da373') in 0.0460236 seconds
Number of updated asset objects reloaded before import = 0Number of asset objects unloaded after import = 16

========================================================================
Received Import Request.
  Time since last request: 0.766688 seconds.
  path: Assets/WindEffects.png
  artifactKey: Guid(65e310fb9dbf253418f8ea8a50490e22) Importer(2089858483,934ff659095e30574adcf32a4c2f97b5)
Start importing Assets/WindEffects.png using Guid(65e310fb9dbf253418f8ea8a50490e22) Importer(2089858483,934ff659095e30574adcf32a4c2f97b5) (ScriptedImporter) -> (artifact id: '9e9070e14e030082c7fdc7f5a2801f8c') in 0.0113882 seconds
Number of updated asset objects reloaded before import = 0Number of asset objects unloaded after import = 15

========================================================================
Received Import Request.
  Time since last request: 76.400000 seconds.
  path: Assets/AllIn1VfxToolkit/MaterialSaves/Material_AnimaWindSlashes.mat
  artifactKey: Guid(4222ae9f0e5e86e41a40142155a485b1) Importer(815301076,1909f56bfc062723c751e8b465ee728b)
Start importing Assets/AllIn1VfxToolkit/MaterialSaves/Material_AnimaWindSlashes.mat using Guid(4222ae9f0e5e86e41a40142155a485b1) Importer(815301076,1909f56bfc062723c751e8b465ee728b) (PreviewImporter) -> (artifact id: '76ba3fb9bd78a398f45ded1ec787753a') in 0.0175223 seconds
Number of updated asset objects reloaded before import = 0Number of asset objects unloaded after import = 10

========================================================================
Received Import Request.
  Time since last request: 0.290202 seconds.
  path: Assets/AllIn1VfxToolkit/MaterialSaves/Material_AnimaWindSlashes.mat
  artifactKey: Guid(4222ae9f0e5e86e41a40142155a485b1) Importer(2089858483,934ff659095e30574adcf32a4c2f97b5)
Start importing Assets/AllIn1VfxToolkit/MaterialSaves/Material_AnimaWindSlashes.mat using Guid(4222ae9f0e5e86e41a40142155a485b1) Importer(2089858483,934ff659095e30574adcf32a4c2f97b5) (ScriptedImporter) -> (artifact id: '8dc28d9c8bbb8297cdcfe2b7d8d02748') in 0.0118048 seconds
Number of updated asset objects reloaded before import = 0Number of asset objects unloaded after import = 1

