Label	Category	ENG	PL
Ability_WindRush	Technique	Wind Rush	Uderzenie Wichru
Ability_WindRush_FlavorText	Technique	A signature technique of Anima warriors, allowing to isolate and duel any perceived threats. It shows the confidence that Anima warriors hold, thinking themselves nigh unbeatable in a 1-on-1 clash.	
Ability_WindRush_Description	Technique	Dash forward to strike your target, dealing {0}[I] and {2}[S] while blowing nearby enemies away. Gain {4}[Sharp] (tripled if interrupting an attack).	Skocz w danym kierunku i uderz cel, zadając {0}[D] obecną bronią i odpychając innych wrogów.
Ability_WindRush_DescriptionDetailed	Technique	Dash toward your target (or aim manually). Interrupt the target to deal {0}[I] ({1}%[I]) and {2}[S] ({3}%[S]) with your current weapon, and gain {4}[Sharp] ({5}[Sharp] if the target was attacking). All other nearby enemies are knocked 15m away.	Skocz w kierunku obecnego celu (jeśli cel nie jest zaznaczony, kierunek może być manualnie wybrany). Uderz obecną bronią, zadając {0}[I]Injury ({1}%[I]) i {2}[S]Stagger ({3}%[I]). Wszyscy wrogowie poza celem są odepchnięci o 5 metrów.
Ability_WindRush_MasteryA_Description	Technique	Costs 0 [E]Energy and inflicts an extra {0}[S] if used within 2 seconds of a Dodge, Parry, or Counter.	
Ability_WindRush_MasteryA_DescriptionDetailed	Technique	If cast within 2 seconds of a successful Dodge, Parry, or Counter, this technique costs 0 [E]Energy and inflicts an additional {0}[S] ({1}%[S]).	
Ability_WindRush_MasteryB_Description	Technique	Grants invulnerability, inflicts an extra {0}[I], and repositions you directly behind the struck target.	
Ability_WindRush_MasteryB_DescriptionDetailed	Technique	Grants invulnerability throughout the dash and deals an additional {0}[I] ({1}%[I]). You immediately phase behind the struck enemy, automatically pivoting to face their back.	
Ability_WindRush_Ultimate	Technique	Invitation To Duel	
Ability_WindRush_Ultimate_Description	Technique	Dash and strike for {0}[I] and {2}[S]. Traps the target in a wind arena that pulls them to the center and deals {4}[S]/sec.	
Ability_WindRush_Ultimate_DescriptionDetailed	Technique	Dash and strike the target to deal {0}[I] ({1}%[I]) and {2}[S] ({3}%[S]) with your current weapon, blowing away all other enemies. Creates a wind arena for {6} seconds (or until the target is defeated) that pulls the target into the center, dealing {4}[S] ({5}%[S]) per second.	
Ability_TempestStrikes	Technique	Tempest Strikes	Uderzenia Nawałnicy
Ability_TempestStrikes_FlavorText	Technique	A simple technique that best shows one's mastery over their weapon. A true master can make separate attacks flow into one, uninterrupted dance.	Prosta technika która najlepiej pokazuje jak dobrze ktoś opanował władanie swoją bronią. Prawdziwy mistrz może sprawić, że oddzielne ataki układają się w jeden nieprzerwany taniec.
Ability_TempestStrikes_Description	Technique	Deal medium [WD]Damage to enemies ahead, and repeat up to 5 times based on accumulated stacks.	Zadaj  {0}[I] i {2}[S] wrogom przed sobą. Może być powtórzone aż do w sumie 5 razy w zależności od zakumulowanych ładunków.
Ability_TempestStrikes_MasteryA_Description	Technique	Increase max stacks to 10.\n\n10th strike deals triple [D]Damage.	Zwiększ maksymalną ilość ładunków do 10. 10-te uderzenie zadaje 3x [D]Obrażeń.
Ability_TempestStrikes_MasteryB_Description	Technique	[Riposte]Ripostes give 1 extra stack.\n\n[Counter]Counters give 2 extra stacks.	Udane riposty automatycznie generują 1 ładunek. Udane kontry automatycznie generują 2 ładunki.
Ability_TempestStrikes_Ultimate	Technique	Tempest Fury	
Ability_TempestStrikes_Ultimate_Description	Technique	Deal medium [WD]Damage to enemies ahead, and repeat up to 20 times based on accumulated stacks.\n\nSpeeds up with each strike and gives {6}[Analysis]Analysis per hit.	Zadaj  {0}[I] i {2}[S] wrogom przed sobą. Przytrzymaj przycisk by powtórzyć do 20 razy w zależności od zgromadzonych ładunków. Każde uderzenie zwiększa prędkość techniki o {5}% i daje {6}[Analysis]Analizy.
Ability_TempestStrikes_Ultimate_DescriptionDetailed	Technique	Stacks-based Technique ({0} max). Attack enemies in front, dealing {0}[I]Injury ({1}%[I]) and {2}[S]Stagger ({3}%[S]) based on current weapon. Repeat up to 20 times total based on accumulated stacks. Generates extra 1 stack upon Riposte, and 2 stacks upon Counter. 20th strike deals 5x[D]Damage. Each strike increases technique's speed by {5}% and gives {6}[Analysis]Analysis.	Zaatakuj wrogów przed sobą, zadając {0}[I]Zranienia ({1}%[I]) i {2}[S]Zachwiania ({3}%[S]) w zależności od obecnej broni. Może być powtórzone aż do w sumie 20 razy w zależności od zakumulowanych ładunków. Generuje dodatkowy 1 ładunek za Ripostę, oraz 2 ładunki za Kontrę. 20-te uderzenie zadaje 5x[D]Obrażenia. Każde uderzenie zwiększa prędkość techniki o {5}% i daje {6}[Analysis]Analizy.
Ability_Quickdraw	Technique	Quickdraw	Natychmiastowe Cięcie
Ability_Quickdraw_FlavorText	Technique	Although Anima warriors cannot normally boast the explosive speed of the Tonitrui, it is possible to condense energy into a single point of their weapon. The energy is then rapidly released, either in the form of a wind slash or an unstoppable counter-attack.	
Ability_Quickdraw_Description	Technique	Charge and release a wind slash that deals up to {1}[I] and {3}[S]. If hit by melee weapon while charging, instead counter and deal {5}[I] and {7}[S] to that enemy.	
Ability_Quickdraw_DescriptionDetailed	Technique	Charge-time Technique ({0} sec). Release a wind slash that deals up to {1}[I]Injury ({2}%[I]) and {3}[S]Stagger ({4}%[S]) based on current weapon (only 25% effective without any charging).\n\nFirst hit from a melee weapon received while charging immediately ends the technique and instead of a releasing a wind slash, counter the attack and deal {5}[I]Injury ({6}%[I]) and {7}[S]Stagger ({8}%[S]) to that enemy.	
Ability_Quickdraw_MasteryA_Description	Technique	Finish this technique right before taking a melee weapon hit to perform both a counter and wind slash.	
Ability_Quickdraw_MasteryA_DescriptionDetailed	Technique	If the technique button is let go at most 0.2 sec before a melee weapon hit is received, both 'wind slash' and 'counter' versions of the technique are performed at the same time.	
Ability_Quickdraw_MasteryB_Description	Technique	Apply up to {0}[Prone]Prone to all enemies hit. Apply {1}[Prone]Prone instead if the enemy was countered using the technique.	
Ability_Quickdraw_MasteryB_DescriptionDetailed	Technique	Apply up to {0}[Prone]Prone to enemies hit, {1}[Prone]Prone if the enemy was countered. Only 25% effective without any charging. Effect is applied after [D]Damage is calculated.	
Ability_Quickdraw_Ultimate	Technique	Instant Draw	
Ability_Quickdraw_Ultimate_Description	Technique	Slow down time and charge a wind slash. Counter any attack received and heal based on how much [D]Damage it would have dealt.	
Ability_Quickdraw_Ultimate_DescriptionDetailed	Technique	Charge-time Technique ({0} sec). Slow down time to {1}% and prepare to release a wind slash that deals {0}[I]Injury ([1]%[I]) and {2}[S] ([3]%[S]) based on current weapon. First hit received while charging immediately finishes the technique, countering and restoring [H]Health and [SB]Stagger Bar based on enemy attack's base [I]Injury and [S]Stagger.	
Ability_Deconstruction	Technique	Deconstruction	
Ability_Deconstruction_FlavorText	Technique		
Ability_Deconstruction_Description	Technique	Gain 'Deconstruction' against target's current attack.\n\n[Riposting]Ripostes and [Counter]Counters against that attack have their [D]Damage multiplied and further increases the multiplier (up to {0} max).	
Ability_Deconstruction_DescriptionDetailed	Technique	On use, gain 2 'Deconstruction' stacks against target's current attack.\n\nDeconstruction causes your [Riposte]Ripostes and [Counter]Counters against targeted attack to have their [D]Damage multiplied by current amount of stacks.\n\n[Riposte]Riposting, [Counter]Countering or recasting this Technique against that specific attack (even from a different enemy) also gives 1 extra Deconstruction stack (up to {0} max).\n\nUsing Deconstruction on a different attack resets the stacks back to 2.	
Ability_Deconstruction_MasteryA_Description	Technique	For each unique attack Deconstructed, gain +{0}%[D]Damage until end of combat.\n\nIncrease Deconstruction max stacks to {1}.	
Ability_Deconstruction_MasteryB_Description	Technique	For each stack, gain extra {0}[A]Armor against Deconstructed attack.\n\nDeconstructing an [Unstoppable]Unstoppable attack gives max stacks just from the start.	
Ability_Deconstruction_Ultimate	Technique	Exploit Weakness	
Ability_Deconstruction_Ultimate_Description	Technique	Perform a strike that deals {0}[I] and {2}[S].\n\nIf hitting an enemy attack that has {4} Deconstruction stacks, permanently disable it from being used.	
Ability_Deconstruction_Ultimate_DescriptionDetailed	Technique	Perform a strike that deals {0}[I]({1}%[I] of current weapon) and {2}[S]({3}%[S] of current weapon).\n\nIf you currently have at least {4} stacks, then prevent enemy from using Deconstructed attack until end of combat.	
Ability_HeavySlash	Technique	Heavy Slash	Ciężkie Cięcie
Ability_HeavySlash_FlavorText	Technique	A simple motion that evokes a fan of spreading flames. Although unimpressive in terms of explosive power, it is one of main ways for Ignis knights to slowly and surely bring their opponents to heel.	Prosty ruch, który stwarza falę rozprzestrzeniających się płomieni. Choć technika ta nie powala pod względem destruktywnej mocy, jest ona jednym ze sposobów, w jaki rycerze Ignis powolnie lecz skutecznie podporządkowują sobie wrogów.
Ability_HeavySlash_Description	Technique	Slash in front, dealing {1}[HI] and {3}[HS]. If fully charged, release a wave of flames that inflicts {5}[MI] and {7}[Burn].	Tnij przed sobą, zadając {1}[HI] i {3}[HS]. W pełni naładowana technika tworzy wachlarz płomieni zadających {5}[MI] i {7}[Burn].
Ability_HeavySlash_DescriptionDetailed	Technique	Charge-time Technique ({0} sec). Slash in front, dealing {1}[HI]Injury ({2}%[HI]), {3}[HS]Stagger ({4}%[HS]) and causing enemies to flinch. If fully charged, release a wave of flames that inflicts {5}[MI]Injury ({6}%[MI]) and {7}[Burn]Burn ({8}%[MS]) to all enemies hit.	Ładowana Technika ({0} sek). Uderz przed siebie, zadając {1}[HI]Zranienia ({2}%[HI]), {3}[HS]Zachwiania ({4}%[HS]) i przerywając obecną akcję wrogów. W pełni naładowana technika dodatkowo tworzy wachlarz płomieni zadających {5}[MI]Zranienia ({6}%[MI]) i {7}[Burn]Podpalenia ({8}%[MS]) wszystkim wrogom.
Ability_HeavySlash_MasteryA_Description	Technique	Fully charged technique also [Stun]Stuns ({0} sec).	W pełni naładowana technika dodatkowo [Stun]Ogłusza ({0} sek).
Ability_HeavySlash_MasteryA_DescriptionDetailed	Technique	If fully charged, the attack also inflicts [Stun]Stun ({0} sec) to enemies hit by the weapon.	Jeśli jest w pełni naładowana, to technika dodatkowo nakłada [Stun]Ogłuszenie ({0} sek) na wrogów trafionych przez broń.
Ability_HeavySlash_MasteryB_Description	Technique	Charge faster and weapon inflicts extra {1}[Burn] when technique was fully charged.	Ładuj szybciej i broń nakłada dodatkowe {1}[Burn] gdy technika była w pełni naładowana.
Ability_HeavySlash_MasteryB_DescriptionDetailed	Technique	Increase charge speed to {0}%. When fully charged, weapon hit inflicts extra {1}[Burn]Burn ({2}%[HS]).	Zwiększ prędkość ładowania do {0}%. W pełni naładowana technika sprawia, że uderzenie bronią nakłada dodatkowe {1}[Burn]Podpalenia ({2}%[HS]).
Ability_HeavySlash_Ultimate	Technique	Infernal Blade	
Ability_HeavySlash_Ultimate_Description	Technique	Charge energy then slash, dealing at least {1}[HI], {3}[HS] and {5}[Burn], and triple amount when fully charged.	Ładuj energię i uderz, zadając co najmniej {1}[HI], {3}[HS] i {5}[Burn], i potrójną ilość przy pełnym naładowaniu.
Ability_HeavySlash_Ultimate_DescriptionDetailed	Technique	Charge-time Technique ({0} sec). Perform a slash with a blade of conjured flames, dealing at least {1}[HI]Injury ({2}%[HI]), {3}[HS]Stagger ({4}%[HS]) and {5}[Burn]Burn ({6}%[MS]). All [D]Damage and [Burn]Burn is increased based on charge time, up to 300% value.	Ładowana Technika ({0} sek). Wykonaj cięcie przy użyciu stworzonych płomieni, zadając co najmniej {1}[HI]Zranienia ({2}%[HI]), {3}[HS]Zachwiania ({4}%[HS]) i {5}[Burn]Podpalenia ({6}%[MS]). Całe [D]Obrażenia i [Burn]Podpalenie jest zwiększone w zależności od czasu ładowania, aż do max 300% wartości.
Ability_Fireball	Technique	Fireball	Kula Ognia
Ability_Fireball_FlavorText	Technique	The fireball technique is a signature of an Ignis Family member. One can figure out a lot about the user's personality based on the speed, ferocity or even color of the created flames.	Techniki ognistej kuli jest swojego rodzaju podpisem członka Rodziny Ignis. Wiele można wywnioskować o osobowości użytkownika patrząc na szybkość, dzikość czy nawet kolor stworzonego płomienia.
Ability_Fireball_Description	Technique	Throw a fireball in target direction, dealing {0}[MI] and {2}[Burn] to enemies hit.	Rzuć kulą ognia w danym kierunku, zadając {0}[MI] i {2}[Burn] trafionym wrogom.
Ability_Fireball_DescriptionDetailed	Technique	Throw a fireball in target direction, dealing {0}[MI]Injury ({1}%[MI]) and {2}[Burn]Burn ({3}%[MS]) to enemies hit.	Rzuć kulą ognia w danym kierunku, zadając {0}[MI]Zranienia ({1}%[MI]) i {2}[Burn]Podpalenia ({3}%[MS]) trafionym wrogom.
Ability_Fireball_MasteryA_Description	Technique	Increase explosion size and [Stun]Stun enemies hit for up to {1} seconds.	Zwiększ rozmiar eksplozji i [Stun]Ogłusz trafionych wrogów na maks {1} sekund.
Ability_Fireball_MasteryA_DescriptionDetailed	Technique	Increase explosion radius by 50%. Enemies hit are [Stun]Stunned for {0} - {1} seconds, depending on distance from explosion.	Zwiększ średnicę eksplozji o 50%. Trafieni wrogowie są [Stun]Ogłuszeni na {0} - {1} sekund, w zależności od odległości od eksplozji.
Ability_Fireball_MasteryB_Description	Technique	Fireball flies in a straight line and deals extra {0}[MI] and {2}[MS] to first enemy hit.	Kula ognia leci w linii prostej i zadaje dodatkowe {0}[MI] i {2}[MS] pierwszemu trafionemu wrogowi.
Ability_Fireball_Ultimate	Technique	Implosion	
Ability_Fireball_Ultimate_Description	Technique	Throw 5 fireballs in target direction, dealing {0}[MI] and {2}[Burn] to enemies hit.	Rzuć 5 kul ognia w danym kierunku, zadając {0}[MI] i {2}[Burn] trafionym wrogom.
Ability_Fireball_Ultimate_DescriptionDetailed	Technique	Throw 5 fireballs in target direction, dealing {0}[MI]Injury ({1}%[MI]) and {2}[Burn]Burn ({3}%[MS]) to enemies hit.	Rzuć 5 kul ognia w danym kierunku, zadając {0}[MI]Zranienia ({1}%[MI]) i {2}[Burn]Podpalenia ({3}%[MS]) trafionym wrogom.
Ability_Flamethrower	Technique	Flamethrower	Miotacz Ognia
Ability_Flamethrower_FlavorText	Technique	To conjure flames might seem simple, but low-level Ignis knights actually find it to be quite a challenging task, especially without the aid of specialized tools.	Tworzenie płomieni wydaje się prostym zadaniem, lecz niskopoziomowi paladyni Ignis uważają to za dosyć skomplikowany proces, zwłaszcza bez polegania na specjalnych narzędziach.
Ability_Flamethrower_Description	Technique	Shoot flames at enemies ahead, dealing {0}[MI] and {2}[Burn] / sec.	Strzel płomieniami przed siebie, zadając {0}[MI] i {2}[Burn] / sek. Trwa do maks 10 sekund w zależności od zebranych ładunków.
Ability_Flamethrower_DescriptionDetailed	Technique	Stacks-based Technique ({0} max). Stand in place and shoot flames ahead of you, consuming 10 stacks per second, dealing {0}[MI]Injury ({1}%[MI]) and applying {2}[Burn]Burn ({3}%[MS]). Generate 1 extra stack each time you apply [Burn]Burn to an enemy.	Stój w miejscu i miotaj płomieniami przed siebie, zadając {0}[MI]Zranienia ({1}%[MI]) i nakładając {2}[Burn]Podpalenia ({3}%[MS]) z każdą sekundą. Zużywa 10 ładunków na sekundę i pozwala zebrać w sumie max 100 ładunków. Generuj 1 dodatkowy ładunek za każdym razem, gdy nakładasz [Burn]Popalenie na wroga.
Ability_Flamethrower_MasteryA_Description	Technique	Flame size and technique speed increase by 20% with each second. Increase max stack amount to 150.	Rozmiar płomieni i prędkość techniki rośnie o 20% z każdą sekundą. Zwiększ maks ilość ładunków do 150.
Ability_Flamethrower_MasteryB_Description	Technique	You can move while channeling the technique. Apply extra {0}[Burn] when you hit an enemy for the first time.	Możesz się poruszać w wykonywania techniki. Nałóż dodatkowe {0}[Burn] gdy trafiasz przeciwnika pierwszy raz.
Ability_Flamethrower_MasteryB_DescriptionDetailed	Technique	You can move while channeling the technique. When an enemy takes [D]Damage from this technique for the first time, they take extra {0}[Burn]Burn ({1}%[MS]).	Możesz się poruszać w wykonywania techniki. Gdy wróg otrzymuje [D]Obrażenia od tej techniki po raz pierwszy, to nakładane jest na niego dodatkowe {0}[Burn]Podpalenia ({1}%[MS].
Ability_Flamethrower_Ultimate	Technique	Chain Reaction	Reakcja Łańcuchowa
Ability_Flamethrower_Ultimate_Description	Technique	Push closest enemy, multiplying their [Burn]Burn making them explode.\n\nSpreads to nearby [Burn]Burning enemies.	
Ability_Flamethrower_Ultimate_DescriptionDetailed	Technique	Punch closest enemy and push them back 3m. Multiply their current [Burn]Burn by 1% for each 1 stack and 1 [E]Energy spent (up to 200% total). Hit enemy then explodes, consuming all [Burn]Burn to deal {0}[I] to him for each 1[Burn]Burn removed and spreading the explosion to all [Burn]Burning enemies within 3m range.	
Ability_Eruption	Technique	Eruption	Erupcja
Ability_Eruption_FlavorText	Technique	This technique plunges a torrent of Ignis energy into the ground, causing it to explode right under all nearby enemies. Thankfully, the caster's energy cannot harm himself, otherwise he would be the first one to be harmed.	Ta technika wpycha strumień energii Ignis prosto w ziemię, wywołując wybuch pochłaniający pobliskich wrogów. Na szczęście energia użytkownika nie może zaszkodzić jemu samemu, w przeciwnym wypadku stałby się pierwszą ofiarą swego ataku.
Ability_Eruption_Description	Technique	Create 4 explosion circles each dealing {0}[I], {2}[HS] and {4}[Burn] to enemies hit.	Stwórz 4 kręgi eksplozji zadających {0}[I], {2}[HS] i {4}[Burn] trafionym wrogom.
Ability_Eruption_DescriptionDetailed	Technique	Plunge your weapon into the ground, creating 4 circles of explosions that deal {0}[I]Injury ({1}%[HI]+{2}%[MI]), {3}[HS]Stagger ({4}%[HS]) and {5}[Burn]Burn ({6}%[MS]). Enemies can be hurt by each circle separately.	Wetknij broń w ziemię, stwarzając krąg eksplozji zadających {0}[I]Zranienia ({1}%[HI]+{2}%[MI]), {3}[HS]Zachwiania ({4}%[HS]) i {5}[Burn]Podpalenia ({6}%[MS]).
Ability_Eruption_MasteryA_Description	Technique	Explosions are 50% faster and apply {0}%[Prone]Prone.	Eksplozje są 50% szybsze i nakładają {0}%[Prone]Prone.
Ability_Eruption_MasteryB_Description	Technique	Generate {0}[Barrier] for each enemy hit, tripled for bosses.	Generuj {0}[Barrier] za każdego trafionego wroga, potrójnie w przypadku bossów.
Ability_Eruption_MasteryB_DescriptionDetailed	Technique	Generate {0}[Barrier]Barrier ({1}%[HS]+{1}%[MS]) for each enemy hit, tripled for bosses.	Generuj {0}[Barrier]Bariery ({1}%[HS]+{1}%[MS]) za każdego trafionego wroga, potrójnie w przypadku bossów.
Ability_Eruption_Ultimate	Technique	Volcano	
Ability_Eruption_Ultimate_Description	Technique	Over 20 seconds create a total of 200 explosions centered around you, each dealing {0}[HI]/[MI] and {2}[Burn].	Przez 20 sekund stwórz wokół siebie w sumie 200 eksplozji, każde zadając {0}[HI]/[MI] i {2}[Burn].
Ability_Eruption_Ultimate_DescriptionDetailed	Technique	Instead of regular explosion circle, small explosions are created in 3m radius around you (until 100 explosions are created). Explosions deal {0}[HI]Injury ({1}%[HI]) and {2}[Burn]Burn ({3}%[MS]).	Zamiast normalnego okręgu eksplozji, tworzone są małe eksplozje w promieniu 3m wokół ciebie (aż stworzonych zostanie 100 eksplozji). Eksplozje zadają {0}[HI]Zranienia ({1}%[HI]) i {2}[Burn]Podpalenia ({3}%[MS]).
Ability_ChargedShot	Technique	Charged Shot	
Ability_ChargedShot_FlavorText	Technique		
Ability_ChargedShot_Description	Technique	Charge and release a shot that deals {0}[RI]Injury and {2}[Freeze]Freeze (up to +{4}% after charging for {5} sec).	
Ability_ChargedShot_DescriptionDetailed	Technique	Charge-time Technique ({0} sec). Release a projectile that deals {0}[RI]Injury ({1}%[RI]) and {2}[Freeze]Freeze ({3}%[MS]). After charging for {5} seconds, deals {6}[RI]Damage and {7}{Freeze]Freeze.	
Ability_ChargedShot_MasteryA_Description	Technique	Upon using the Technique, apply {0}[Slow]Slow to targeted enemy (if no target, closest enemy is affected).	
Ability_ChargedShot_MasteryB_Description	Technique	Projectile pierces through enemies and applies {0}[Prone]Prone.	
Ability_ChargedShot_Ultimate	Technique	Shattering Shot	
Ability_ChargedShot_Ultimate_Description	Technique	Can charge the shot for up to {4} seconds for +{5}%, and apply {8}[Freeze]/sec to target while charging.	
Ability_ChargedShot_Ultimate_DescriptionDetailed	Technique	Charge-time Technique ({0} sec). Release a projectile that deals {0}[RI] ({1}%[RI]) and {2}[Freeze] ({3}%[MS]). After charging for {4} seconds, deals {6}[RI]Damage and {7}{Freeze]. While charging the shot, targetted enemy receives {8}[Freeze]Freeze ({9}%[MS]) every second (if no target, closest enemy is affected).	
Ability_Permafrost	Technique	Permafrost	
Ability_Permafrost_FlavorText	Technique		
Ability_Permafrost_Description	Technique	Leave behind frost zone that applies {0}[Freeze]/sec and {1}[Slow]/sec.	
Ability_Permafrost_DescriptionDetailed	Technique	For next 15 seconds, leave behind a trail of frost wherever you go. The ice lasts 15 seconds and applies {0}[Freeze] ({1}%[MS]) and {1}[Slow] each second enemies stand on it.	
Ability_Permafrost_MasteryA_Description	Technique	Frost zone also applies -{0}%[T]Tenacity per second, lasting 15 seconds.	
Ability_Permafrost_MasteryB_Description	Technique	Restore [R]{0}%[/R] missing [H]Health/sec for the duration.	
Ability_Permafrost_Ultimate	Technique	Frost Domain	
Ability_Permafrost_Ultimate_Description	Technique	Push away all enemies and create a ring of frost around you. It applies {0}[Freeze]Freeze and {1}[Slow]Slow to enemies who enter it for the first time.	
Ability_SpearsOfIce	Technique	Spears of Ice	
Ability_SpearsOfIce_FlavorText	Technique	Ammo is a finite resource, but the energy of a Glacies Enforcer is not. This technique allows to unleash a torrent of ice shards in the direction of one's enemy without having to worry about anything.	
Ability_SpearsOfIce_Description	Technique	Shoot ice spears that deal {0}[MI] and {2}[Freeze].	
Ability_SpearsOfIce_DescriptionDetailed	Technique	Stacks-based Technique ({0} max). For each stack conumsed, shoot 1 ice projectile (3 per second) in targeted direction, dealing {0}[MI]({1}%[MI]), {2}[Freeze]({3}%[MS]) and {4}m knockback on hit.	
Ability_SpearsOfIce_MasteryA_Description	Technique	Increase knockback to {0}m and deal {1}% of enemy maximum [SB] on hit.	
Ability_SpearsOfIce_MasteryB_Description	Technique	Increase speed by {0}% and deal extra {1}[MI]({2}%[MI]) on hit.	
Ability_SpearsOfIce_Ultimate	Technique	Ice Onslaught	
Ability_SpearsOfIce_Ultimate_Description	Technique	Stacks-based Technique ({0} max). Shoot 15 projectiles per second instead of 3.	
Ability_TimeFreeze	Technique	Frozen Time	
Ability_TimeFreeze_FlavorText	Technique	Manipulating time itself is a higher art than what Glacies family is capable of. However, releasing sufficient ice energy into nearby area can accomplish a shockingly similar result.	
Ability_TimeFreeze_Description	Technique	Slow down time, gain {1}[Ammo] and spawn {2} marks on target. Hitting a mark deals extra {3}[RI] and {5}[Freeze]. Hitting all marks inflicts {7}[S]Stagger.	
Ability_TimeFreeze_DescriptionDetailed	Technique	Slow down time to {0}%, gain {1}[Ammo] and spawn {2} marks on current (or closest) target.\n\nPress [BasicAttackButtonPress] to shoot, dealing {3}[RI]({4}%[RI]) and {5}[Freeze]({6}%[RS]) on successful mark hit, destroying it.\n\nHitting all marks inflicts {7}[S]({8}%[RS]+{9}%[MS]) and ends the Technique.\n\nOnly marks can be hit for the duration, and [BlockButtonPress]Blocking or [DodgeButtonPress]Dodging ends the Technique.	
Ability_TimeFreeze_MasteryA_Description	Technique	Gain {0} [Ammo]Ammo on use. Technique ends after using {1}[Ammo]Ammo. Deal {3}[RI]/{5}[RS] on hit.	
Ability_TimeFreeze_MasteryA_DescriptionDetailed	Technique	Gain {0} [Ammo]Ammo on use (instead of usual {1}[Ammo]). Instead of creating marks, Technique ends after shooting {2}[Ammo] times. Projectiles inflict {3}[RI]({4}%[RI]) and {5}[RS]({6}%[RS]) on hit.	
Ability_TimeFreeze_MasteryB_Description	Technique	Hitting all marks restores {0}[E]Energy and reduces the Technique's remaining [CD]Cooldown by {1} seconds.	
Ability_TimeFreeze_Ultimate	Technique	Absolute Zero	
Ability_TimeFreeze_Ultimate_Description	Technique	For next 20 seconds (4 seconds real-time), shoot enemies without spending any [Ammo]Ammo.\n\nAll [I]Injury dealt is converted into [S]Stagger, but no [D]Damage is dealt to enemies who are already [Staggered]Staggered.	
Ability_Fortify	Technique	Fortify	
Ability_Fortify_FlavorText	Technique		
Ability_Fortify_Description	Technique	Stacks-based Technique ({0} max).\n\nBrace yourself, gaining {1}[A]({2}[A]+{3}% of your total [A]Armor) and becoming [Unstunnable]Unstunnable.\n\nLasts 1 sec for each 10 stacks consumed.	
Ability_Fortify_MasteryA_Description	Technique	While Technique is in effect and above 50%[H]Health, your [EG]Energy Gain is increased by {0}%.\n\nIf below 50%[H]Health, instead restore {1}% missing [H]Health per second.	
Ability_Fortify_MasteryB_Description	Technique	Each time you take [D]Damage, gain 1 stack.\n\nFor each stack available when Technique is used, gain {0}[Barrier]Barrier.	
Ability_Fortify_MasteryB_DescriptionDetailed	Technique	Each time you take [D]Damage, gain 1 stack.\n\nFor each stack available when Technique is used, gain {0}[Barrier]Barrier ({1}% MAX [H]Health + {2}% MAX [SB]Stagger Bar, {1}[Barrier] at {2} stacks).	
Ability_Fortify_Ultimate	Technique	Kinetic Reversal	
Ability_Fortify_Ultimate_Description	Technique	Stacks-based Technique ({0} max).\n\nBrace yourself, gaining {1}[A] ({2}[A]+{3}% of your current [A]Armor) and reflecting [G]{4}%[/G] pre-mitigation [D]Damage back at attackers.	
Ability_TectonicPull	Technique	Ground Slam	
Ability_TectonicPull_FlavorText	Technique		
Ability_TectonicPull_Description	Technique	Charge and slam the ground, dealing {1}/{2} and pulling affected enemies in front of you.	
Ability_TectonicPull_DescriptionDetailed	Technique	Charge-time Technique ({0} sec).\n\nSlam the ground, dealing {1}/{2}(higher total between {3}%[HI]+{4}%[HS] vs {5}%[MI]+{6}%[MS]) and applying knock-back to affected enemies that places them into a spot right in front of you.\n\nAffected area size depends on charge time.	
Ability_TectonicPull_MasteryA_Description	Technique	Removes Technique's charge time and applies {0}[Stun]Stun to enemies hit.	
Ability_TectonicPull_MasteryB_Description	Technique	Increases maximum charge time to {0} sec (max hit range still achieved at {1} sec charge).\n\nBased on charge time, multiply [D]Damage dealt by up to {0}.	
Ability_TectonicPull_Ultimate	Technique	Rock Cage	
Ability_TectonicPull_Ultimate_Description	Technique	Charge-time Technique ({0} sec). After using the Technique, also create a half-circular wall of stone around affected enemies that lasts {1} seconds.	
Ability_BlastDash	Technique	Blast Dash	
Ability_BlastDash_FlavorText	Technique		
Ability_BlastDash_Description	Technique	Dash in target direction, consuming {2}[H] and {4}[SB] and dealing as much to enemies hit.\n\nIf an enemy is pushed into an obstacle, apply [Stun]Stun ({6} sec).	
Ability_BlastDash_DescriptionDetailed	Technique	Charge-time Technique ({0} sec).\n\nDash up to {1}m in target direction based on charge time, costing you {2}[H]({3}%[H] MAX Health) and {4}[SB]({5}%[SB] MAX Stagger Bar), which cannot bring you below 1[H] or [Staggered]Stagger you.\n\nComing into contact with enemies inflicts consumed [H]Health as [I] and consumed [SB]Stagger Bar as [S]Stagger and pushes them together with you.\n\nIf collided with an obstacle, apply [Stun]Stun ({6} sec) to enemies hit, but if no enemies were hit, the stun is applied to you instead.	
Ability_BlastDash_MasteryA_Description	Technique	Increase dash range by {0}%.\n\nEnemies pushed into obstacles also receive {1}[Prone]Prone.	
Ability_BlastDash_MasteryB_Description	Technique	Increase Area of Effect by {0}%.\n\nFor each enemy hit, refund all [H]Health and [SB]Stagger Bar consumed by the Technique.	
Ability_BlastDash_Ultimate	Technique	Blast Flight	
Ability_BlastDash_Ultimate_Description	Technique	Remove charge time and increase dash range to {0}m.\n\nFor each enemy hit, MULTIPLY all [D]Damage and [Stun]Stun applied (x2 for 2 enemies, x3 for 3 enemies...).	
Ability_Helmsplitter	Technique	Earth Splitter	
Ability_Helmsplitter_FlavorText	Technique		
Ability_Helmsplitter_Description	Technique	Gain {1}[Barrier], then charge to convert all [Barrier] into power that is then unleashed at enemies in front of you.	
Ability_Helmsplitter_DescriptionDetailed	Technique	Charge-time Technique ({0} sec).\n\nGain {1}[Barrier] ({2}% MAX [H]Health + {3}% MAX [SB]Stagger Bar), then start consuming {4}%[Barrier]/sec.\n\nAfter releasing Technique button (or after all [Barrier] is consumed), attack enemies in front of you, dealing {5}[D]Damage for every 10[Barrier] consumed.	
Ability_Helmsplitter_MasteryA_Description	Technique	On use, lose [R]{0}%[/R] MAX [H]Health and [P]{1}%[/P] MAX [SB]Stagger Bar and gain {2}[Barrier]Barrier for every 10[H]/[SB] consumed.\n\nThis CANNOT bring you below 1[H] or make you [Staggered]Staggered.	
Ability_Helmsplitter_MasteryB_Description	Technique	While charging, you have +{0}[A]Armor ({1}[A] + {2}% CURRENT [A]) and [Unstoppable]Unstoppable.\n\nApply {3}[Prone]Prone to enemies who attack you during charge time (once per unit).	
Ability_Helmsplitter_Ultimate	Technique	Decisive Gambit	
Ability_Helmsplitter_Ultimate_Description	Technique	Charge-time Technique ({0} sec).\n\nWhile Technique is being charged, [Barrier]Barrier is not depleted when taking [D]Damage.\n\nInstead, gain {1}[Barrier] for every 10[D] taken.	
Ability_SentientShadow	Technique	Sentient Shadows	
Ability_SentientShadow_FlavorText	Technique		
Ability_SentientShadow_Description	Technique	Throw a grapplig hook, in pointed direction for up to {0}m.\n\nUpon hitting an object or an enemy, pull yourself to them and apply [Stun]Stun ({1} sec) to any enemies hit.\n\nThis Technique can be used even while performing other attacks.	
Ability_SentientShadow_DescriptionDetailed	Technique	Throw a grappling hook, attaching to first hit unit, object or surface and pulling yourself to it.\n\nIf an enemy is hit, apply [Stun]Stun ({0} sec).	
Ability_SentientShadow_MasteryA_Description	Technique	The hook will fly towards targetted enemies.\n\nIf the target cannot be [Stun]Stunned, the hook will instead try to pull the player away from them.\n\nApply {0}[Onslaught]Onslaught to enemies hit.	
Ability_SentientShadow_MasteryA_DescriptionDetailed	Technique	When an enemy is being targetted, the hook will always fly towards them.\n\nIf targetted enemy is using an [Unstoppable]Unstoppable ability or he is currently [Unstunnable]Unstunnable, the hook will try to pull the player away from them.\n\nAdditionally, apply {0}[Onslaught]Onslaught to enemies hit by the hook.	
Ability_SentientShadow_MasteryB_Description	Technique	Upon hitting a surface with the hook, this Technique can be reused up to 2 additional times within next 5 seconds (this effect has {0}[CD]).\n\nThe hook has {1}% increased range and travel speed.	
Ability_SentientShadow_Ultimate	Technique	Shadow Assault	
Ability_SentientShadow_Ultimate_Description	Technique	Shadow blades assault target enemy, dealing {0}[I] and inflicting [Stun]Stun ({2} sec).	
Ability_SentientShadow_Ultimate_DescriptionDetailed	Technique	Shadow blades assault target enemy, dealing total of {0}[I](5x {1}% current weapon's [I]Injury) and inflicting 5x [Stun]Stun (total {2} sec), interrupting even [Unstoppable]Unstoppable attacks.\n\nThis Technique can be used even while performing other actions.	
Ability_ShadowInfusion	Technique	Cutting Wind	Tnący Wiatr
Ability_ShadowInfusion_FlavorText	Technique	This technique united every single Anima tribe and every single kind of weapon. After all, energy can be channeled through any steel, no matter the shape.	Ta technika połączyła wszystkie plemiona Anima, wraz z ich przeróżnymi typami broni. Koniec końców, energią można wypełnić każdą stal, bez różnicą jaką przyjmuje formę.
Ability_ShadowInfusion_Description	Technique	Next non-Technique hit deals extra {0}[D]Damage and causes flinching.\n\nCan be used even during other attacks.	Twoje następne uderzenie obecną bronią, które nie jest techniką zadaje +{1}[S].
Ability_ShadowInfusion_MasteryA_Description	Technique	[H]Heal for [G]{0}%[/G] of [D]Damage dealt by the empowered attack.	[H]Ulecz się o {0}% [D]Obrażeń zadanych przez wzmocniony atak.
Ability_ShadowInfusion_MasteryB_Description	Technique	Gain [Unstunnable] and {0}[A] for {1} sec.	Zyskaj efekt [Unstunnable] i {1}%[A] na {0} sek.
Ability_ShadowInfusion_Ultimate	Technique	Spirit Weapon	
Ability_ShadowInfusion_Ultimate_Description	Technique	For {0} seconds empower your weapon with increased range, speed and extra {1}[D]Damage on hit.	Przez {0} sekund twoja broń ma zwiększony zasięg, prędkość i zadaje +{1}[I] i +{3}[S].
Ability_DeathSentence	Technique	Death Sentence	
Ability_DeathSentence_FlavorText	Technique		
Ability_DeathSentence_Description	Technique	Charge for up to {0} sec and strike, dealing max {1}[D]Damage.	
Ability_DeathSentence_MasteryA_Description	Technique	Defeating an enemy with this Technique restores [H]Health equal to [D]Damage dealt.\n\nIncrease [D]Damage dealt by {0}%.	
Ability_DeathSentence_MasteryB_Description	Technique	Hitting a [Staggered]Staggered enemy multiplies [D]Damage x{0} and applies {1}[Stun]Stun, but ends [Staggered]Staggered immediately.	
Ability_DeathSentence_Ultimate	Technique	Sentence Execution	
Ability_DeathSentence_Ultimate_Description	Technique	Automatically finishes off enemies below {0}[H] (based on charge time).\n\nReset all [CD]Cooldowns upon successful execution.	
Ability_ShadowForm	Technique	Shadow Form	
Ability_ShadowForm_FlavorText	Technique		
Ability_ShadowForm_Description	Technique	Remove all [CD]Cooldowns, slow down time to x{0} and gain {1}[AS]Attack and [MS]Movement Speed for next {2} sec.\n\nFor the duration, you gain unremovable [Stealth]Stealth and {3}[A]Armor, and all [D]Damage dealt counts as [Backstab]Backstabs.	
Ability_ShadowForm_MasteryA_Description	Technique	Upon activation, copy all negative effects currently on you onto nearby enemies, then remove them from yourself.	
Ability_ShadowForm_MasteryB_Description	Technique	Further amplify time slow-down to x{0}, and also gain {1}[AS]Attack and [MS]Movement Speed instead.\n\nYou become [Invincible]Invincible for the duration.	
Ability_ShadowForm_Ultimate	Technique	Threshold of Death	
Ability_ShadowForm_Ultimate_Description	Technique	Lose any [H]Health above [R]{0}%[/R][Health], but you heal for [G]{1}%[/G] of [D]Damage dealt for the duration.\n\nExtend Technique's duration by {2} sec.	
Ability_ReplicaBlow	Technique	Replica Blow	
Ability_ReplicaBlow_FlavorText	Technique		
Ability_ReplicaBlow_Description	Technique	Copy your [Light]Light weapons and throw them in a curved trajectory towards current target.\n\nDeal {0}[LD]Damage on hit and instantly dash towards the target, striking for another {1}[LD]Damage.	
Ability_ReplicaBlow_MasteryA_Description	Technique	If both weapons strike target in their back, apply {0}[Prone]Prone.\n\nOtherwise, gain {1}[Acceleration]Acceleration.	
Ability_ReplicaBlow_MasteryB_Description	Technique	Weapon fly in a straight trajectory instead, and apply [R]{0}%[/R][Supercharge]Supercharge as [MI]Injury.\n\nOn successful follow-up hit, gain {1}[Supercharge]Supercharge.	
Ability_ReplicaBlow_Ultimate	Technique	Replica Rain	
Ability_ReplicaBlow_Ultimate_Description	Technique	Create {0} copies of current [Light]Light weapons.\n\nThey are sent at current target over next {1} sec, each dealing {2}[LD]Damage on hit and causing flinching.	
Ability_Thunderstrike	Technique	Thunderstrike	
Ability_Thunderstrike_FlavorText	Technique		
Ability_Thunderstrike_Description	Technique	Call down lightning towards current target, dealing up to {0}+{1} based on charge time. When fully charged, also applies {2}[Stun]Stun.	
Ability_Thunderstrike_MasteryA_Description	Technique	For each target hit, gain {0}[Supercharge].\n\nIf user is caught within the attack, gain extra {1}[Supercharge].	
Ability_Thunderstrike_MasteryB_Description	Technique	Thunderstrike bounces up to 5 times.\n\nOnly 10% effective against targets already struck.	
Ability_Thunderstrike_Ultimate	Technique	Thunderstorm	
Ability_Thunderstrike_Ultimate_Description	Technique	Call down {0} thunderstrikes around current target, each dealing {0}+{1} and {2}[Stun]Stun.	
Ability_LightningSpeed	Technique	Lightning Speed	
Ability_LightningSpeed_FlavorText	Technique		
Ability_LightningSpeed_Description	Technique	Dash towards target and strike, dealing up to {0}[MD].\n\nIf cast while closer than 3m to target, jump back instead.\n\nCan store up to 3 charges.	
Ability_LightningSpeed_MasteryA_Description	Technique	Travel distance increases based on [MS]Movement Speed.\n\nDeal up to [G]{0}%[/G] more [MD]Damage based on distance travelled using the Technique (max at {1}m).	
Ability_LightningSpeed_MasteryB_Description	Technique	Jumping back leaves behind a static trap for {0} sec, pulling enemies into its center and causing [Supercharge]Supercharge to deal [R]{0}%[/R] more [I]Injury.	
Ability_LightningSpeed_Ultimate	Technique	Thunder Step	
Ability_LightningSpeed_Ultimate_Description	Technique	Gain {0}[Acceleration]Acceleration and dash towards target.\n\nEnemy hit is struck by lightning, converting all [Supercharge]Supercharge to [I]Injury at {1}% effectivness.	
Ability_FlurryOfBlows	Technique	Flurry of Blows	
Ability_FlurryOfBlows_FlavorText	Technique		
Ability_FlurryOfBlows_Description	Technique	Crouch down and start charging (max {0} sec).\n\nUpon release, gain up to {1}[Acceleration]Acceleration and start delivering [BA]Basic Attacks, dealing {2}[LD]Damage per strike.	
Ability_FlurryOfBlows_MasteryA_Description	Technique	Gain {0}[Supercharge]Supercharge every time you hit an enemy.\n\n[BA]Basic Attacks do not consume [Supercharge]Supercharge during the Technique.	
Ability_FlurryOfBlows_MasteryB_Description	Technique	Gain up to {0}[Invulnerable] based on charge time.\n\nHeal for {0}% of [D]Damage dealt by the Technique.	
Ability_FlurryOfBlows_Ultimate	Technique	Berserk Charge	
Ability_FlurryOfBlows_Ultimate_Description	Technique	Instantly gain max charge and deal {1}[LD]Damage per strike\n\nTechnique can only be stopped by being [CC]Crowd-controlled, or once all nearby enemies are defeated.	
Ability_EnergyJavelin	Technique	Energy Javelin	
Ability_EnergyJavelin_FlavorText	Technique		
Ability_EnergyJavelin_Description	Technique	Charge up to {0} sec and throw a javelin, dealing up to {0}[MD]Damage and {1}m knock-back.\n\nIf enemy hit is pushed into a wall or object, [RootedInPlace]Immobilize them for {2} sec.	
Ability_EnergyJavelin_MasteryA_Description	Technique	On hit, apply {0}[Enfeeble] and generate {1}[E].	
Ability_EnergyJavelin_MasteryB_Description	Technique	Convert all Technique's [MS]Stagger into [MI]Injury or vice versa, depending on which stat is higher.\n\nIncrease charge speed by {0}%.	
Ability_EnergyJavelin_Ultimate	Technique	Final Blast	
Ability_EnergyJavelin_Ultimate_Description	Technique	Release a beam that rapidly consumes [E]Energy and deals {0}[MD]/sec.\n\nThis can consume [E]Energy even while below 0[E], up to -500[E].	
Ability_EnergyJavelin_Ultimate_DescriptionDetailed	Technique	Charge up a massive blast that consumes all [E]Energy and deals up to {0}[MD] ({1}%[MD] + {2}%[MD] per 100[E]).	
Ability_ArcaneSlash	Technique	Arcane Slash	
Ability_ArcaneSlash_FlavorText	Technique		
Ability_ArcaneSlash_Description	Technique	Charge up to {0} sec and dash forward, slashing enemies in your way for up to {1}Damage and applying {2}m knock-back.	
Ability_ArcaneSlash_MasteryA_Description	Technique	Jump backwards at the start if there is an enemy in front.\n\nDeal [G]{0}%[/G] more [D]Damage and dash {1}% farther.	
Ability_ArcaneSlash_MasteryB_Description	Technique	[D]Damage scales with [Light]Light and [Magic]Magic (instead of higher stat).\n\nGain {0}[Onslaught] and {1}[Analysis] on first hit.	
Ability_ArcaneSlash_Ultimate	Technique	Phantom Slash	
Ability_ArcaneSlash_Ultimate_Description	Technique	On release, first send out an illusion that deals {0}Stagger multiplied x{1}.\n\nIf the illusion [Staggered]Staggered the enemy, the follow-up attack deals {2}Injury multiplied x{3} 	
Ability_Barrage	Technique	Barrage	
Ability_Barrage_FlavorText	Technique		
Ability_Barrage_Description	Technique	Release projectiles dealing {0}[MD]Damage each, up to {1} times total.	
Ability_Barrage_DescriptionDetailed	Technique	Release projectiles dealing {0}[MD]Damage ({1}%[MD]) each, up to {1} times total.	
Ability_Barrage_MasteryA_Description	Technique	Can store up to {0} charges.\n\nEach released projectile increases Technique's speed by {1}%.	
Ability_Barrage_MasteryB_Description	Technique	Each unique enemy hit gives {0}[Analysis]Analysis.\n\nProjectiles apply {1}m knock-back.	
Ability_Barrage_Ultimate	Technique	Arcane Barrage	
Ability_Barrage_Ultimate_Description	Technique	Release waves of 5 projectiles, up to {1} times total.\n\nEach wave is only 25% effective against repeat targets.	
Ability_Avatar	Technique	Avatar	
Ability_Avatar_FlavorText	Technique		
Ability_Avatar_Description	Technique	Reset all [CD]Cooldowns and for the duration, [Technique]Techniques have no [CD]Cooldowns or [E]Energy cost.\n\nDrains 1[E] per second at an accelerating rate, and ends upon running out of [E]Energy or upon dealing more than {0}[D]Damage.\n\nUsable only once per combat.	
Ability_Avatar_MasteryA_Description	Technique	For the duration, [Tool]Tools and [Effect]Effect have only {0}% of their usual [CD]Cooldowns and you have extra {1}[A]Armor.	
Ability_Avatar_MasteryB_Description	Technique	Increase max [D]Damage dealt before Technique is finished to {0}[D].\n\nNo longer deplete [E]Energy during the Technique.	
Ability_Avatar_Ultimate	Technique	Ultimate Avatar	
Ability_Avatar_Ultimate_Description	Technique	For the duration, all Techniques are performed in their Ultimate variant.\n\nIncrease max [D]Damage dealt to {0}[D].\n\nCosts all 7 Ultimate Usages.	
Stance_None	Stance	No Special Stance	Brak Specjalnej Postawy
Stance_None_FlavorText	Stance	Not to specialize in anything is to be without direction, but also have infinite possibilities.	Nie specjalizowanie się w czymkolwiek to brak kierunku, ale też wskazuje na mnogość możliwości.
Stance_None_Description	Stance	No Stance bonuses.	Brak bonusów Postawy.
Stance_SingularPursuit	Stance	Battle Trance	
Stance_SingularPursuit_FlavorText	Stance	An Anima warrior and his chosen weapon are a pair until their death. Some even turn to dust if their partner expires before them. Be it the weapon or its user.	Wojownik Anima wybiera jedną broń z którą spędza resztę życia. Czasem zmieniają się w proch jeśli ich partner wyzionie ducha przed nimi. Tyczy się to zarówno broni jak i jej użytkownika.
Stance_SingularPursuit_Description	Stance	Dealing [WD]Weapon Damage increases rank of 'Flow', starting from D-rank up to S-rank.\n\nS-rank flow multiplies all [WD]Weapon Damage dealt x{0}.\n\nYou lose 'Flow' when taking [D]Damage, and a smaller amount over time.	
Stance_SingularPursuit_Upgrade1_Description	Stance	[Ripostes]Ripostes and [Counter]Counters grant {0}% and {1}% more 'Flow' respectively.	
Stance_SingularPursuit_Upgrade2_Description	Stance	Gain {0}[Armor]Armor for each rank of 'Flow', with extra {1}[Armor]Armor at S-rank.	
Stance_SingularPursuit_Upgrade3_Description	Stance	Each consecutive [Counter]Counter increases [WD]Weapon Damage by {0}%.\n\nBonus is lost upon taking damage from a [Counterable]Counterable attack.	
Stance_OmniMastery	Stance	Sidearm Mastery	
Stance_OmniMastery_FlavorText	Stance	Considered a taboo among the Anima warriors, this style of fighting relies on plethora of different weapons. Few are those who can use it with a clear conscience.	Uważany za tabu wśród wojowników Anima, ten styl walki wykorzystuje wachlarz różnych broni. Niewielu ludzi może z niego korzystać z czystym sumieniem.
Stance_OmniMastery_Description	Stance	Switching to this stance gives {0}[Onslaught]Onslaught and {1}[Acceleration]Acceleration that is lost after {2} sec	
Stance_OmniMastery_Upgrade1_Description	Stance	You can switch into or out of this stance to remove [CC]Crowd-control ({0}[CD])	
Stance_OmniMastery_Upgrade2_Description	Stance	[BA]Basic Attacks reduce [CD]Cooldowns of Techniques in other stances by {0}%	
Stance_OmniMastery_Upgrade3_Description	Stance	Switching into this stance performs an attack dealing [G]{0}[/G]([G]{1}%[/G])[D]Damage, which can also [Riposte]Riposte (and gives {2}[Sharp]Sharp upon doing so)	
Stance_HeatOfBattle	Stance	Heat of Battle	Żar Bitewny
Stance_HeatOfBattle_FlavorText	Stance	Nobody in the Ignis family knows the origin of this fighting style. Some claim that it sprung up on its own: the movements and techniques felt simply 'right' whenever one utilized the Ignis energy.	Nikt w rodzinie Ignis nie zna genezy tego stylu walki. Niektórzy twierdzą, że powstał sam z siebie: sposób poruszania się i techniki po prostu narzucały się same podczas korzystania z energii Ignis.
Stance_HeatOfBattle_Description	Stance	Apply {0}[Burn]Burn/sec to enemies within 3m range.\n\n[D]Damage dealt by [Burn]Burn explosion is multiplied x{1}.	Kiedy jest w promieniu 3m obok ciebie wróg z efektem [Burn]Podpalenie, to leczysz się {0}%[H]/sek.
Stance_HeatOfBattle_Upgrade1_Description	Stance	Deal more [D]Damage to [Burn]Burning enemies equal to {0}% of [Burn]Burn amount.	Nakładaj {0}[Burn] pobliskim wrogom.
Stance_HeatOfBattle_Upgrade2_Description	Stance	Gain extra [Armor]Armor equal to {0}% of [Burn]Burn on enemies within 3m range.	Zwiększ zadawane [D]Obrażenia o {0}% [Burn]Podpalenia wroga.
Stance_HeatOfBattle_Upgrade3_Description	Stance	[Staggered]Staggering leaves behind {0}% of [Burn]Burn stacks and reduces all your [CD]Cooldowns by {1}%.\n\nYou also heal for {2}% of [Burn]Burn damage dealt.	Kiedy miałbyś umrzeć, zamiast tego zużywasz całe [Burn]Podpalenie z wrogów by się uleczyć.
Stance_PlunderingFlame	Stance	Plundering Flame	Plądrujący Płomień
Stance_PlunderingFlame_FlavorText	Stance	Flames created by Ignis knights are nothing more than an illusion: an affliction that erodes enemy Energy Cores. And yet, the feeling of being burned from the inside feels very much real.	Płomienie tworzone przez rycerzy Ignis nie są niczym więcej niż iluzją: chorobą trawiącą wrogie Rdzenie Energii. Mimo wszystko uczucie spalania się od środka jest jak najbardziej prawdziwe. 
Stance_PlunderingFlame_Description	Stance	Attacks inflict extra [Burn]Burn equal to {0}% of [D]Damage dealt, and all [Burn]Burn [D]Damage is stored as 'Flame'.\n\nUpon death, consume all accumulated 'Flame' to heal for [R]{1}%[/R] of amount stored ({2}[CD]).	Kiedy nakładasz [Burn]Podpalenie, ulecz się za {0}% nałożonej ilości.
Stance_PlunderingFlame_Upgrade1_Description	Stance	Upon revive, you also release a 3m fire wave that applies [Burn]Burn equal to {0}% of 'Flame' stored.	Nakładasz {0}% więcej [Burn]Podpalenia.
Stance_PlunderingFlame_Upgrade2_Description	Stance	When enemies use special attacks, empower Techniques from that family by {0}% of 'Flame' stored for next {1} sec.	Kiedy nakładasz [Burn]Podpalenie na wroga, który nie był [Burn]Podpalony, zyskaj {0}[E]Energii (potrojone w przypadku Bossów).
Stance_PlunderingFlame_Upgrade3_Description	Stance	Attacking enemies steals maximum [H]Health and [SB]Stagger Bar equal to {0}% of 'Flame' stored, and [Staggered]Staggering steals {1}%.	Zachwianie [Burn]Podpalonego wroga odnawia {0}% wszystkich twoich [CD]Blokad (potrojone w przypadku Bossów).
Stance_IceEmperor	Stance		
Stance_IceEmperor_FlavorText	Stance		
Stance_IceEmperor_Description	Stance	[D]Damage to [CC]Crowd-controlled enemies is multiplied [G]x{0}[/G].\n\n[Frozen]Frozen applied to enemies lasts {1}% longer.	
Stance_IceEmperor_Upgrade1_Description	Stance	You ignore {0}%[Armor]Armor of [CC]Crowd-controlled enemies.\n\nIf they have no [Armor]Armor, you instead deal [G]{1}%[/G] more [D]Damage.	
Stance_IceEmperor_Upgrade2_Description	Stance	[D]Damage of first hit to a [Frozen]Frozen enemy is further multiplied x{0}.	
Stance_IceEmperor_Upgrade3_Description	Stance	When enemy [Freeze]Freeze reaches {0}% of their remaining [SB]Stagger Bar, they instantly become [Frozen]Frozen.\n\n[Frozen]Freezing enemies also reduces their maximum [H]Health and [SB]Stagger Bar by {0}%.	
Stance_Gunslinger	Stance		
Stance_Gunslinger_FlavorText	Stance		
Stance_Gunslinger_Description	Stance	Can only be paired with [Ranged]Ranged Weapon and increases max [Ammo]Ammo to 8.\n\n[BA]Basic Attacks multiply [RD]Damage of next [Ranged]Ranged Technique by [G]x{0}[/G].\n\nYou generate {0}[Ammo] every time you Dodge, Riposte or Counter.	
Stance_Gunslinger_Upgrade1_Description	Stance	[BA]Basic Attacks apply {0}[Slow]Slow and {1}[Prone]Prone.	
Stance_Gunslinger_Upgrade2_Description	Stance	[RD]Ranged damage pushes away enemies closer than 5m and deals extra {0}[RS]Stagger.	
Stance_Gunslinger_Upgrade3_Description	Stance	Upon using your final [Ammo]Ammo, you refill half your [Ammo]Ammo ({0}[CD]).\n\nFinal [Ammo]Ammo [RD]Damage is multiplied [G]x{1}[/G].	
Stance_Brawler	Stance		
Stance_Brawler_FlavorText	Stance		
Stance_Brawler_Description	Stance	Your max [H]Health and [SB]Stagger Bar multiply [D]Damage dealt x{0} per 1000[H]/[SB].\n\nEach second in combat increases max [H]Health and [SB]Stagger Bar, up to +{1}% after {2} sec.	
Stance_Brawler_Upgrade1_Description	Stance	Gain {0}[Armor]Armor while below [R]50%[/R][H]Health.\n\nGain {1}[Armor]Armor while above [P]50%[/P][SB]Stagger Bar.	
Stance_Brawler_Upgrade2_Description	Stance	While below [R]33%[/R][H]Health, [BA]Basic Attacks restore {0}% missing [H]Health.\n\nWhile above [P]66%[/P][SB]Stagger Bar, [BA]Basic Attacks restore {1}% missing [SB]Stagger Bar.	
Stance_Brawler_Upgrade3_Description	Stance	[TD]Technique Damage consumes [G]{0}%[/G] of current [H]Health and [SB]Stagger Bar, then inflicts it as extra [D]Damage ({1}[CD]).\n\nYou gain {1}[Tenacity]Tenacity while attacking, which goes on {2}[CD]Cooldown upon becoming [CC]Crowd-controlled.	
Stance_BodyOfSteel	Stance		
Stance_BodyOfSteel_FlavorText	Stance		
Stance_BodyOfSteel_Description	Stance	[G]{0}%[/G] of [D]Damage you deal or take is converted into [Barrier]Barrier.\n\nMultiply all [D]Damage dealt x{1} per 1000[Barrier]Barrier.	
Stance_BodyOfSteel_Upgrade1_Description	Stance	[D]Damage is further amplified x{0} per 100[Armor]Armor.	
Stance_BodyOfSteel_Upgrade2_Description	Stance	[Barrier]Barrier does not decay while below {0}[Barrier].	
Stance_BodyOfSteel_Upgrade2_DescriptionDetailed	Stance	[Barrier]Barrier does not decay while below {0}[Barrier] ({1}% of max [H]Health+[SB]Stagger Bar).	
Stance_BodyOfSteel_Upgrade3_Description	Stance	{0}% of [Barrier]Barrier consumed by mitigating [D]Damage restores [H]Health and [SB]Stagger Bar.\n\n{1}% of [Barrier]Barrier decayed without mitigating [D]Damage is converted into [Empowered]Empowered.	
Stance_AnatomyExpert	Stance		
Stance_AnatomyExpert_FlavorText	Stance		
Stance_AnatomyExpert_Description	Stance	You convert all [S]Stagger dealt into [I]Injury at 50% effectivness, and all [I]Injury dealt into [Bleed]Bleed at {1}% effectivness, causing you to deal [R]x{2}/R][I]Injury over 30 sec.	
Stance_AnatomyExpert_Upgrade1_Description	Stance	Switching out of this Stance gives {0}[Empowered]Empowered ({1}[CD]).	
Stance_AnatomyExpert_Upgrade2_Description	Stance	Applying [Burn]Burn, [Freeze]Freeze or [Bleed]Bleed also applies [Prone]Prone at {0}% effectivness.	
Stance_AnatomyExpert_Upgrade3_Description	Stance	When enemy's [Bleed]Bleed is high enough to finish them off over its duration, all [D]Damage dealt to them is multiplied x{0}.\n\n[D]Damage multiplier persists for {1} sec after switching out of this Stance.	
Stance_Assassin	Stance		
Stance_Assassin_FlavorText	Stance		
Stance_Assassin_Description	Stance	After not attacking for {0} sec, your next hit is an 'Critical Hit', multiplying its [D]Damage [G]x{1}[/G].\n\n'Critical Hit' is also preprared upon entering [Stealth]Stealth ({2}[CD]).	
Stance_Assassin_Upgrade1_Description	Stance	[Backstab]Backstab 'Critical Hits' apply {0}[Bleed]Bleed.	
Stance_Assassin_Upgrade2_Description	Stance	Upon falling below [R]25%[/R][H]Health, gain [Stealth]Stealth ({0} sec) and reset all other [CD]Cooldowns ({1}[CD])	
Stance_Assassin_Upgrade3_Description	Stance	After performing a 'Critical Hit', the buff persists for next {0} sec or until taking any [D]Damage.\n\nWhile 'Critical Hit' is persisting, attacks further amplify the multiplier by x{1}, up to overall total of x{2}.	
Stance_CombatBlacksmith	Stance		
Stance_CombatBlacksmith_FlavorText	Stance		
Stance_CombatBlacksmith_Description	Stance	While in this stance, restore 1 use of a random Tool once every {0} sec (based on [CDR]Cooldown Reduction).\n\nGain {0}{ToolPower]Tool Power.	
Stance_CombatBlacksmith_Upgrade1_Description	Stance	Dealing [D]Damage applies {0}[Prone]Prone ({1}[CD]).\n\n[Prone]Prone affects Tool [D]Damage at {0}% effectivness, but does not work on any other source of [D]Damage.	
Stance_CombatBlacksmith_Upgrade2_Description	Stance	Whenever you use a Tool, restore {0}[H]Health and reduce remaining [CD]Cooldowns by {1}%.	
Stance_CombatBlacksmith_Upgrade3_Description	Stance	After spending {0} sec in this stance, your weapon's effects are applied onto weapons in other stances.\n\nAfter that, you also have extra {1}[StancePower]Stance and [ItemPower]Item Power while in this stance.	
Stance_ElectroCharged	Stance		
Stance_ElectroCharged_FlavorText	Stance		
Stance_ElectroCharged_Description	Stance	Extra [I]Injury dealt by [Supercharge]Supercharge is multiplied x{0}.\n\n[BA]Basic Attacks and [Dodge]Dodges generate {1}[Supercharge]Supercharge.	
Stance_ElectroCharged_Upgrade1_Description	Stance	[Supercharge]Supercharge extra [I]Injury bounces 3 times to nearby enemies, dealing [R]300%[/R], [R]200%[/R], [R]100%[/R][I] and making them flinch ({0}[CD]).\n\nOnly half as effective against single target.	
Stance_ElectroCharged_Upgrade2_Description	Stance	Gain {0}% of current [Supercharge]Supercharge as extra [MS]Movement Speed.\n\nYou gain {0}({1}%[MI])[Supercharge]Supercharge for each 1m travelled.	
Stance_ElectroCharged_Upgrade3_Description	Stance	When losing more than max [R]20%[/R][H]Health, reduce the [I]Injury by [R]{0}%[/R] of your [Supercharge]Supercharge, and then retaliate with a thunderbolt that inflicts [I]Injury equal to amount blocked ({1}[CD]).	
Stance_PowerWithoutLimit	Stance	Power Without Limit	Potęga Bez Granic
Stance_PowerWithoutLimit_FlavorText	Stance	A way to gain greater power through desire that borders on obsession. Given that civilization that developed this ideology disappeared without a trace, perhaps following their teachings might not be the wisest choice.	Sposób pozyskania większej mocy poprzez pożądanie na poziomie obsesji. Patrząc na fakt, że cywilizacja która stworzyła tą ideologię zniknęła bez śladu, być może podążanie ich śladami może nie być najrozsądniejszą decyzją.
Stance_PowerWithoutLimit_Description	Stance	Replace current weapon's move-set with [MD]Magic short-ranged projectiles.\n\nWhen using Techniques, consume all leftover [E]Energy to multiply [D]Damage dealt [G]x{0}[/G] for each [B]100[/B][E] spent.	Używaj [Magic]Magii zamiast obecnej Broni. [BA]Podstawowe Ataki są zasięgowe i nie zużywają amunicji.
Stance_PowerWithoutLimit_Upgrade1_Description	Stance	When gaining [E]Energy, generate extra [B]{0}[/B][E] ({2}[CD]).	Za każdym razem gdy otrzymujesz [E]Energię zyskujesz także [B]10%[/B] swojej maks [E]Energii. (3[CD])
Stance_PowerWithoutLimit_Upgrade1_DescriptionDetailed	Stance	When gaining [E]Energy, generate extra [B]{0}[/B][E] ([B]{0}%[/B] of max [E]Energy, affected by [EG]Energy Gain) ({1}[CD]).	Za każdym razem gdy otrzymujesz [E]Energię zyskujesz także [B]10%[/B] swojej maks [E]Energii. (3[CD])
Stance_PowerWithoutLimit_Upgrade2_Description	Stance	You have +[B]{0}[/B][EG]Energy Gain for each [B]100[/B][E]Energy below max.	Techniki zawsze zużywają całą obecną [E]Energię, ale zadają więcej [D]Obrażeń.
Stance_PowerWithoutLimit_Upgrade3_Description	Stance	When you spend [E]Energy, your max [E]Energy is increased by [B]{0}%[/B] of amount spent until end of combat.\n\nWhile at full [E]Energy, [D]Damage multiplier per [B]100[/B][E]Energy spent is increased to [G]x{1}[/G].	Techniki zawsze zużywają całą obecną [E]Energię. Za każde 1[E]Energii zużytej poza normalnym kosztem, zwiększ [D]Obrażenia Techniki o 4%. Techniki które zużywają różną ilość [E]Energii (takie jak Salwa Energii) zużywają podwójną ilość [E]Energii, ale zadają +200%[D]Obrażeń.
Stance_MindOverMatter	Stance	Mind Over Matter	Umysł Ponad Ciałem
Stance_MindOverMatter_FlavorText	Stance	In recent years, a new ideology started gaining popularity among the Proprius sages. Through discarding worldly desires, they are able to wield energy with even greater proficiency.	Ostatnimi laty nowa ideologia zaczęła stawać się popularna wśród mędrców Proprius. Poprzez odrzucenie ziemskich pokus stają się jeszcze lepsi w kontrolowaniu energii.
Stance_MindOverMatter_Description	Stance	Replace current weapon's move-set with [MD]Magic melee blasts.\n\nMultiply [MD]Damage dealt by [BA]Basic Attacks, [Riposte]Ripostes and [Counters]Counters x{0} for each 100[Analysis]Analysis.	Używaj [Magic]Magii zamiast obecnej Broni. [BA]Podstawowe Ataki są potężnymi, krótko-zasięgowymi uderzeniami.
Stance_MindOverMatter_Upgrade1_Description	Stance	[BA]Basic Attacks give {0}[Analysis].\n\n[Riposte]Ripostes, [Counter]Counters and [Dodge]Dodges give {1}[Analysis].	Twoja statystyka '[EG]Generacja Energii' jest podwojona.
Stance_MindOverMatter_Upgrade2_Description	Stance	Upon dying, consume all [E]Energy to restore %[H]Health equal to [E] spent ({0}[CD]).	Podstawowe Ataki nakładają 10[Analyzed]Przebadany.
Stance_MindOverMatter_Upgrade3_Description	Stance	[Analysis]Analysis is {0}% effective for Techniques from randomly selected Family.\n\nAfter using empowered Techniques from all Families, next Technique's [TD]Damage is multiplied x{1}.	Kiedy miałbyś umrzeć, zamiast [H]Życia zużyj [E]Energię.
ItemSet_Duelist	Item	Duelist	
ItemSet_Duelist_Description	Item	[Sharp]Sharp, [Riposte]Ripostes, [Counter]Counters	
Helmet_Duelist	Item	Veil of the Clairvoyant	
Helmet_Duelist_FlavorText	Item	When one's sense of sight extends beyond anything humans should be capable of, regular vision is just a hindrance. Unfortunately, it does not matter how far or wide one's sight stretches if the mind cares only about that which is very close by.	
Outfit_Duelist	Item	Dueling Robe	Szata Pojedynkowa
Outfit_Duelist_FlavorText	Item	Cumbersome armor is not necessary for one who values duels to the death. Even the slightest misstep should always be punished, for being promptly deflected by the armor would rid the duel of all its meaning.	
Gloves_Duelist	Item	Delicate Bracers	
Gloves_Duelist_FlavorText	Item	To master one type of weapon allows one to treat it as if an extension of one's body. If one becomes a human weapon, however, then anything they wield will become such an extension.	
Boots_Duelist	Item	Dueling Shoes	Buty Pojedynkowicza
Boots_Duelist_FlavorText	Item	In an exchange of blows, being light on your feet can make the difference between life and death. Those who realize this fact will do anything they can do give themselves even the slightest edge.	
Longblade_SharpestEdge	Item	Sharpest Edge	
Longblade_SharpestEdge_FlavorText	Item	One decisive blow can end any duel. So hone your mind, sharpen your senses. A blade of those who truly live for the transcendent moment of overcoming one's opponent and by doing so, overcoming oneself.	
TwinBlades_GaleforgedRapier	Item	Galeforged Rapier	
TwinBlades_GaleforgedRapier_FlavorText	Item	Rapier that belonged to a warrior that went undefeated even after a hundred battles. He met his demise when his loved ones were taken hostage. It was his one weakness that he failed to discover throughout all his duels.	
ItemSet_WeaponMaster	Item	Weapon Master	
ItemSet_WeaponMaster_Description	Item	[Weapons]Weapons, [Technique]Weapon-based Techniques	
Helmet_WeaponMaster	Item	Training Bandana	
Helmet_WeaponMaster_FlavorText	Item	Path to mastery is never ending. But the goal seems well attainable: to carve open a path to a better future.	
Outfit_WeaponMaster	Item	Blademaster's Garb	Strój Mistrza Ostrzy
Outfit_WeaponMaster_FlavorText	Item	Each weapon has its purpose. Some are inteded for the offensive, while other are quite the contrary. By knowing one's role, one can become that much more effective.	
Gloves_WeaponMaster	Item	Combat Wrappings	Okład Bitewny
Gloves_WeaponMaster_FlavorText	Item	The path to becoming a weaponmaster typically starts from a very young age. After all, countless years are required to master even one type of weapon. As such, it would require very special circumstances to proficiently wield multiple.	
Boots_WeaponMaster	Item	Master's Sandals	Sandały Mistrza
Boots_WeaponMaster_FlavorText	Item	On the path to mastery, one is often tempted to treat one's body as nothing more than a tool. But is there a cause grand enough to warrant such a treatment?	
ItemSet_Jailer	Item	Jailer	
ItemSet_Jailer_Description	Item	[Chained]Chained, Empowered by Debuffs	
Helmet_Jailer	Item	Unrelenting Gaol	
Helmet_Jailer_FlavorText	Item	Imprisonment begins in one's mind. Whether it be through addiction, guilt or some other reason, it is a cage one will have great difficulty escaping. After all, it does not take long to mistake the jail as a home.	
Outfit_Jailer	Item	Unfeeling Cage	
Outfit_Jailer_FlavorText	Item	An armor is supposed to protect its owner. But what protection could it ever offer when the wearer does not wish to be protected? And if it is punishment that one desires, then the armor shall oblige.	
Gloves_Jailer	Item	Unending Despair	
Gloves_Jailer_FlavorText	Item	Any jail sentence, no matter how long, ends eventually. Even if that end is death. But what if a jail exists preventing even that final means of escape? Is there any more despair-inducing torture than this?	
Boots_Jailer	Item	Unfulfilled Hope	
Boots_Jailer_FlavorText	Item	One cannot save other, for humans can only save themselves. However, sometimes offering that tiny bit of help is enough, especially when the despair is too much to bear.	
Longblade_ObsoleteDiscipline	Item	Obsolete Discipline	
Longblade_ObsoleteDiscipline_FlavorText	Item	Self-disciple bordering on self-hatred. With no other outlet for regret and frustration, what else can one do. Unfortunately for Iris, she happened to be a brilliant scientist, and her magnum opus was much better form of self-punishment than training with this blade, leading to it being promptly discarded.	
TwinBlades_ShacklesOfDuty	Item	Shackles of Duty	Kajdany Służby
TwinBlades_ShacklesOfDuty_FlavorText	Item	Being bound by duty does not signify a lack of freedom. After all, there are no tangible chains weighting one down. Every motion, every decision, every sacrifice that one commits: a voluntary choice. Could there ever be a greater expression of freedom?	
TwinBlades_WingsOfFreedom	Item	Wings of Freedom	Skrzydła Wolności
TwinBlades_WingsOfFreedom_FlavorText	Item	And yet, a time may come when the shackles of duty start feeling cold and foreign. When enforced upon onself by someone else, it stops being a duty and becomes oppresion. And in front of such violence, is there anyone who would not wish to liberate themselves?	
Cannon_UnforgivableSin	Item	Unforgivable Sin	
Cannon_UnforgivableSin_FlavorText	Item	No matter the torment, sacrificing innocent children to just free oneself is an inexcusable sin. After all, how did it make her any different from the evil she so desperately tried to overcome? And so, a weapon was prepared, so that the victim might come here and take their just revenge, if that is their desire.	
ItemSet_Ancient	Item	Ancient	
ItemSet_Ancient_Description	Item	All Stats, Matching Set Synergy	
Helmet_Ancient	Item	Thought Accelerator	
Helmet_Ancient_FlavorText	Item	With sufficient level of technology, Energy Core can be enhanced by special auguments. Only those well-versed in combat can handle such apparatus, and other armaments are required to draw out the equipment's full potential.	
Outfit_Ancient	Item	Security Armor	
Outfit_Ancient_FlavorText	Item	The search for immortality requires many sacrifices. To make sure everything goes according to plan, a powerful security force is required. And it goes without saying that an army without proper equipment would be worthless.	
Gloves_Ancient	Item	Energy Generators	
Gloves_Ancient_FlavorText	Item	One cannot increase the size of one's Energy Core. It can be, however, improved using special equipment. With large enough numbers, an army equipped with such armaments should overcome even the most powerful foe. As it turned out, there are exceptions to every rule.	
Boots_Ancient	Item	Combat Boots	
Boots_Ancient_FlavorText	Item	No matter how well-equipped, no matter how well-trained, how can one contend with a being whose very existence is the fruit of the pursuit of immortality? It is only natural that a simple security force would crumble under the assault.	
Gun_AncientFirearms	Item	Ancient Firearms	
Gun_AncientFirearms_FlavorText	Item	It was not the physical might of the foe that turned the table. 'I shall grant you your deepest desire'. Faced with those words, their hearts wavered, their arms grew feeble. In the end, treachery was their roots from the very beginning.	
ItemSet_BattleBorn	Item	Battle-born	
ItemSet_BattleBorn_Description	Item	[HealthRegeneration]Sustain, Empowered by taking [D]Damage	
Helmet_BattleBorn	Item	Battle Markings	
Helmet_BattleBorn_FlavorText	Item	When chaos ensues, strength and valor are what matter the most. Get the situation under control, save as many as you can. And before long, you will find yourself leading a whole army of people looking up to you.	
Outfit_BattleBorn	Item	Blood-stained Armor	
Outfit_BattleBorn_FlavorText	Item	To protect and serve. The oath that some might have treated as mere formality was still etched deep in her mind. Combined with somewhat juvenile dreams of knights and warriors of old, her course was firmly set.	
Gloves_BattleBorn	Item		
Gloves_BattleBorn_FlavorText	Item	The brigther the goal shining ahead, the less one pays attention to what is happening behind their back. That is only to be expected: leading was never something she aspired to do, just something she stumbled into.	
Boots_BattleBorn	Item		
Boots_BattleBorn_FlavorText	Item	In the end, it all comes down to strength. Whether it be physical strength, or the strength to cut down one's valued companion. Were they faced with nothing more but a vile traitor, the deed would have been all that much easier.	
Greatsword_Vengeance	Item	Vengeance	Zemsta
Greatsword_Vengeance_FlavorText	Item	Some treachery cannot be forgiven. No matter how many years have elapsed, no matter how many generations have passed away. Until all of the traitor's heritage is turned to ash. Until it all burns down.	
TwinBlades_BerserkersBlades	Item	Berserker Blades	Ostrza Berserkera
TwinBlades_BerserkersBlades_FlavorText	Item	If the traitor shall pass on their teachings, so shall we pass down our pain, our obsession. Until all treachery is punished. Until they too grow to know the pain of betrayal. Even if our sanity is the price.	
Gauntlets_HarmonyOfWroughtSteel	Item	Harmony of Wrought Steel	
Gauntlets_HarmonyOfWroughtSteel_FlavorText	Item	Weapon of choice of those well-versed when it comes to manipulating blood. With this peculliar armament, there shall never be a shortage of blood for those in need of transfusion.	
ItemSet_Knight	Item	Knight	
ItemSet_Knight_Description	Item	[A]Durability, Protection from [Burn]Burn and [Freeze]Freeze	
Helmet_Knight	Item	Gallant Helmet	
Helmet_Knight_FlavorText	Item	Without ideals, strength rules above all. But just one person's moral compass could not possibly sway the whole group. So in the end, it all came down to being the strongest. Once power was within their grasp, whatever title they desired was theirs for the taking.	
Outfit_Knight	Item	Molten Cuirass	Zbroja Płytowa
Outfit_Knight_FlavorText	Item	Novices of the Ignis style often end up hurting themselves with their own flames. As such, the armor of the Ignis knights was designed to protect from them. After all, who could possibly expect for treachery to come from within one's own ranks?	
Gloves_Knight	Item	Kinslayers	Pogromca Krewnych
Gloves_Knight_FlavorText	Item	The brighter the light, the darker the shadows. When pushed to the brink, it does not take much for someone to break. All it takes a few sweet words, words that one wanted to hear all along.	
Boots_Knight	Item	Somber Greaves	
Boots_Knight_FlavorText	Item	Once the deed is done, things cannot be the same way they were before. All the responsibilites and pressure are now yours to bear. And never forget that what you have just done can very well be done to you.	
ItemSet_Judge	Item	Judge	
ItemSet_Judge_Description	Item	[Control]Crowd-control, Enemy Lockdown	
Helmet_Judge	Item	Mask of the Judge	
Helmet_Judge_FlavorText	Item	The right to judge is reserved to those standing above the masses. It was their brilliance, their ingenuity that allowed humans to inhabit this continent. And so, it was up to them to decide who would live and who would die.	
Outfit_Judge	Item	Judge's Mantle	
Outfit_Judge_FlavorText	Item	The frustration stemming from what could have been had to be directed somewhere. The fault could not be theirs, for they were infallible. And if so, the fault must have laid with the ignorant masses, too moronic to properly carry out even one simple task.	
Gloves_Judge	Item	Armlets of the Ruler	
Gloves_Judge_FlavorText	Item	Memories did not carry over throughout the years. However, the inherit disdain for those whom they consider below them most certainly did. Too much was lost, too much was taken away. But at least in their own little kingdom, their rule was absolute.	
Boots_Judge	Item	Pride before the Fall	
Boots_Judge_FlavorText	Item	Adults cannot continue to blame their upbrining. As mature, thinking humans, they could have realized the error of their ways. As such, they have only themselves to blame once consequences of their actions came to take their heads.	
Daggers_FracturedCleavers	Item	Fractured Cleavers	
Daggers_FracturedCleavers_FlavorText	Item	The Glacies family was never a monolith they appeared to be. But any dissidents would be promptly dealt with in a most cruel fashion. If even the judges themselves found the actions abhorrent, then what would stop the ignorant masses from doing the same? 	
Bow_EternalSleep	Item	Eternal Sleep	
Bow_EternalSleep_FlavorText	Item	Every dissident of the Glacies family had to meet their end. But not every end had to be a cruel one. This weapon was used when a particularly beloved member of the family had to be dealt with. An eternal sleep was the last mercy one was granted as a member of the Glacies.	
Gun_JudicalCodex	Item	Judical Codex	
Gun_JudicalCodex_FlavorText	Item	A weapon granted to the members of the Glacies family on their coming of age ceremony. Justice is what you decide, and whatever you do could not possibly be unjust. There is only one rule that shall never be broken: never judge another member of the Glacies family.	
ItemSet_Gunslinger	Item	Gunslinger	
ItemSet_Gunslinger_Description	Item	[Ranged]Ranged Weapons, [RD]Ranged Damage, [Ammo]Ammo	
Helmet_Gunslinger	Item	Aim Adjuster	
Helmet_Gunslinger_FlavorText	Item	There are those with only partial relations to the Glacies family. Although not treated as full-fledged Judges, they are nonetheless allowed some degree of freedom. And many of them used this freedom to enforce their own brand of justice.	
Outfit_Gunslinger	Item	Gunslinger Garb	
Outfit_Gunslinger_FlavorText	Item	One could hardly ever be as bad as the Judges of the Glacies family, so the so-called 'Gunslingers' were often treated as a breath of fresh air. Most of them roamed the land, settling conflicts according to their own moral compass.	
Gloves_Gunslinger	Item	Leather Bracers	
Gloves_Gunslinger_FlavorText	Item	In the end, solving conflicts always comes down to strength. The strong are just, for they are the ones who write history. Having come to this realization, many Gunslingers were tempted to do what they want, rather than what they think to be just.	
Boots_Gunslinger	Item	Hunter Boots	
Boots_Gunslinger_FlavorText	Item	Why bother with tiresome research and questioning witnesses when all one needs is to follow their gut feeling? At the end of the day, whatever they decide will end up being 'justice' anyway. And so, without even realizing it, they became not much different from their Glacies brethren.	
Cannon_Tempest	Item	Tempest	Nawałnica
Cannon_Tempest_FlavorText	Item	A weapon crafted by a Gunslinger who spent his childhood training among the Anima warriors. Once he learned of their goal, he could not continue his training there. Their mission was too grand for him. To him, enforcing justice in small doses was more than enough.	
Bow_Impetus	Item	Impetus	Impet
Bow_Impetus_FlavorText	Item	Weapon crafted and honed by those who favor delivering their justice from afar. There is no better way to send a clear message than having an evildoer pierced by a bolt from seemingly out of nowhere.	
Cannon_WraithsEmbrace	Item	Wraith's Embrace	
Cannon_WraithsEmbrace_FlavorText	Item	Some crimes warrant more than just a simple punishment. The perpetrator has to suffer, otherwise the dead victims cannot pass on to the afterlife. And so, this weapon was created, making sure that there was one bullet saved for just the right target.	
ItemSet_Arbiter	Item	Arbiter	
ItemSet_Arbiter_Description	Item	[S]Stagger, [Staggered]Staggered	
Helmet_Arbiter	Item	Arbiter's Mask	
Helmet_Arbiter_FlavorText	Item	When paying too much attention to the injustice happening far away, one can become blind to the atrocity happening very close. And once the deed is done, there is nothing brute force could possibly solve. And so, searching for even more brute force to enact revenge is all that is left.	
Outfit_Arbiter	Item	Avenger's Perserverance	
Outfit_Arbiter_FlavorText	Item	If there is no justice in this world, then seek it outside. No matter how ardurous the journey. No matter how long it takes. Justice will find its way eventually. So that no more victims will be created.	
Gloves_Arbiter	Item	Just Retribution	
Gloves_Arbiter_FlavorText	Item	The time was kind, and did not steal the vengeance through natural death. And so, the villains shall be judged by their own deeds. The seeds sown throughout the ages have finally ripened. The time of harvest has come. 	
Boots_Arbiter	Item	Boots of the Void	
Boots_Arbiter_FlavorText	Item	Revenge is complete, but at what cost? No more victims will be created, but what about those already made? It is too late for regrets, but they come nonetheless. What could have been done different. What could have been improved. Such worthless musings.	
Longblade_SwornProtector	Item	Sworn Protector	
Longblade_SwornProtector_FlavorText	Item	So many years have passed. One small firearms is simply no longer enough to grant protection. And so this blade was created, hoping to make the trials ahead even a bit more bearable.	
Gauntlets_MortalityClarified	Item	Mortality Clarified	
Gauntlets_MortalityClarified_FlavorText	Item	As it turns out, the Judges are humans too. Abundant Energy Cores, powerful Glacies techniques, plethora of legendary weapons: none of those matter in the face of resentment building up over 200 years. And so, they shall be brought down to earth, to realize that they too are mortal.	
Gun_PartingGift	Item	Parting Gift	Obrońca
Gun_PartingGift_FlavorText	Item	Some issues cannot be solved through regular means. And so, to make the possiblity of a bright future just a bit more likely, an ardorous journey was required. And so this gun was the only memento that remained, so that it may protect its owner against the anyone who wishes them harm.	
Gun_Reunion	Item	Reunion	
Gun_Reunion_FlavorText	Item	There is always a choice. And each choice carries with it certain consequences. Whether to forgive and forget, leaving behind the painful past and focusing on the future. With some of his past finally unveiled, Alex can now decide how to move forward.	
Cannon_IceCold	Item	Ice Cold	
Cannon_IceCold_FlavorText	Item	Simple weaponry would not have been enough. As the original funders, they had access to some of the most advanced technology. And so, outside influence was required. A weapon no member of the Glacies family could have ever seen. A weapon to enact one last judgment.	
ItemSet_IronBlooded	Item	Iron-blooded	
ItemSet_IronBlooded_Description	Item	[H]Health, [A]Durability, Reflect [D]Damage Taken	
Helmet_IronBlooded	Item	Gladiator's Cage	
Helmet_IronBlooded_FlavorText	Item	If you want to survive, then prove it with your blood. Although centuries have passed, this phrase remained etched into the mind of every warrior wearing this helmet. Only strength can save you, so strength is the only thing you need.	
Outfit_IronBlooded	Item	Spike Carapace	
Outfit_IronBlooded_FlavorText	Item	Hurt anyone who approaches. Prevent anyone from touching you. That is the only way to ensure survival, to prevent betrayal. But how can one survive alone, when the whole world is considered an enemy?	
Gloves_IronBlooded	Item	Unity Through Blood	
Gloves_IronBlooded_FlavorText	Item	Not just anyone can become an ally. But those who went through the same pain, through the same torment, could be trusted. Blood does not betray. And so, a certain sense of unity was established.	
Boots_IronBlooded	Item		
Boots_IronBlooded_FlavorText	Item	A family so much more than just parents and their children. A shared purpose, looking out for each other. Although sharing no actual blood connection, they became a family that would last for generations.	
Greatsword_Retribution	Item	Retribution	Odwet
Greatsword_Retribution_FlavorText	Item	If you hurt others, you need to be prepared to be hurt in return. A pain shared is only half the pain. But will there ever be an end to this vicious cycle when getting hurt is the expected outcome?	
ItemSet_Unbreakable	Item	Unbreakable	
ItemSet_Unbreakable_Description	Item	[SB]Stagger Bar, Blocking, Reflect [D]Damage Blocked	
Helmet_Unbreakable	Item	Helmet of the Unbroken	
Helmet_Unbreakable_FlavorText	Item	Countless years of toil have finally bore fruit. Although still not fully trusted, the family was now valued for their strength and determination. At one point, they were even employed to take part in a secret project, to bolster the already present security forces.	
Outfit_Unbreakable	Item	Steadfast Armor	
Outfit_Unbreakable_FlavorText	Item	Guarding those searching for immortality seemed like a simple enough task. While there were some dissidents, none were strong enough to actually threaten the research project. It would seem like the presence of the Unbreakable would be nothing more than an assurance.	
Gloves_Unbreakable	Item	War Gauntlets	
Gloves_Unbreakable_FlavorText	Item	It takes one mistake to undo years of progress. And it often takes a long time for the true consequences of the decision to come to light. By the time anyone realized what was happening, brute force was completely useless. Escape was the only option.	
Boots_Unbreakable	Item	Mountain Guardians	
Boots_Unbreakable_FlavorText	Item	There were no casualties, but the failure was nonetheless astounding. Driven from their throne, the research team was scattered across the continent, each settling in a separate region best suited to their Energy Core. The Molis family were no exception.	
Polearm_Shattershield	Item	Shattershield	Tarczołamacz
Polearm_Shattershield_FlavorText	Item	Master of defense knowe fully well how to dismantle said defenses. Momentum of battle can be reversed at any moment. If you never let your enemy out of your sight, there is nothing to fear.	
Gauntlets_IronheartSunderers	Item	Ironheart Sunderers	
Gauntlets_IronheartSunderers_FlavorText	Item	Just protecting oneself cannot solve all problems. Passivity will lead to death sooner or later. And so, a method had to be conceived of translating unbreakable body into an unstoppable force.	
ItemSet_Mercenary	Item	Mercenary	
ItemSet_Mercenary_Description	Item	[Barrier]Barrier, [A]Durability, Anti-Burst	
Helmet_Mercenary	Item	Valiant Protector	
Helmet_Mercenary_FlavorText	Item	Times change. In order not to become obsolete, humans need to adapt. And so the Molis family became known as the greatest Mercenaries, solving issues other families either could not, or were unwilling to personally solve.	
Outfit_Mercenary	Item	Mercenary Armor	Zbroja Najemnika
Outfit_Mercenary_FlavorText	Item	The Molis family is willing to grant any request. Their reputation is their lifeline, after all. As long as enough money is paid, the contract will be fulfilled. No matter how revolting, no matter how much self-loathing it may end up causing.	
Gloves_Mercenary	Item	Strength of the Mountains	
Gloves_Mercenary_FlavorText	Item	Comradery is forged through blood and struggle. That has been the credo of the Molis family since its inception. And it is exactly because of that reason that hesitation can be born. When a mission drags on for too long, when the target of the mission starts becoming a comrade.	
Boots_Mercenary	Item	Steadfast Steps	
Boots_Mercenary_FlavorText	Item	A day to make a decision will soon come. To decide the right from wrong. To betray one's ideals, or to betray ones family. A culimination of all life's ordeals up until this point. In the end, we are all responsible for our choices. No excuses shall be made.	
Greatsword_HollowDrive	Item	Hollow Drive	
Greatsword_HollowDrive_FlavorText	Item	A greatsword crafted by Alex himself, following a design that came to him in a dream. It is however, lacking the most important central element. And how could it not, when that final part can only be filled with one's own conviction.	
Greatsword_Conviction	Item	Conviction	
Greatsword_Conviction_FlavorText	Item	No longer driven by another's compulsion, Alex was finally able to finish the sword using his own ideals. What those ideals will lead him to do remains to be seen.	
Gauntlets_AdamantLotus	Item	Adamant Lotus	
Gauntlets_AdamantLotus_FlavorText	Item	If I were to fall here, my comrades counting on me would soon follow. And so I have decided to never fall. As long as there is someone to protect, my body shall not break.	
ItemSet_Survivor	Item	Survivor	
ItemSet_Survivor_Description	Item	Survival, [HealthRegeneration]Health Restoration	
Helmet_Survivor	Item	Survivor's Mask	
Helmet_Survivor_FlavorText	Item	Security personel, Researchers, Funders, Engineers: every scientific project requires a wide plethora of expertise. But the pursuit of immortality especially required the knowledge of doctors and health professionals.	
Outfit_Survivor	Item	Protective Suit	
Outfit_Survivor_FlavorText	Item	Unlike researchers or engineers, the doctors were not privy to what was truly happening in the facility. All they could see was a tormented, newborn existence. And so, they naturally offered it their compassion. And so, every single member of the Salutis family survived the catastrophe, even if their memories did not.	
Gloves_Survivor	Item	Iron Vambraces	
Gloves_Survivor_FlavorText	Item	At first, the Salutis medicinal arts were highly sought after. With conflict and wars raging all over the continent, there was a shortage of doctors and nurses. But what point is there in painstakingly curing someone, only to have them get themselves killed the very next day?	
Boots_Survivor	Item	Leather Wings	Skórzane Skrzydła
Boots_Survivor_FlavorText	Item	Doubts lead to hesitation. Hesitation leads to conflict. And a family could not survive a conflict of such magnitude. In the end, they too succumbed to the first and greatest law of the continent: the law of the strong.	
Polearm_SanguineSpike	Item	Sanguine Spike	
Polearm_SanguineSpike_FlavorText	Item	Mad with grief. Enraged by the betrayal. Even if the target of said treachery does not wish for any more bloodshed. If blood is not spilled, how can one quell the fire raging within?	
TwinBlades_Lifebringers	Item	Lifebringers	
TwinBlades_Lifebringers_FlavorText	Item	Not all doctors of the Salutis family lost their way. But all of them needed a weapon for protection. Only by saving themselves could they start thinking about how to save others.	
ItemSet_Assassin	Item	Assassin	
ItemSet_Assassin_Description	Item	[Stealth]Stealth, [Backstab]Backstabs	
Helmet_Assassin	Item	Night's Veil	Całun Nocy
Helmet_Assassin_FlavorText	Item	Knowledge of how human body works is obviously useful in more than one line of work. The transistion from doctors to assassins was perfectly smooth. Using subterfuge and poison at first, the Salutis quickly transitioned to other, more personal ways of eliminating dangerous individuals.	
Outfit_Assassin	Item	Assassin's Garb	
Outfit_Assassin_FlavorText	Item	Although their Energy Cores were not as strong as other families, Salutis managed to stand their ground through clever use of techniques and avoiding face-to-face confrontations. They became both reviled and respected, a reputation that was not much different from their time as doctors.	
Gloves_Assassin	Item	Silencers	
Gloves_Assassin_FlavorText	Item	There is a certain unexplained circumstance behind the Salutis family success. Whenever they were about to suffer a mortal injury, by some twist of fate they would end up escaping unscathed. Before long, rumours started spreading that an invisible deity was guarding the assassins.	
Boots_Assassin	Item	Silent Steps	
Boots_Assassin_FlavorText	Item	The steps of the Salutis family were naturally guided towards assisting Drake. It was not out of fear that their good fortune would end, their invisible deity angered. They simply decided to purge what was wrong, the excise the source of the original sin. Just like a doctor would cut out the cancer killing the body.	
Longblade_EclipseBoundary	Item	Eclipse Boundary	
Longblade_EclipseBoundary_FlavorText	Item	The Salutis family is not a death cult. True to their roots, they cherish life beyond anything else. And that is exactly the reason why they allied themselves with an entity aiming to erase the continent from existence. The results of the research must not get to the outside world, for the sake of all life beyond this place.	
Daggers_DragonsClaws	Item	Dragon's Claws	
Daggers_DragonsClaws_FlavorText	Item	Without sufficient physical strength, fine armaments are required to break through the body of particularly strong Enforcers. Those who lack the qualities of hero would surely fall victim to the claws of the dragon they set out to hunt.	
Daggers_OnyxShards	Item	Onyx Shards	
Daggers_OnyxShards_FlavorText	Item	Certain targets cannot be allowed to escape with their Energy Core unscathed. Fortunately, masters of medicinal arts came up with a method of neutralizing said danger. A technique that Alex ended up picking up as well.	
Cannon_Veilbreaker	Item	Veilbreaker	
Cannon_Veilbreaker_FlavorText	Item	The veil of shadows provides not only protection, but also an ample opportunity for an ambush. It was only a matter of time before the Salutis assassins created a weapon capable of amplifying that offensive capability.	
ItemSet_Executioner	Item	Executioner	
ItemSet_Executioner_Description	Item	[I]Injury, Takedowns	
Helmet_Executioner	Item	Executioner's Amplifier	
Helmet_Executioner_FlavorText	Item	Frailty of the Energy Core could be made up for using the right equipment. If one were to champion the cause of saving the lives, no matter how mired in sin they might be, then one would need a way to fight openly, without relying on the safety of shadows.	
Outfit_Executioner	Item	Hallowed Armor	
Outfit_Executioner_FlavorText	Item	It is no easy feat to go against the teaching of one's family. But countless innocent lives is too big of a price to pay for a sin commited hundreds of years ago. That much should be plain for anyone to see, so why was she standing alone?	
Gloves_Executioner	Item	Unwavering Resolve	
Gloves_Executioner_FlavorText	Item	Strength of will is not enough to solve all problems. Sadly, not everyone is predisposed to taking the center stage. Despite their best intentions, some people will be relegated to the role as a supporting actor.	
Boots_Executioner	Item		
Boots_Executioner_FlavorText	Item	All kinds of roles need to be fulfilled in the quest to save the world. Instead of cursing fate, one should strive to fulfill their role as best as they can. Being a supporting role does not make one any less important.	
Longblade_Reaper	Item	Reaper	
Longblade_Reaper_FlavorText	Item	All members of the Salutis family assume that their control over shadows is granted to them by some mysterious entity particularly favorable to them. Clarise, however, went against her family's teachings, and yet retained said powers. Perhaps the power to control shadows is in their blood, just like control over fire is the domain of the Ignis.	
Gun_Lament	Item	Lament	Lament
Gun_Lament_FlavorText	Item	Going against one's family, or going against one's beliefs? It is difficult to say which is more painful. But once a decision is made, one should stick to it until the very end.	
ItemSet_Artisan	Item	Artisan	
ItemSet_Artisan_Description	Item	Empowering Items, Empowering Tools	
Helmet_Artisan	Item	Craftsman's Glasses	
Helmet_Artisan_FlavorText	Item	Analyzing the internal structure of an object is a crucial part of the creation process. Since time immemorial the Tonitrui engineers have seen the world through the lens of such artefacts, always searching for a solution to every problem.	
Outfit_Artisan	Item	Artist's Garb	
Outfit_Artisan_FlavorText	Item	Inventing new technology is so much more than just science. It is an art, an endevaour that requires offering every ounce of creativity one possesses. Without such dedication, the pursuit of immortality would be nothing more than a pipe dream.	
Gloves_Artisan	Item	Engineer's Gloves.	
Gloves_Artisan_FlavorText	Item	There is only so much a skilled engineer can do when the premise itself is flawed. Control over the whole system had been granted to a hostile individual despite the vehement objections. Was getting results here and now truly so important?	
Boots_Artisan	Item	Pursuit of Perfection	
Boots_Artisan_FlavorText	Item	A true scientist would have understood that entrusting the research to future generations was preferable over taking such monumental risks. But in the end, fear of death clouded the judgment of the wealthy, leading to the whole project going up in flames.	
ItemSet_Alacrity	Item	Alacrity	
ItemSet_Alacrity_Description	Item	[SP]Movement Speed, [AS]Attack Speed	
Helmet_Alacrity	Item	Enhancing Mask	
Helmet_Alacrity_FlavorText	Item	Scientific pursuits alone are not enough to carve a place in a continent ruled by strength. In order to secure a place for themselves after the collapse, and to one day break the barrier to the outside world, the Tonitrui family would need to develop combat techniques.	
Outfit_Alacrity	Item	Acceleration Suit	
Outfit_Alacrity_FlavorText	Item	Electricty can be used to power various machines, but as Tonitrui's interest turned towards combat, they soon found themselves using it for enhancing their own bodies instead. Lacking the brute force of Ignis or Molis, they had to rely on speed instead.	
Gloves_Alacrity	Item	Thunder Gloves	
Gloves_Alacrity_FlavorText	Item	Although their focus turned towards combat, Tonitrui did not forget their roots as engineers and inventors. Those signature gloves allows them to excel at both, elevating their prestige in both fields.	
Boots_Alacrity	Item	Light Steps	
Boots_Alacrity_FlavorText	Item	In the end, the time to decide the fate of the continent has come. The aim is to reach beyond the wall of storms, into the world byeond. Although they may be allied with Drake on the surface, it is only a means to an end.	
Daggers_ZephyrsTalons	Item	Zephyr's Talons	
Daggers_ZephyrsTalons_FlavorText	Item	Although often given a fancy name, almost all Enforcer weapons are the result of long and exhausting research. Not unlike shoes, one has to use the ones that fit them just right. The outlier here is Alex, who is for some reason perfectly capable of wielding vastly differing weapons without any issue.	
Daggers_StilettoSeriesMark3	Item	Stiletto Series Mark 3	
Daggers_StilettoSeriesMark3_FlavorText	Item	Not all projects can be finished, and so not all weapons can ascend into being a tool of an Enforcer. And yet, this specific pair of blades, although abandoned a long time ago, has been properly finished. And yet it remains unnamed, once again abandoned despite being completed. Perhaps the journey was more important than the destination?	
ItemSet_Enforcer	Item	Enforcer	
ItemSet_Enforcer_Description	Item	[Onslaught]Onslaught, [BA]Basic Attacks	
Helmet_Enforcer	Item	Enforcer's Mask	
Helmet_Enforcer_FlavorText	Item	Due to their expertise, the Tonitrui never had any issue amassing wealth and connections. The value of those, however, pale in comparison to brute, overwhelming strength. As such, it led the Tonitrui family to pursue unaffiliated Enforcers much more aggresively than other families.	
Outfit_Enforcer	Item	Combat Suit	
Outfit_Enforcer_FlavorText	Item	Enforcers are much more likely to be born within already established families, with a similar aptitude to one's parents. As such, most Enforcers are born and stay within their families, avoiding the risk of their techniques leaking outside. Tonitrui, however, possessed few techniques of their own, forcing them to partially rely on outsiders.	
Gloves_Enforcer	Item	Tyrant Gauntlets	
Gloves_Enforcer_FlavorText	Item	Strength turns into confidence. Confidence turns into pride. And pride most often leads to hubris. Assured of their own power and armed with powerful equipment, many Enforcers started exerting more and more influence on the Tonitrui family's policies. And when Drake came to make an offer, it was the Enforcers who made sure it would not be refused.	
Boots_Enforcer	Item	Augumented Greaves	
Boots_Enforcer_FlavorText	Item	In the end, the Tonitrui family allied themselves with Drake just as Salutis and Molis have. And under regular circumstances, so would have Alex. But this time around, Drake's proposal was not enough to sway him. For the first time in his life, Alex would not be a simple tool swung around by someone else.	
Greatsword_SteelWarden	Item	Steel Warden	
Greatsword_SteelWarden_FlavorText	Item	Although working under the same family, the Tonitrui Enforcers made sure to keep their contact to an absolute minimum. For all their faults, it was their biggest victory that they were able to acknowledge their fault and work around it. No room would be big enough to accomodate two overinflated egos.	
Polearm_Hurricane	Item	Hurricane	Huragan
Polearm_Hurricane_FlavorText	Item	Complicated techniques and keen battle sense is not necessary for an Enforcer's everyday life. Their bodies are much stronger than an average human's. When executed by them, even a simple swing becomes an unstoppable attack. Why waste time on useless training when the world is already at one's feet?	
TwinBlades_Oath	Item	Oath	
TwinBlades_Oath_FlavorText	Item	When coming under the Tonitrui family, one is gifted a weapon designed specially for them to remind of the newly forged connection. It was Laura who made this pair of blades and gifted them to Alex. Even the connection was severed, Alex never considered discarding such a perfectly fine weapon.	
TwinBlades_RestoredVow	Item	Restored Vow	
TwinBlades_RestoredVow_FlavorText	Item	To err is to be human. No matter how brilliant, each and every person is prone to making mistakes. But it is the duty of a friend to help each other stand up again when the mistake occurs. Running away from the whole situation is never the right response.	
ItemSet_Sage	Item	Sage	
ItemSet_Sage_Description	Item	[Magic]Magic, [EG]Energy Gain, [CDR]Cooldown Reduction	
Helmet_Sage	Item	Sage Shroud	Całun Mędrca
Helmet_Sage_FlavorText	Item	In the pursuit of knowledge, one needs to be prepared to make some sacrifices. Even moreso than that, one needs to acknowledge that the fruit of one's labour would be harvested only by the future generations. Haphazard pursuit of immortality goes against the Proprius family's beliefs... but the end-result, no matter how catastrophical, was well worth recording.	
Outfit_Sage	Item	Mystic's Robe	
Outfit_Sage_FlavorText	Item	The final result was nothing surprising. True immortality is no doubt beyond human reach, and the pale imitation that was discovered was an affront to life as a whole. However, just as expected, the catastrophic downfall of the project brought with it some interesting revelations.	
Gloves_Sage	Item	Inner Flow	
Gloves_Sage_FlavorText	Item	The shadow was in no way immortal. Such primitive means cannot escape the constraints of entropy. It would perish within mere 200 years, give or take. As such, the duty of the Proprius family was to record the results of the experiment and leave that information to the future generations. Even if the Proprius family itself were to perish as a result.	
Boots_Sage	Item	Hermit's Patience	
Boots_Sage_FlavorText	Item	Not everyone is willing to give up their life in pursuit of science. That is natural behavior, even if not befitting a member of the Proprius family. As such, despite being the heir of the Proprius family, Drake was forced to look elsewhere for allies if he were to stop the Shadow's plans.	
ItemSet_RoyalGuard	Item	Royal Guard	
ItemSet_RoyalGuard_Description	Item	[Technique]Techniques, [EG]Energy Gain, [CDR]Cooldown Reduction	
Helmet_RoyalGuard	Item	Guardian Helmet	
Helmet_RoyalGuard_FlavorText	Item	To give up one's life for the sake of science is one's personal choice. Not everyone is as commited to such pursuits as the leaders of the Proprius family. And yet, the regular members could not possibly express their opinion. For to put one's own life above science was tantamount to rejecting the Proprius family.	
Outfit_RoyalGuard	Item	Azure Breastplate	
Outfit_RoyalGuard_FlavorText	Item	Just any regular member of the Proprius family expressing their opinion would have been laughable. But things were different when it was the heir apparent who had done so. Drake went against the very principles driving the Proprius family, and by doing so, promised survival to those in despair.	
Gloves_RoyalGuard	Item	Royal Protector	
Gloves_RoyalGuard_FlavorText	Item	A sizable part of the Proprius family followed after Drake into the main continent. They called themselves 'The Royal Guard', for to them, Drake was their king. Drake himself would never acknowledge such a title, of course, so they were forced to only use the title when out of his earshot.	
Boots_RoyalGuard	Item	Will To Survive	
Boots_RoyalGuard_FlavorText	Item	Being a part of Drake's elite squad was a source of immense pride. And said pride was being trampled on every time Drake looked elsewhere for solution to his problems. Was someone like Alex Wester truly necessary to solve the problems plaguing the continent?	
Longblade_ArcaneSword	Item	Arcane Sword	
Longblade_ArcaneSword_FlavorText	Item	The Proprius family higher-ups never lowered themselves to relying on physical weapons. No longer bound by such pointless traditions, the Royal Guard were able to arm themselves with steel that perfectly conducted their Energy-based techniques.	
ItemSet_ShadowGifted	Item	Shadow-gifted	
ItemSet_ShadowGifted_Description	Item	[D]Damage over time, [Effect]Stacking Effects	
Helmet_ShadowGifted	Item	Glimpse of the Future	
Helmet_ShadowGifted_FlavorText	Item	Shadow-gifted is such an inaccurate term. Drake's vision of the future was no gift, for he paid for it in full. It was a purely transactual relationship, and as such, is bound to change at any moment. And said moment came when Drake realized the Shadow's true intentions regarding the continent.	
Outfit_ShadowGifted	Item	Hero's Vest	
Outfit_ShadowGifted_FlavorText	Item	Saving the world is too daunting of a task to be accomplished alone. But only Enforcers are strong enough to have any say in the matter. While certainly reliable, Drake's elite squad lacked the power to challenge the Shadow. When it comes to brute force, only one name came to Drake's mind, a tyrant from a future that would never come to pass.	
Gloves_ShadowGifted	Item	United Strength	
Gloves_ShadowGifted_FlavorText	Item	When seen through the veil of precognition's vision, Alex Wester seemed like a mysterious yet ruthless dictator. He charted a course to a destination only he could see, and he accepted no dissidents. His determination and power could not be denied, and those were qualities that Drake so desperately needed.	
Boots_ShadowGifted	Item	Saviour's Greaves	
Boots_ShadowGifted_FlavorText	Item	Preconceptions and reality often do not match. The Alex Wester that Drake met turned out more of a victim than a tyrant. A simple tool being used by everyone around him, and now it was Drake's turn. As such, Drake did not hesitate to abandon everything he accomplished. In order to truly save the world, not a single person could be forsaken.	
Polearm_AzureMoon	Item	Azure Moon	
Polearm_AzureMoon_FlavorText	Item	This is a weapon that should not exist. At least, 'not yet'. But thanks to Drake's memories, he was able to recreate Laura's gift, a commemoration of the start of their friendship. Although Drake hated a lot of what he saw in his vision of the future, there were some things he could not bring himself to throw away.	
Cannon_Frostfire	Item	Frostfire	
Cannon_Frostfire_FlavorText	Item	Ignis and Glacies have often clashed. Self-proclaimed enforcers of law versus self-proclaimed judges. And yet, the nature of their energies were quite compatible, leading to the creation of this weapon despite the protests of both families.	
ItemSet_Unique	Item	Unique	
ItemSet_Unique_Description	Item	Special effects	
Greatsword_Reckoning	Item	Reckoning	
Greatsword_Reckoning_FlavorText	Item	One of Laura and Alex's countless creations. It was sealed in stone as part of a bet which Alex ended up losing. Once he returned after 8 years, he was strong enough to take it out by force. It was, however, a hollow victory.	
Greatsword_DragonsMaw	Item	Dragon's Maw	Smocza Paszcza
Greatsword_DragonsMaw_FlavorText	Item	There are various vessels for temporarily holding a soul. A suit of armor, a greatsword, the moon itself, or in one specific example even a human's body. What all those things have in common is that the process is merely temporary. Everything perishes eventually.	
Greatsword_Plunderer	Item	Plunderer	Grabieżca
Greatsword_Plunderer_FlavorText	Item	A weapon wielded by the Ignis family heads since its very inception. It has the power of stealing the energy of others, which supports the notion that plundering is the core concept on which the Ignis family was built.	
Longblade_Severance	Item	Severance	Rozcięcie
Longblade_Severance_FlavorText	Item	An ancient weapon, once used to hunt massive and dangerous monsters roaming the continent. Although all the beasts are gone, it is now needed more than ever, with tyranous Enforcers replacing the monsters of old.	
Polearm_Javelin	Item	Javelin	Oszczep
Polearm_Javelin_FlavorText	Item	A type of polearm that can be used as both melee and thrown weapon. The original prototype was wielded by a peculiar Tonitrui warrior who could endlessly copy the weapon he wielded, providing himself with endless ammunition.	Broń, która może być używana zarówno do walki wręcz, jak też jako broń miotana. Oryginalny prototyp był dzierżony przez nietypowego wojownika Tonitrui, który mógł bez końca duplikować swoją broń, zapewniając sobie niewyczerpaną amunicję.
Polearm_Harpoon	Item	Harpoon	Harpun
Polearm_Harpoon_FlavorText	Item	A tool used by fishermen inhabiting the Anima Islands. As it turns out, it can also be used to hunt bigger prey, and became a weapon of choice for many fishermen who ended up becoming Anima warriors.	
Polearm_ChargeLance	Item	Charge Lance	Lanca Ładunkowa
Polearm_ChargeLance_FlavorText	Item	Commonly called the 'Skewerer', this spear is infamous for being used by particularly tyrranical Enforcers. Supposedly the wielders often held competition as to how many 'weaklings' they can 'skewer' before the lance runs out of charged power.	
TwinBlades_DawnAndDusk	Item	Dawn and Dusk	Świt i Zmierzch
TwinBlades_DawnAndDusk_FlavorText	Item	Knocking enemy off balance and striking their weak spots are two sides of the same coin. Only one who utilizes both in equal measures can utilize everything that swordsmanship has to offer.	Wytrącanie wroga z równowagi i uderzanie w jego słabe punkty to dwie strony tej samej monety. Tylko ten, który może korzystać z obu jest w stanie wykorzystać wszystko, co szermierka ma do zaoferowania.
Daggers_CrimsonCarvers	Item	Crimson Carvers	
Daggers_CrimsonCarvers_FlavorText	Item	A set of peculiarly shaped blades, used by the more eccentric of Salutis assassins. The fact that deep Bleeds made by this weapon cannot land a killing blow might be connected to its original use as medical equipment.	Para ostrzy o nietypowym kształcie, używane głównie przez bardziej ekscentrycznych zabójców Salutis. Fakt, że głębokie rany zadane tą bronią nie prowadzą do wykrwawienia może mieć związek z historią tych ostrz jako medycznego wyposażenia.
Daggers_VipersFangs	Item	Vipers Fangs	
Daggers_VipersFangs_FlavorText	Item	Those oddly shaped knives are a relic of an unknown era. When energy is poured into those, they transform said energy into potent poison. As a result, throughout history they were most often used as a poison mass-factory.	
Gauntlets_Shatterers	Item	Shatterers	Roztrzaskiwacze
Gauntlets_Shatterers_FlavorText	Item	Even the hardest rock can by crushed when showered with enough punches. Often favored by the Enforcers of the Molis family, those gauntlets seem to embody the idea that as long as the user refuses to fall, their enemy is bound shatter sooner or later.	
Gauntlets_AshenDiscord	Item	Ashen Discord	
Gauntlets_AshenDiscord_FlavorText	Item	Humans will always fight for more power, more control. Even if their very existence is at stake. Even if the lives of everyone they know are in peril. In the end, selfishness and lack of trust is the greatest crisis humanity could possibly face.	
Gauntlets_PiercingThorns	Item	Piercing Thorns	
Gauntlets_PiercingThorns_FlavorText	Item	Those who put too much confidence into their defenses, adamant that nothing could possibly break past them, will sooner or later receive a wake-up call. The only thing one can truly trust are the skills they acquired through countless duels.	
Bow_Barrage	Item	Barrage	Ogień Zaporowy
Bow_Barrage_FlavorText	Item	This weapon was created by an Enforcer who was frustrated with the bow's slow charge-up speed. Instead of switching to firearms, he invented a completely new type of bow.	Ta broń została stworzona przez Autarchę, który był sfrustrowany jak wolno łuk ładuje energię. Zamiast zacząć używać broni palnej, wynalazł on zupełnie nowy typ łuku.
Bow_Ebony	Item	Ebony	Heban
Bow_Ebony_FlavorText	Item	A mass produced bow, it is known as a weapon with low potential. However, only someone who invests precious materials into upgrading it will know its true power.	Masowo produkowany łuk, powszechnie uważa się, że ma mały potencjał. Tylko ten, kto zainwestuje w niego cenne materiały dowie się, jaką naprawdę skrywa moc.
Bow_EmberleafShortbow	Item	Emberleaf Shortbow	
Bow_EmberleafShortbow_FlavorText	Item	Sometimes, one greatly placed shot can turn the tide of battle. It is even moreso for duels, when having a hidden weapon up one's sleeve can make all the difference in the world.	
Bow_ForgottenFang	Item	Forgotten Fang	
Bow_ForgottenFang_FlavorText	Item	The Tonitrui have always been capable of creating fragile and temporary copies of items they have analyzed. Laura is the first one to take that craft to a whole new level. If her Energy Core was still intact, it would no doubt become her most formidable technique.	
Bow_HeartPiercer	Item	Heart Piercer	
Bow_HeartPiercer_FlavorText	Item	Breaking one's Energy Core is an incredibly complicated procedure. Only someone skilled in all sorts of different techniques could possibly pull it off. Most Enforcers do not bother with such trifles. After all, piercing the heart is all one needs to stop the enemy from moving.	
Gun_TwinSymphony	Item	Twin Symphony	
Gun_TwinSymphony_FlavorText	Item	Human body and their Energy Core work in tandem to assist in combat. Most warriors focus on targeting one or the other. This unique weapon allows to damage both at the same time, punishing those with glaring weaknesses.	
Gun_Revolver	Item	Revolver	Rewolwer
Gun_Revolver_FlavorText	Item	Weapon of choice for swordsmen who wish to give themselves any edge they can. They soften their opponents with a ranged barrage, only to switch to melee combat once they run out of bullets. 	
Gun_Twilight	Item	Twilight	
Gun_Twilight_FlavorText	Item	The difference between light and dark is clear cut. Unfortunately, that is not the case for a lot of other things in life. One can have difficulty telling truth apart from lies, or good apart from evil.	
Cannon_Convergence	Item	Convergence	
Cannon_Convergence_FlavorText	Item	In order to hurt others, one has to be prepared to be hurt in turn. Those who have wielded overwhelming strength since they were born are often lacking in such resolve, quickly crumbling once faced with someone capable of standing up to them.	
Tool_FortificationPotion	Item	Fortification Potion	Mikstura Stabilności
Tool_FortificationPotion_FlavorText	Item	With the passage of time, techniques targeting enemy Energy Cores became more and more prevalent, requiring to expand the repertoire of flasks to include a fitting counter-measure.	
Tool_FortificationPotion_Description	Item	Restore {0}[SB]Stagger Bar over {1} seconds.	Odzyskaj {0}[SB]Pasku Zachwiania w przeciągu {1} sekund.
Tool_Caltrops	Item	Caltrops	Kotewki
Tool_Caltrops_FlavorText	Item	Salutis assassin's job does not conclude the moment their target is dispatched. They also need to return alive, or else the mission can only be considered a failure. Tools such as these often help accomplish this daunting task.	
Tool_Caltrops_Description	Item	Spread {0} caltrops. Enemy stepping on them suffer [R]{1}[/R][Bleed]Bleed and {2}[Slow]Slow.	Rozsyp {0} kotewek. Wrogowie nadeptujący na nie otrzymują [R]{1}[/R][Bleed]Nacięcie i {2}[Slow]Spowolnienia.
Tool_SerenityNeedle	Item	Serenity Needles	
Tool_SerenityNeedle_FlavorText	Item	Upon encountering the 'Eternal Sleep' weapon used by the Glacies, the Salutis assassins immediately realized a more practical way of using the weapon's effect, and tasked the Tonitrui with creating a suitable tool. The genius inventors did not disappoint.	
Tool_SerenityNeedle_Description	Item	Throw a needle that inflicts [Sleep]Sleep for {0} seconds upon hit.	Rzuć igłą która nakłada [Sleep]Uśpienie na {0} sekund przy trafieniu.
Tool_Sanctuary	Item	Sanctuary Stone	Kamień Azylu
Tool_Sanctuary_FlavorText	Item	Some special minerals are capable of storing vast amounts of energy. While the Combat Expert badges store pure and undiluted version, stones such as these instead specialize in evoking a layer of energy specialized in self-preservation.	
Tool_Sanctuary_Description	Item	For next {0} seconds, all [D]Damage you take is decreased by {1}.	Przez następne {0} sekund, wszystkie [D]Obrażenia które otrzymasz zostaną zmniejszone o {1}.
Tool_CrimsonFeather	Item	Crimson Feather	Szkarłatne Pióro
Tool_CrimsonFeather_FlavorText	Item	The Tonitrui latest and possibly most coveted invention, although as it turned out, only few select individuals were actually able to get those feathers to work. Fortunately, Alex turned out to be part of said group.	
Tool_CrimsonFeather_Description	Item	When you have this tool equipped, it will be automatically used once your [H]Health falls to 0, causing you to restore {0}[H]Health.	
Tool_ExpertBadge	Item	Enforcer Badge	Odznaka Autarchy
Tool_ExpertBadge_FlavorText	Item	Combat Experts are Enforcers employed to aid with law enforcement. Although no less powerful, they do not enjoy as much prestige as the Ignis knights, leading to much friction between the two organizations.	
Tool_ExpertBadge_Description	Item	Gain {0}[E]Energy. [CD]Cooldown permanently increases by [GREY]{1}[/GREY] sec until end of mission.	Otrzymaj {0}[E]Energii. [CD]Blokada zwiększa się na stałe o [GREY]{1}[/GREY] sek do końca misji.
Tool_VacuumGrenade	Item	Vacuum Grenade	Granat Próżniowy
Tool_VacuumGrenade_FlavorText	Item	One of countless experimental weapons Alex created together with Laura. As years passed, Alex ended up perfecting the design and could actually start using the grenades in combat scenarios.	
Tool_VacuumGrenade_Description	Item	Throw a grenade that deals {0}[I]Injury and {1}[S]Stagger to nearby enemies. Hitting only 1 enemy deals extra {2}[S]Stagger. Hitting more than 1 enemy applies [Stun]Stun ({3} sec).	Rzuć granat zadający {0}[I]Zranienia i {1}[S]Zachwiania pobliskim wrogom. Trafienie tylko 1 wroga zadaje dodatkowe {2}[S]Zachwiania. Trafienie więcej niż 1 wroga nakłada [Stun]Ogłuszenie ({3} sek).
Tool_VacuumGrenade_DescriptionDetailed	Item	Throw a grenade that deals {4}[I]Damage to first enemy hit. Upon hit or after 1 second it explodes, dealing {0}[I]Damage and {1}[S]Stagger in 2m radius. If only one enemy was hit, deal extra {2}[S]Stagger. If more than one enemy was hit, inflict [Stun]Stun ({3} sec) on all enemies.	Rzuć granat zadający {4}[I]Obrażeń pierwszemu trafionemu przeciwnikowi. Eksploduje po trafieniu lub 1 sek, zadając {0}[I]Obrażeń i {1}[S]Zachwiania w promieniu 2m. Jeśli trafiony został tylko 1 wróg, zadaj dodatkowo {2}[S]Zachwiania. Jeśli trafionych zostało więcej wrogów, nałóż [Stun]Ogłuszenie ({3} sek) na wszystkich trafionych wrogów.
Tool_StunGrenade	Item	Stun Grenade	Granat Ogłuszający
Tool_StunGrenade_FlavorText	Item	Although only useful against weaker enemies, this type of equipment is popular among novice Enforcers. When surrounded by an army of weaker opponents, it allows to create an opening to escape.	
Tool_StunGrenade_Description	Item	Throw a grenade that applies [Stun]Stun ({0} sec) on all regular enemies within {1}m range.	
Tool_StunGrenade_DescriptionDetailed	Item	Throw a grenade that applies [Stun]Stun ({0} sec) on all regular enemies within {1}m range. Stun duration is decreased up to 50% depending on distance. Boss enemies only flinch	
Tool_FireStarter	Item	Fire Starter	Podpalacz
Tool_FireStarter_FlavorText	Item	Originally created in order to start campfires, it was quickly discovered that overloading it with energy could create massive explosions. A lot of research went into creating an article that could be used more than once.	Początkowo stworzony w celu rozpalania ognisk, szybko odkryto że przeciążenie go energią prowadzi do wytworzenia ogromnej eksplozji. Wiele badań poświęcono aby stworzyć produkt, który można użyć więcej niż raz.
Tool_FireStarter_Description	Item	Shoot a fireball that deals {1}[I]Injury and applies [P]{2}[/P][Burn]Burn to enemies hit.	Wystrzel kulę ognia zadającą {1}[I]Zranienia i nakładającą [P]{2}[/P][Burn]Podpalenia trafionym wrogom.
Tool_FireStarter_DescriptionDetailed	Item	Shoot a projectile that travels up to 8m. Upon hitting an enemy, it deals {0}[S]Stagger. It then explodes, dealing {1}[I]Injury and [P]{2}[/P][Burn]Burn to nearby enemies.	Wystrzel pocisk lecący max 8m. Po trafieniu we wroga zadaje {0}[S]Zachwiania. Następnie eksploduje, zadając {1}[I]Zranienia i [P]{2}[/P][Burn]Podpalenia pobliskim wrogom.
Tool_Decoy	Item	Decoy	
Tool_Decoy_FlavorText	Item	Tools that affecting the enemy's mind are pretty much unheard of. And yet, tools such as these started appearing all over the continent a few years ago, suggesting an outside influence.	
Tool_Decoy_Description	Item	Jump back and create a decoy, causing all enemies currently targeting you to start attacking it instead. The decoy has {0}[H]Health and lasts up to {1} seconds.	
Tool_VeilOfShadows	Item	Veil of Shadows	
Tool_VeilOfShadows_FlavorText	Item	Control over shadows is a subset of Enforcer techniques just like any other. As if to prove that theory, even tools such as these were created, further proving the point that the shadowy monarch is not a god, but just a particularly powerful entity.	
Tool_VeilOfShadows_Description	Item	Gain {0}[Barrier]Barrier and enter [Stealth]Stealth for {2} seconds.	
Tool_VialOfPoison	Item	Vial of Poison	
Tool_VialOfPoison_FlavorText	Item	Medicine and poisons are two sides of the same coin. It should be no surprise that this tool is yet another part of the Salutis repertoire, making sure that their mission is carried out no matter the means employed.	
Tool_VialOfPoison_Description	Item	For the next {0} seconds, all [D]Damage dealt with your current weapon applies {0}[Poison]Poison per hit.	
Tool_IceCoating	Item	Ice Coating	
Tool_IceCoating_FlavorText	Item	Some substances can carry incredible amounts of energy imbued with a specific element. This particular liquid can only be found near the center of the Glacies region, instantly freezing any Energy Core it comes into contact with, thus requiring expert handling.	
Tool_IceCoating_Description	Item	Next time you deal [D]Damage with currently equipped weapon, you will apply extra {0}[Freeze]Freeze.	
Tool_IceCoating_DescriptionDetailed	Item		
Tool_FirstAidKit	Item	First Aid Kit	
Tool_FirstAidKit_FlavorText	Item	Not all wounds can be sufficiently mended with the healing potions carried around by Combat Experts. Malicious after-effects of enemy techniques especially require more attention than simply drinking some liquid.	
Tool_FirstAidKit_Description	Item	Start restoring {0}[H]Health and removing 1 debuff each second. Taking [D]Damage (aside from Damage over Time) causes this action to end.	
Tool_FirstAidKit_DescriptionDetailed	Item		
Tool_ThoughtAccelerator	Item	Thought Accelerator	
Tool_ThoughtAccelerator_FlavorText	Item	The Tonitrui specialize in all sorts of accelerations, but despite being inventors, the art of rapid thinking seemed to be beyond their reach. But being inventors, they did not simply throw up their hands and give up, and instead created this specialized tool.	
Tool_ThoughtAccelerator_Description	Item	Remove {0} seconds from each [Technique]Technique [Cooldown]Cooldown and [Effect]Effect [Cooldown]Cooldown.	
Tool_ThoughtAccelerator_DescriptionDetailed	Item		
Quest_UpgradeMaterials	Item	Upgrade Materials	Materiały do Ulepszania
Quest_UpgradeMaterials_FlavorText	Item	This mineral allows to 'cheat' the crafting process, upgrading the equipment's power without requiring any crafting talent. Money alone is often not enough to acquire it.	Ten minerał pozwala na 'oszukanie' procesu tworzenia, ulepszając moc ekwipunku bez wymagania talentu twórczego. Same pieniądze często nie wystarczą, by go pozyskać.
Quest_ToolMaterials	Item	Tool Research	Badania o Narzędziach
Quest_ToolMaterials_FlavorText	Item	Allows Alex to expand his arsenal of useful tools, either by improving their quality or increasing the amount he can carry. Unlike weapon upgrades, this progress is not lost upon entering a new cycle.	Pozwala Alexowi na rozszerzenie jego arsenału przydatnych narzędzi poprzez poprawienie ich jakości lub zwiększenie ilości, którą może na raz mieć pod ręką. W przeciwieństwie do ulepszeń broni, ten postęp nie jest tracony w nowych cyklach.
Quest_FirstMissionMap	Item	Map to Laura's Shipment	Map do Przesyłki Laury
Quest_FirstMissionMap_FlavorText	Item	This map shows where Laura's stolen shipment is. Since you memorized the location, there will be no need to get this map in further cycles.	Ta mapa pokazuje gdzie jest skradziona przesyłka Laury. Jako że zapamiętałeś jej lokację, nie będzie potrzeby zdobycia tej mapy w przyszłych cyklach.
Quest_HalfStiletto	Item	Half Stiletto	Pół Sztylet
Quest_HalfStiletto_FlavorText	Item	This blade won't work properly without finding its other twin, which should still be somewhere in Trimvine.	To ostrze nie będzie poprawnie działało, póki nie znaleziony zostanie jego bliźniak, który nadal powinien być gdzieś w Trimvine.
Quest_TrimvineKeyToLaurasLab	Item	Key to Laura's Study	Klucz do Pracowni Laury
Quest_TrimvineKeyToLaurasLab_FlavorText	Item	This key opens the reinforced door below the back entrance to Laura's Workshop.	Ten klucz otwiera wzmocnione drzwi poniżej tylnego wejścia do Warsztatu Laury.
Quest_FirstMissionKeyToChest	Item	Chest Key	Klucz do Skrzyni
Quest_FirstMissionKeyToChest_FlavorText	Item	Judging by the shape and quality, this key opens a specially energy-locked chest.	Sądząc po kształcie i jakości, ten klucz otwiera skrzynię chronioną przez unikalny mechanizm energetyczny.
Effect_Detailed_Description	Effect	Some effects and abilities have complex effects.\n\nIf you are interested in knowing exactly how they work, you can hover over such icons get the full explanation instead of the shortened version.	
Effect_Riposte_Description	Effect	[Riposte]Riposte: performed by using block just before an enemy's regular attack hits you	
Effect_Counter_Description	Effect	[Counter]Counter: performed by using the correct method between block, backstep or roll against enemy's [Counter]Counterable attack	
Effect_Block_Description	Effect	[Block]Block: performed by holding [BlockButtonPress], it allows to convert all [I]Injury taken into [S]Stagger ([R]15%[/R] of original [I]Injury).\n\nIn addition to that, [Block]Blocking lowers all [S]Stagger taken by [P]40%[/P], making it much more effective against attacks inflicting [I]Injury rather than [S]Stagger.\n\nWhen [Staggered]Staggered, [Block]Blocking only allows to take [R]50%[/R][I]Injury instead of full amount, making [Riposte]Ripostes, [Counter]Counters and [Dodge]Dodges a much more effective alternative.	
Effect_Dodge_Description	Effect	[Dodge]Dodge: performed by pressing [DodgeButtonPress], it allows to temporarily avoid all attacks aside from some [Counter]Counterable and all [Unstoppable]Unstoppable.\n\nMoving while pressing [DodgeButtonPress] will result in a roll, countering enemy [Counterable]Special thrust attacks.\n\nStanding still while pressing [DodgeButtonPress] will result in a backstep, countering enemy [Counterable]Special swinging, down-to-up attacks.\n\nEffects that trigger on [Dodge]Dodge only work if any [D]Damage is succesfully avoided.	
Effect_Unstoppable_Description	Effect	[Unstoppable]Unstoppable: some enemy attacks are so powerful that they cannot be [Counter]Countered or [Dodge]Dodged. The only option is to run from the line of fire	
Effect_BasicAttack_Description	Effect	[BA]Basic Attack: performed by pressing [BasicAttackButtonPress] using currently equipped weapon.\n\nHoliding [BasicAttackButtonPress] causes a Strong [BA]Basic Attack to be performed ([D]Damage and attack type improve with higher attack count)	
Effect_Magic_Description	Effect	[Magic]Magic: some [Technique]Techniques deal [MD]Damage dependant on [Magic]Magic instead of [Weapons]Weapon stats.\n\n[Proprius]Power Without Limit and [Proprius]Mind Over Matter stances allow to use [BA]Basic Attacks that scale with [Magic]Magic instead of currently equipped weapon.\n\n[Magic]Magic [AS]Attack Speed is capped at 2.0.	
Effect_Weapons_Description	Effect	[Weapons]Weapons: you can use [Heavy]Heavy, [Light]Light and [Ranged]Ranged weapons, each assigned to their respective stance. Damage dealt by [BA]Basic Attacks and some [Technique]Techniques is dependant on your [Weapons]Weapon stat values	
Effect_Backstab_Description	Effect	[Backstab]Backstab: performed by pressing [BasicAttackButtonPress] while facing an enemy's back. Has special animation and higher [D]Damage, but cannot be used again against the same enemy until their [ImmunityToBackstabs]Backstab Immunity wears off	
Effect_Technique_Description	Effect	[Technique]Technique: performed by pressing [Ability1ButtonPress], [Ability2ButtonPress], [Ability3ButtonPress] or [Ability4ButtonPress] and paying corresponding [E]Energy.\n\nCannot be used again until used [Technique]Technique's [CD]Cooldown wears off.\n\nDifferent [Technique]Techniques have different [E]Energy costs, [CD]Cooldowns, special effects and scale with different stat values ([HD]/[LD]/[RD]/[MD])	
Effect_Heavy_Description	Effect	[Heavy]Heavy Weapons: Greatswords, Longblades and Polearms.\n\nIn general, tend to have higher base [S]Stagger than [I]Injury and below average [AS]Attack Speed.\n\n[Heavy]Heavy Weapons [AS]Attack Speed is capped at 1.5	
Effect_Light_Description	Effect	[Light]Light Weapons: Twin Blades, Daggers, Gauntlets.\n\nIn general, tend to have higher base [I]Injury than [S]Stagger and above average [AS]Attack Speed.\n\n[Light]Light Weapons [AS]Attack Speed is capped at 2.5	
Effect_Ranged_Description	Effect	[Ranged]Ranged Weapons: Guns, Bows, Cannons.\n\nRequire [Ammo]Ammo to perform [BA]Basic Attacks (but not [Technique]Techniques).\n\n[Ammo]Ammo is restored at the end of combat, by defeating enemies or through various special [Effect]Effects.\n\n[Ranged]Ranged Weapons [AS]Attack Speed is capped at 2.0	
Effect_Sharp	Effect	[Sharp]Sharp	[Sharp]Ostrość
Effect_Sharp_Description	Effect	[Sharp]Sharp: [Riposte]Ripostes and [Counter]Counters deal more %[D]Damage based on the effect's value (stackable)	[Sharp]Ostrość: przy wykonywaniu Ripost lub Kontr, zadawaj zwiększone %[D]Obrażenia równe wartości efektu. Ten efekt się kumuluje.
Effect_Burn	Effect	[Burn]Burn	[Burn]Podpalenie
Effect_Burn_Description	Effect	[Burn]Burn: target takes given [S]Stagger each second (stackable).\n\nWhen [Staggered]Staggered, causes an explosion that consumes the stacks to deal x25[D]Damage	[Burn]Podpalenie: cel otrzymuje dane [S]Zachwianie co sekundę. Zadaje podwójne [D]Obrażenia gdy wróg jest [Staggered]Zachwiany. Ten efekt się kumuluje.
Effect_Freeze	Effect	[Freeze]Freeze	[Freeze]Zamrożenie
Effect_Freeze_Description	Effect	[Freeze]Freeze: receive given [S]Stagger each second (stackable).\n\nWhen [Staggered]Staggered, consumes all stacks to extend default [Staggered]Staggered duration.\n\nDuration increase is calculated based on [Freeze]Freeze amount vs enemy's max [SB]Stagger Bar.	[Freeze]Zamrożenie: cel ma zmniejszoną [SPEED]Prędkość Ruchu i [AS]Prędkość Ataku. Po osiągnięciu 100% wróg zostaje zamrożony i następne zadane mu [D]Obrażenia są potrójne i usuwają efekt. Efektywność jest zależna od maksymalnego [SB]Pasku Zachwiania wroga. Ten efekt się kumuluje.
Effect_Barrier	Effect	[Barrier]Barrier	[Barrier]Bariera
Effect_Barrier_Description	Effect	[Barrier]Barrier: all [D]Damage taken is first absorbed by the effect's value (stackable)\n\n[S]Stagger does not deplete [Barrier]Barrier unless to prevent [Staggered]Staggered\n\nEffect amount cannot be larger than max [H]Health	[Barrier]Bariera: wszystkie otrzymane przez cel [D]Obrażenia są najpierw pochłonięte przez wartość [Barrier]Bariery. Ten efekt się kumuluje.
Effect_Bleed	Effect	[Bleed]Bleed	[Bleed]Nacięcie
Effect_Bleed_Description	Effect	[Bleed]Bleed: target takes given [I]Injury each second (stackable).\n\nCannot lower target's [H]Health below 1	[Bleed]Nacięcie: cel otrzymuje dane [I]Zranienie co sekundę. Ten efekt się kumuluje.
Effect_Supercharge	Effect	[Supercharge]Supercharge	[Supercharge]Naładowanie
Effect_Supercharge_Description	Effect	[Supercharge]Supercharge: [BA]Basic Attacks consume 20% of the effect's value to deal extra [I]Injury equal to amount spent (stackable)	[Supercharge]Naładowanie: każde udane trafienie zadaje dodatkowo [I]Zranienie równe podanej ilości. Ten efekt się kumuluje.
Effect_Analysis	Effect	[Analysis]Analysis	[Analysis]Analiza
Effect_Analysis_Description	Effect	[Analysis]Analysis: [Technique]Techniques deal more %[D]Damage based on the effect's value (stackable)	[Analysis]Analiza: przy wykonywaniu Technik, zadawaj zwiększone %[D]Obrażenia równe wartości efektu. Ten efekt się kumuluje.
Effect_Staggered	Effect	[Staggered]Staggered	[Staggered]Przełamanie
Effect_Staggered_Description	Effect	[Staggered]Staggered: lose all removable [Buff]Buffs, [E]Energy and [A]Armor until effect ends.\n\n[Staggered]Staggered enemies cannot perform any actions, but player only suffers -45[SPEED]Movement Speed.\n\nCaused by filling up the [SB]Stagger Bar.	[Staggered]Przełamanie: spowodowane wypełnieniem [SB]Paska Zachwiania.
Effect_Flinching	Effect	[Stun]Flinching	[Stun]Oszołomienie
Effect_Flinching_Description	Effect	[Stun]Flinching: unable to perform any actions.\n\nCaused by taking more than [P]20%[/P] of one's max [StaggerBar]Stagger Bar in one hit	[Stun]Oszołomienie: cel nie może nic robić.
Effect_Stun	Effect	[Stun]Stun	[Stun]Ogłuszenie
Effect_Stun_Description	Effect	[Stun]Stun: unable to perform any actions	[Stun]Ogłuszenie: cel nie może nic robić.
Effect_CrowdControl_Description	Effect	[CrowdControl]CrowdControl: any enemy who is under an [Effect]Effect that makes them unable to perform any actions.\n\n[CrowdControl]Crowd-Control [Effect]Effects include [Stun]Stunned, [Stun]Flinching, [Stun]Knocked Back, [Frozen]Frozen, [Staggered]Staggered and [Sleep]Asleep.\n\n[Backstab]Backstabbed, [Riposte]Riposted and [Counter]Countered also count as [CrowdControl]Crowd-Control, but both the attacker and the attacked are unable to perform any actions during the animation	[CrowdControl]Ogłuszenie: cel nie może nic robić.
Effect_Onslaught	Effect	[Onslaught]Onslaught	[Onslaught]Napór
Effect_Onslaught_Description	Effect	[Onslaught]Onslaught: [BA]Basic Attacks deal more %[D]Damage based on the effect's value (stackable)	[Onslaught]Napór: przy wykonywaniu [BA]Podstawowych Ataków, zadawaj zwiększone %[D]Obrażenia równe wartości efektu. Ten efekt się kumuluje.
Effect_Prone	Effect	[Prone]Prone	[Prone]Podatny
Effect_Prone_Description	Effect	[Prone]Prone: take more %[D]Damage based on the effect's value (stackable)	[Prone]Podatny: cel otrzymuje zwiększone %[D]Obrażenia ze wszystkich źródeł. Ten efekt się kumuluje.
Effect_ImmunityToBackstabs	Effect	[ImmunityToBackstabs]Backstab Immunity	[ImmunityToBackstabs]Odporność na Cios w Plecy
Effect_ImmuneToBackstabs_Description	Effect	[ImmunityToBackstabs]Backstab Immunity: cannot be [Backstab]Backstabbed	[ImmunityToBackstabs]Odporność na Cios w Plecy: nie da się używać Ataku w Plecy przeciwko celowi z tym efektem.
Effect_Empowered	Effect	[Empowered]Empowered	[Empowered]Wzmocniony
Effect_Empowered_Description	Effect	[Empowered]Empowered: deal more %[D]Damage based on the effect's value (stackable)	[Empowered]Wzmocniony: zadawaj zwiększone %[D]Obrażenia równe wartości efektu. Ten efekt się kumuluje.
Effect_Sleep	Effect	[Sleep]Sleep	[Sleep]Uśpienie
Effect_Sleep_Description	Effect	[Sleep]Sleep: unable to perform any actions and regain 1% [H]Health every second.\n\nReceiving any [I]Injury ends the effect	[Sleep]Uśpienie: cel bezczynnie leży w miejscu i regeneruje 1% [H]Życia co sekundę. Otrzymanie [I]Zranienia kończy ten efekt.
Effect_Chained	Effect	[Chained]Chained	[Chained]Kajdany
Effect_Chained_Description	Effect	[Chained]Chained: deal more %[D]Damage based on the effect's value, but also lose [EG]Energy Gain, [A]Armor and [AS]Attack Speed equal to 15% of the effect's value (stackable)	[Chained]Kajdany: Zadawaj więcej [D]Obrażeń o podaną ilość, ale także zmniejsz [A], [AS] i [EG] o 10% podanej ilości. Jest liczone jako 3 negatywne efekty. Ten efekt się kumuluje.
Effect_Poison	Effect	[Poison]Poison	
Effect_Poison_Description	Effect	[Poison]Poison: when applied to player, causes [E]Energy loss every second.\n\nWhen applied to enemy, lowers their [CDR]Cooldown Reduction and makes them attack less frequently based on percentage.	
Effect_Invincible	Effect	[Invincible]Invincible	[Invincible]Niezniszczalny
Effect_Invincible_Description	Effect	[Invincible]Invincible: immune to [D]Damage and [Debuff]Debuffs	[Invincible]Niezniszczalny: cel jest odporny na [D]Obrażenia i negatywne Efekty.
Effect_Immovable	Effect	[Immovable]Immovable	[Immovable]Nieruchomy
Effect_Immovable_Description	Effect	[Immovable]Immovable: immune to [Technique]Knock-backs	[Immovable]Nieruchomy: cel jest odporny na odepchnięcia.
Effect_Unkillable	Effect	[Unkillable]Unkillable	[Unkillable]Niezabijalny
Effect_Unkillable_Description	Effect	[Unkillable]Unkillable: cannot be brought below [R]1[/R][H]Health	[Unkillable]Niezabijalny: cel nie może być sprowadzony poniżej 1 [H]Życia (jeśli to jego ostatni Pasek Życia).
Effect_Unstunnable	Effect	[Unstunnable]Unstunnable	[Unstunnable]Nie-do-ogłuszenia
Effect_Unstunnable_Description	Effect	[Unstunnable]Unstunnable: immune to [Stun]Crowd-Control	[Unstunnable]Nie-do-ogłuszenia: cel jest odporny na negatywne Efekty.
Effect_Slow	Effect	[Slow]Slow	[Slow]Spowolnienie
Effect_Slow_Description	Effect	[Slow]Slow: lowered [SP]Movement Speed by given percent, but enemies cannot be slowed below 20% base speed (stackable).\n\nLasts only 5 seconds and decays much quicker	[Slow]Spowolnienie: cel ma zmniejszoną [SP]Prędkość Ruchu o podany procent. Ten efekt się kumuluje, trwa tylko 5 sekund i szybko się zmniejsza.
Effect_Acceleration	Effect	[Acceleration]Acceleration	[Acceleration]Przyspieszenie
Effect_Acceleration_Description	Effect	[Acceleration]Acceleration: increased %[AS]Attack Speed by given amount (stackable)	[Acceleration]Przyspieszenie: cel ma zwiększoną %[AS]Prędkość Ataku o podaną ilość, do max +100. Ten efekt się kumuluje.
Effect_Lethargy	Effect	[Acceleration]Acceleration	[Acceleration]Przyspieszenie
Effect_Lethargy_Description	Effect	[Lethargy]Lethargy: lowered %[AS]Attack Speed by given amount (stackable)	[Lethargy]Letarg: cel ma zwiększoną %[AS]Prędkość Ataku o podaną ilość, do max +100. Ten efekt się kumuluje.
Effect_Feeble	Effect	[Feeble]Feeble	[Feeble]Osłabiony
Effect_Feeble_Description	Effect	[Feeble]Feeble: deal less %[D]Damage based on the effect's value (stackable)	[Feeble]Osłabiony: cel ma zwiększoną [AS]Prędkość Ataku o podaną ilość, do max +100%. Ten efekt się kumuluje.
Effect_Stealth	Effect	[Stealth]Stealth	[Stealth]Ukrycie
Effect_Stealth_Description	Effect	[Stealth]Stealth: untargettable to enemies.\n\nUsing [BA]Basic Attacks, [Technique]Techniques or [Tool]Tools will cause [Stealth]Stealth to end prematurely	[Stealth]Ukrycie:
Effect_Damage	Effect	More Power	
Effect_Damage_Description	Effect	+{0}%[D]Damage	
Effect_Stagger	Effect	More Strength	
Effect_Stagger_Description	Effect	+{0}%[S]Stagger	
Effect_Injury	Effect	More Lethality	
Effect_Injury_Description	Effect	+{0}%[I]Injury	
Effect_HeavyInjury	Effect	Greater Injuries	
Effect_HeavyInjury_Description	Effect	+{0}%[HI]Heavy Injury	
Effect_HeavyStagger	Effect	Greater Impact	
Effect_HeavyStagger_Description	Effect	+{0}%[HS]Heavy Stagger	
Effect_HeavyDamage	Effect	Greater Damage	
Effect_HeavyDamage_Description	Effect	+{0}%[HD]Heavy Damage	
Effect_HeavyAttackSpeed	Effect	Greater Speed	
Effect_HeavyAttackSpeed_Description	Effect	+{0}%[HAS]Heavy Attack Speed	
Effect_LightInjury	Effect	Deadlier Injuries	
Effect_LightInjury_Description	Effect	+{0}%[LI]Light Injury	
Effect_LightStagger	Effect	Deadlier Impact	
Effect_LightStagger_Description	Effect	+{0}%[LS]Light Stagger	
Effect_LightDamage	Effect	Deadlier Damage	
Effect_LightDamage_Description	Effect	+{0}%[LD]Light Damage	
Effect_LightAttackSpeed	Effect	Deadlier Speed	
Effect_LightAttackSpeed_Description	Effect	+{0}%[LAS]Light Attack Speed	
Effect_RangedInjury	Effect	Injuries From Afar	
Effect_RangedInjury_Description	Effect	+{0}%[RI]Ranged Injury.	
Effect_RangedStagger	Effect	Impact From Afar	
Effect_RangedStagger_Description	Effect	+{0}%[RS]Ranged Stagger.	
Effect_RangedDamage	Effect	Damage From Afar	
Effect_RangedDamage_Description	Effect	+{0}%[RD]Ranged Damage.	
Effect_RangedAttackSpeed	Effect	Speed From Afar	
Effect_RangedAttackSpeed_Description	Effect	+{0}%[RAS]Ranged Attack Speed	
Effect_MagicInjury	Effect	Arcane Injuries	
Effect_MagicInjury_Description	Effect	+{0}%[MI]Magic Injury	
Effect_MagicStagger	Effect	Arcane Impact	
Effect_MagicStagger_Description	Effect	+{0}%[MS]Magic Stagger	
Effect_MagicDamage	Effect	Arcane Damage	
Effect_MagicDamage_Description	Effect	+{0}%[MD]Magic Damage	
Effect_MagicAttackSpeed	Effect	Arcane Speed	
Effect_MagicAttackSpeed_Description	Effect	+{0}%[MAS]Magic Attack Speed	
Effect_Health	Effect	Healthy Body	
Effect_Health_Description	Effect	+{0}%[H]Health	
Effect_StaggerBar	Effect	Defensive Posture	
Effect_StaggerBar_Description	Effect	+{0}%[SB]Stagger Bar	
Effect_Energy	Effect	Energy Core Expansion	
Effect_Energy_Description	Effect	+[B]{0}[/B][E]Energy total	
Effect_EnergyGain	Effect	Energy Circulation	
Effect_EnergyGain_Description	Effect	+[B]{0}[/B][EG]Energy Gain	
Effect_Armor	Effect	Resilient Muscles	
Effect_Armor_Description	Effect	+{0}[A]Armor	
Effect_Tenacity	Effect	Unyielding Mind	
Effect_Tenacity_Description	Effect	+{0}[T]Tenacity	
Effect_CooldownReduction	Effect	Quick Thinking	
Effect_CooldownReduction_Description	Effect	+[GREY]{0}[/GREY][CDR]Cooldown Reduction	
Effect_Control	Effect	Overwhelming Presence	
Effect_Control_Description	Effect	+{0}[Control]Control	
Effect_MovementSpeed	Effect	Swift Steps	
Effect_MovementSpeed_Description	Effect	+{0}[MOVE]Movement Speed	
Effect_AttackSpeed	Effect	Dexterous Hands	
Effect_AttackSpeed_Description	Effect	+{0}%[AS]Attack Speed	
Effect_ChangeEffectPowerDecreaseAmountOnPlayer_Description	Effect	{1}% less {0} on you	
Effect_ChangeEffectPowerIncreaseAmountOnPlayer_Description	Effect	{1}% more {0} on you	
Effect_ChangeEffectPowerIncreaseAmountOnEnemy_Description	Effect	{1}% more {0} on enemies	
Effect_ChangeEffectPowerDecreaseDecayOnEnemy_Description	Effect	{1}% slower {0} decay on enemies	
Effect_ChangeEffectPowerIncreaseDecayOnPlayer_Description	Effect	{1}% faster {0} decay on you	
Effect_ChangeEffectPowerDecreaseDecayOnPlayer_Description	Effect	{1}% slower {0} decay on you	
Effect_WeaponInjury	Effect	Sharp Steel	Zranienie Bronią
Effect_WeaponInjury_Description	Effect	+{0}%[WI]Weapon Injury	
Effect_WeaponStagger	Effect	Hefty Steel	Zachwianie Bronią
Effect_WeaponStagger_Description	Effect	+{0}%[WS]Weapon Stagger	
Effect_ArmorAgainstCounterable	Effect	Prepare for the Worst	
Effect_ArmorAgainstCounterable_Description	Effect	+{0}[A]Armor vs [Counter]Counterable	
Effect_Health+StaggerBar	Effect	Versatile Endurance	
Effect_BasicAttackDamage	Effect	Rain of Blows	
Effect_BasicAttackDamage_Description	Effect	+{0}%[WD]Basic Attack Damage	
Effect_WeaponTechniqueDamage	Effect	Superior Execution	
Effect_WeaponTechniqueDamage_Description	Effect	+{0}%[WD]Weapon [TD]Technique Damage	
Effect_WeaponDamage	Effect	Superior Steel	
Effect_WeaponDamage_Description	Effect	+{0}%[WD]Weapon Damage	
Effect_SharpAmount	Effect	Even Sharper	
Effect_SharpAmount_Description	Effect	+{0}% [Sharp]Sharp gained	
Effect_SharpDecay	Effect	Lingering Sharpness	
Effect_SharpDecay_Description	Effect	{0}% slower [Sharp]Sharp decay	
Effect_SharpArmor	Effect	Sharp Senses	
Effect_SharpArmor_Description	Effect	+{0}[A]/+{1}[A]/+{2}[A]Armor at [Sharp]Sharp level 1/2/3	
Effect_ArmorAfterRiposteOrCounter	Effect	Overwhelming Prediction	
Effect_ArmorAfterRiposteOrCounter_Description	Effect	+{0}[A]Armor for 5 sec after [Riposte]Riposte or 10 sec after [Counter]Counter	
Effect_ArmorAgainstUnstoppable	Effect	Grit and Endure	
Effect_ArmorAgainstUnstoppable_Description	Effect	+{0}[A]Armor vs [Unstoppable]Unstoppable	
Effect_RiposteDamage	Effect	Quick Reflexes	
Effect_RiposteDamage_Description	Effect	+[G]{0}%[/G][Riposte]Riposte Damage	
Effect_SharpEmpowersBasicAttacks	Effect	Opportunist	
Effect_SharpEmpowersBasicAttacks_Description	Effect	[Sharp]Sharp empowers [BA]Basic Attacks at {0}% efficiency	
Effect_ArmorDuringBasicAttacks	Effect	Battle Trance	
Effect_ArmorDuringBasicAttacks_Description	Effect	Gain {0}[A]Armor while [BA]Basic Attacking	
Effect_CounterDamage	Effect	Lethal Counter-attack	
Effect_CounterDamage_Description	Effect	+[G]{0}%[/G][Counter]Counter Damage	
Effect_StrongBasicAttackDamage	Effect	Sundering Strike	
Effect_StrongBasicAttackDamage_Description	Effect	+[G]{0}%[/G][BA]Strong Basic Attack Damage	
Effect_SharpEmpowersWeaponTechniques	Effect	Perfected Strike	
Effect_SharpEmpowersWeaponTechniques_Description	Effect	[Sharp]Sharp empowers [Weapons]Weapon [TD]Techniques at {0}% efficiency	
Effect_RestoreStaggerBarOnSuccesfulRiposteOrCounterWhileStaggered	Effect	Desperate Reversal	
Effect_RestoreStaggerBarOnSuccesfulRiposteOrCounterWhileStaggered_Description	Effect	While you're [Staggered]Staggered, [Riposte]Ripostes restore [P]{0}%[/P] of your max [SB]Stagger Bar and [Counter]Counters restore {1}%[SB]	
Effect_HealFromBasicAttacks	Effect	Unrelenting Strikes	
Effect_HealFromBasicAttacks_Description	Effect	Heal for [R]{0}%[/R] of [BA]Basic Attack [D]Damage	
Effect_HealFromRipostesAndCounters	Effect	Triumphant Outmaneuver	
Effect_HealFromRipostesAndCounters_Description	Effect	Heal for [R]{0}%[/R] of [Riposte]Riposte and [Counter]Counter [D]Damage	
Effect_HeavyInjury+HeavyStagger	Effect	Greater Damage	
Effect_MagicInjury+MagicStagger	Effect	Arcane Damage	
Effect_Injury+Stagger	Effect	More Power	
Effect_DamageToStaggered	Effect	Seize the Chance	
Effect_DamageToStaggered_Description	Effect	+{0}%[D]Damage vs [Staggered]Staggered	
Effect_BasicAttackStagger	Effect	Guard-breaker	
Effect_BasicAttackStagger_Description	Effect	+{0}%[BA]Basic Attack [S]Stagger	
Effect_TechniqueStagger	Effect	Heaviest of Strikes	
Effect_TechniqueStagger_Description	Effect	+{0}%[TS]Technique Stagger	
Effect_BurnAmount	Effect	Conflagration	
Effect_BurnAmount_Description	Effect	+{0}% [Burn]Burn applied	Nakładasz {0}% więcej [Burn]Podpalenia.
Effect_BurnDecay	Effect	Undying Flame	
Effect_BurnDecay_Description	Effect	{0}% slower [Burn]Burn decay	[Burn]Podpalenie którą nakładasz zmniejsza się o {0}% mniej co sekundę.
Effect_BurnArmor	Effect	Debilitating Embers	Redukcja Obrażeń od Podpalonych
Effect_BurnArmor_Description	Effect	+{0}[A]/+{1}[A]/+{2}[A]Armor at enemy [Burn]Burn level 1/2/3	
Effect_BurnArmorWithoutLimit	Effect	Debilitating Embers	Redukcja Obrażeń od Podpalonych
Effect_BurnArmorWithoutLimit_Description	Effect	+[A]Armor ({0}% of enemy current [Burn]Burn)	
Effect_HeavyStrongBasicAttackStagger	Effect	Decisive Blow	
Effect_HeavyStrongBasicAttackStagger_Description	Effect	+{0}%[S]Stagger with [Heavy]Heavy Weapon [BA]Strong Basic Attacks	
Effect_ExtraMagicStaggerToEmptyStaggerBar	Effect	Opening Strike	
Effect_ExtraMagicStaggerToEmptyStaggerBar_Description	Effect	+{0}%[MS]Magic Stagger vs enemies with empty [SB]Stagger Bar	
Effect_BurnAmountToNonBurning	Effect	Firestarter	
Effect_BurnAmountToNonBurning_Description	Effect	+{0}% [Burn]Burn applied vs NOT-[Burn]Burning	
Effect_ArmorAgainstBosses	Effect	Challenge Seeker	
Effect_ArmorAgainstBosses_Description	Effect	Gain extra {0}[Armor]Armor against Bosses	
Effect_BurnEmpowersStagger	Effect	Blinding Flames	
Effect_BurnEmpowersStagger_Description	Effect	[D]Damaging inflicts extra [S]Stagger ([P]{0}%[/P] of [Burn]Burn)	
Effect_BurnEmpowersStagger_DescriptionDetailed	Effect	When [D]Damaging enemies who are [Burn]Burning, inflict extra [S]Stagger equal to [P]{0}%[/P] of [Burn]Burn applied to that enemy	
Effect_BurnExplosionDamage	Effect	Fireworks	
Effect_BurnExplosionDamage_Description	Effect	+[G]{0}%[/G][Burn]Burn Explosion [D]Damage	
Effect_ArmorAgainstNonBosses	Effect	Merciless Enforcer	
Effect_ArmorAgainstNonBosses_Description	Effect	Gain extra {0}[Armor]Armor against non-Bosses	
Effect_HealFromStackingEffects	Effect	Delightful Afflictions	
Effect_HealFromStackingEffects_Description	Effect	Heal for [R]{0}%[/R] of [D]Damage from [Burn]Burn, [Freeze]Freeze and [Bleed]Bleed	
Effect_HealFromStaggerToNonStaggered	Effect	Break Their Ranks	
Effect_HealFromStaggerToNonStaggered_Description	Effect	Heal for [R]{0}%[/R] of [S]Stagger dealt to NOT-[Staggered]Staggered	
Effect_FreezeAmount	Effect	Chilling to the Bone	Silniejsze Zamrożenie
Effect_FreezeAmount_Description	Effect	+{0}% [Freeze]Freeze applied	Nakładasz {0}% więcej [Freeze]Zamrożenia.
Effect_FreezeDecay	Effect	Permafrost	Wolniejsze Zmniejszanie Zamrożenia
Effect_FreezeDecay_Description	Effect	{0}% slower [Freeze]Freeze decay	[Freeze]Zamrożenie którą nakładasz zmniejsza się o {0}% mniej co sekundę.
Effect_RangedDamageLowersTenacity	Effect	Stunning Shots	
Effect_RangedDamageLowersTenacity_Description	Effect	[RD]Ranged Damage reduces [T]Tenacity by {0} for 10 seconds (refreshes without stacking)	
Effect_MagicDamageLowersTenacity	Effect	Mind Fog	
Effect_MagicDamageLowersTenacity_Description	Effect	[MD]Magic Damage reduces [T]Tenacity by {0} for 10 seconds (refreshes without stacking)	
Effect_StaggeringLowersTenacity	Effect	Difficult Recovery	
Effect_StaggeringLowersTenacity_Description	Effect	[Staggered]Staggering reduces [T]Tenacity by {0} for 30 seconds (refreshes without stacking)	
Effect_MovementSpeedWhileInRangedStance	Effect	Perfect Distancing	
Effect_MovementSpeedWhileInRangedStance_Description	Effect	+{0}[SPEED]Movement Speed in [Ranged]Ranged stance	
Effect_StaggeringEnemyGivesAmmo	Effect	Ammo Scavenger	
Effect_StaggeringEnemyGivesAmmo_Description	Effect	[Staggered]Staggering gives {0}[Ammo]Ammo	
Effect_ControlWhileNoAmmo	Effect	Desperate Control	
Effect_ControlWhileNoAmmo_Description	Effect	+{0}[C]Control while at 0[Ammo]Ammo	
Effect_ControlWhileLowHealth	Effect	On the Brink	
Effect_ControlWhileLowHealth_Description	Effect	+{0}[C]Control while below [R]25%[/R][H]Health	
Effect_DamageToCrowdControlled	Effect	Easy Target	
Effect_DamageToCrowdControlled_Description	Effect	+{0}%[D]Damage vs [CrowdControl]Crowd-Controlled	
Effect_FinalAmmoDealsMoreDamage	Effect	Final Bullet	
Effect_FinalAmmoDealsMoreDamage_Description	Effect	+[G]{0}%[/G][BA]Basic Attack [RD]Ranged Damage while at 1[Ammo]Ammo	
Effect_DamageToFrozen	Effect	Shatterer	
Effect_DamageToFrozen_Description	Effect	+{0}%[D]Damage vs [Frozen]Frozen	
Effect_DealMoreStaggerBasedOnEnemyArmor	Effect	The Bigger They Are	
Effect_DealMoreStaggerBasedOnEnemyArmor_Description	Effect	+{0}%[S]Stagger per 1[A]Armor on enemy	
Effect_HealFromApplyingCrowdControl	Effect	Nightmare Eater	
Effect_HealFromApplyingCrowdControl_Description	Effect	Heal [R]{0}%[/R] max [H]Health for each second of [CrowdControl]Crowd-Control you apply	
Effect_HealFromDamageToStaggered	Effect	Know Your Place	
Effect_HealFromDamageToStaggered_Description	Effect	Heal for [R]{0}%[/R] of [D]Damage to [Staggered]Staggered	
Effect_FlatHealth	Effect	Potent Body	
Effect_FlatHealth_Description	Effect	+{0}[H]Base Health (affects all % increases)	
Effect_FlatStaggerBar	Effect	Breathing Technique	
Effect_FlatStaggerBar_Description	Effect	+{0}[SB]Base Stagger Bar (affects all % increases)	
Effect_BarrierArmor	Effect	Hardened Skin	Redukcja Obrażeń z Barierą
Effect_BarrierArmor_Description	Effect	Gain up to {0}[A]Armor (at {1}[Barrier]Barrier)	
Effect_FlatHealth+FlatStaggerBar	Effect	Equilibrium	
Effect_ConvertStaggerBarToHealth	Effect	Diamond Stance	
Effect_ConvertStaggerBarToHealth_Description	Effect	+{0}%[H]Health ([P]{1}%[/P] of your [SB]Stagger Bar)	
Effect_ConvertHealthToStaggerBar	Effect	Adamant Stance	
Effect_ConvertHealthToStaggerBar_Description	Effect	+{0}%[SB]Stagger Bar ([R]{1}%[/R] of your [H]Health)	
Effect_ConvertArmorToTenacity	Effect	Unshakeable	
Effect_ConvertArmorToTenacity_Description	Effect	+{0}[T]Tenacity ({1}% of your [A]Armor)	
Effect_ConvertTenacityToArmor	Effect	Unyielding	
Effect_ConvertTenacityToArmor_Description	Effect	+{0}[A]Armor ({1}% of your [T]Tenacity)	
Effect_BarrierAmount	Effect	Sturdier Than Steel	Silniejsza Bariera
Effect_BarrierAmount_Description	Effect	+{0}% [Barrier]Barrier gained	Otrzymujesz {0}% więcej [Barrier]Bariery.
Effect_BarrierDecay	Effect	Non Corroding Metal	Wolniejsze Zmniejszanie Bariery
Effect_BarrierDecay_Description	Effect	{0}% slower [Barrier]Barrier decay	[Barrier]Bariera którą zyskujesz zmniejsza się o {0}% mniej co sekundę.
Effect_FlatHealth+Health	Effect	Perfect Health	
Effect_FlatStaggerBar+StaggerBar	Effect	Perfect Posture	
Effect_MoreTenacityWhileBarrier	Effect	Head Protection	
Effect_MoreTenacityWhileBarrier_Description	Effect	+{0}[T]Tenacity while [Barrier]Barriered	
Effect_MoreArmorWhileCCed	Effect	Never Surrender	
Effect_MoreArmorWhileCCed_Description	Effect	+{0}%[D]Damage while [CrowdControl]Crowd-Controlled	
Effect_ConvertHealthToInjury	Effect	Overflowing Vitality	
Effect_ConvertHealthToInjury_Description	Effect	+{0}%[I]Injury ([R]{1}%[/R] of your [H]Health)	
Effect_EnergyGainFromHealthLost	Effect	Red Fuel	
Effect_EnergyGainFromHealthLost_Description	Effect	+[B]{0}%[/B][E]Energy gained from [H]Health lost	
Effect_EnergyGainFromHealthLost_DescriptionDetailed	Effect	+[B]{0}%[/B][E]Energy gained from [H]Health lost (+{1}[E] for each [R]10%[/R] of max [H]Health lost)	
Effect_HealthRegenWhileBarrier	Effect	Shielded Respite	
Effect_HealthRegenWhileBarrier_Description	Effect	+{0}[H]Health regen while [Barrier]Barriered	
Effect_ArmorWhileLowHealth	Effect	Hard To Kill	
Effect_ArmorWhileLowHealth_Description	Effect	+{0}[A]Armor while below [R]50%[/R] max [H]Health	
Effect_ConvertStaggerBarToStagger	Effect	Body of Steel	
Effect_ConvertStaggerBarToStagger_Description	Effect	+{0}%[S]Stagger ([P]{1}%[/P] of your [SB]Stagger Bar)	
Effect_EnergyGainFromBlocking	Effect	Weather the Storm	
Effect_EnergyGainFromBlocking_Description	Effect	+[B]{0}%[/B][E]Energy gained from Blocking	
Effect_EnergyGainFromBlocking_DescriptionDetailed	Effect	+[B]{0}%[/B][E]Energy gained from Blocking (+{1}[E] for each [P]10%[/P] of max [SB]Stagger Bar lost)	
Effect_StaggerBarRegenWhileBarrier	Effect	Shielded Poise	
Effect_StaggerBarRegenWhileBarrier_Description	Effect	+{0}[SB]Stagger Bar regen while [Barrier]Barriered	
Effect_ArmorWhileHighStaggerBar	Effect	On the Edge	
Effect_ArmorWhileHighStaggerBar_Description	Effect	+{0}[A]Armor while above [P]50%[/P] max [SB]Stagger Bar	
Effect_HealMissingHealth	Effect	Monstrous Regeneration	
Effect_HealMissingHealth_Description	Effect	Heal [R]{0}%[/R] of your missing [H]Health each second	
Effect_HealFromStaggerTaken	Effect	Force Absorption	
Effect_HealFromStaggerTaken_Description	Effect	Heal for [R]{0}%[/R] of [S]Stagger you take while NOT-[Staggered]Staggered	
Effect_HealFromStaggerTaken_DescriptionDetailed	Effect	Heal for [R]{0}%[/R] of [S]Stagger you take while NOT-[Staggered]Staggered ([A]Armor does not decrease this healing)	
Effect_HeavyInjury+LightInjury	Effect	Flame and Thunder	
Effect_HeavyInjury+RangedInjury	Effect	Flame and Ice	
Effect_LightInjury+RangedInjury	Effect	Thunder and Ice	
Effect_SalutisTechniqueCooldownReduction	Effect	Assassination Specialization	
Effect_SalutisTechniqueCooldownReduction_Description	Effect	+{0}[CDR]Cooldown Reduction for [Salutis]Salutis [Technique]Techniques	
Effect_TechniqueCooldownReduction	Effect	Swift and Precise	
Effect_TechniqueCooldownReduction_Description	Effect	+{0}[CDR]Cooldown Reduction for [Technique]Techniques	
Effect_ToolCooldownReduction	Effect	Tools of the Trade	
Effect_ToolCooldownReduction_Description	Effect	+{0}[CDR]Cooldown Reduction for [Tool]Tools	
Effect_EffectCooldownReduction	Effect	Enhanced Gear	
Effect_EffectCooldownReduction_Description	Effect	+{0}[CDR]Cooldown Reduction for [Effect]Effects	
Effect_EffectCooldownReduction_DescriptionDetailed	Effect	+{0}[CDR]Cooldown Reduction for [Effect]Effects (special properties of some Equipment or Stances)	
Effect_InjuryToBleeding	Effect	Aggravating Wounds	
Effect_InjuryToBleeding_Description	Effect	+{0}%[I]Injury vs [Bleed]Bleeding	
Effect_BleedAmount	Effect	Anatomy Expert	Silniejsze Krwawienie
Effect_BleedAmount_Description	Effect	+{0}% [Bleed]Bleed applied	Nakładasz {0}% więcej [Bleed]Nacięcia.
Effect_BleedDecay	Effect	Serrated Blades	Wolniejsze Zmniejszanie Nacięcia
Effect_BleedDecay_Description	Effect	{0}% slower [Bleed]Bleed decay	[Bleed]Nacięcie którą nakładasz zmniejsza się o {0}% mniej co sekundę.
Effect_BackstabInjury	Effect	Weak Spot	
Effect_BackstabInjury_Description	Effect	+[R]{0}%[/R][Backstab]Backstab [I]Injury	
Effect_TechniqueInjury	Effect	Perfect Exectution	
Effect_TechniqueInjury_Description	Effect	+{0}%[TI]Technique Injury	
Effect_BackstabsReduceCooldowns	Effect	Press the Advantage	
Effect_BackstabsReduceCooldowns_Description	Effect	[Backstab]Backstabs reduce remaining [CD]Cooldows by [GREY]{0}[/GREY]%	
Effect_BackstabsGiveEnergy	Effect	Mission Accomplished	
Effect_BackstabsGiveEnergy_Description	Effect	[Backstab]Backstabs give {0}[E]Energy (affected by [EG]Energy Gain)	
Effect_BackstabsDealMoreDamageBasedOnBleed	Effect	Take Advantage	
Effect_BackstabsDealMoreDamageBasedOnBleed_Description	Effect	[Backstab]Backstab inflict extra [I]Injury ({0}% of [Bleed]Bleed)	
Effect_BackstabsDealMoreDamageBasedOnBleed_DescriptionDetailed	Effect	When [Backstab]Backstabbing enemies who are [Bleed]Bleeding, inflict extra [I]Injury equal to [R]{0}%[/R] of [Bleed]Bleed applied to that enemy	
Effect_BasicAttackInjury	Effect	Simple Yet Effective	
Effect_BasicAttackInjury_Description	Effect	+[R]{0}%[/R][BA]Basic Attack [I]Injury	
Effect_InjuryArmorPenetration	Effect	Gap in the Armor	
Effect_InjuryArmorPenetration_Description	Effect	[I]Injury ignores {0}%[A]Armor	
Effect_BackstabsScaleWithOnslaughtSharpAndAnalysis	Effect	Spot Weakness	
Effect_BackstabsScaleWithOnslaughtSharpAndAnalysis_Description	Effect	+[G]{0}%[/G][Backstab]Backstab [D]Damage based on [Onslaught]Onslaught\n\n+[G]{1}%[/G][Backstab]Backstab [D]Damage based on [Sharp]Sharp\n\n+[G]{2}%[/G][Backstab]Backstab [D]Damage based on [Analysis]Analysis	
Effect_BackstabsScaleWithOnslaughtSharpAndAnalysis_DescriptionDetailed	Effect	When you perform a [Backstab]Backstab, your current [Onslaught]Onslaught, [Sharp]Sharp and [Analysis]Analysis increase the [D]Damage at {0}%, {1}%, and {2}% effectivness respectively	
Effect_BackstabsApplyBleed	Effect	Critical Strike	
Effect_BackstabsApplyBleed_Description	Effect	[Backstab]Backstabbing applies [Bleed]Bleed ([G]{0}%[/G] of [I]Injury dealt)	
Effect_HealFromBackstabs	Effect	Leaking Vitality	
Effect_HealFromBackstabs_Description	Effect	Heal for [R]{0}%[/R] of [Backstab]Backstab [D]Damage	
Effect_HealFromTakedowns	Effect	Reaper of the Battlefield	
Effect_HealFromTakedowns_Description	Effect	Heal for [R]{0}%[/R] of your max [H]Health upon defeating an enemy	
Effect_AttackSpeed+MovementSpeed	Effect	Nimble Movements	
Effect_SuperchargeAmount	Effect	Ultracharged	Silniejsza Naładowanie
Effect_SuperchargeAmount_Description	Effect	+{0}% [Supercharge]Supercharge gained	Otrzymujesz {0}% więcej [Supercharge]Naładowania.
Effect_SuperchargeDecay	Effect	Superconductivity	Wolniejsze Zmniejszanie Naładowania
Effect_SuperchargeDecay_Description	Effect	{0}% slower [Supercharge]Supercharge decay	[Supercharge]Naładowanie którą zyskujesz zmniejsza się o {0}% mniej co sekundę.
Effect_SuperchargeMovementSpeed	Effect	Energized Steps	
Effect_SuperchargeMovementSpeed_Description	Effect	+[SPEED]Movement Speed ({0}% of [Supercharge]Supercharge)	
Effect_SuperchargeArmor	Effect	Repelling Static	Redukcja Obrażeń z Naładowaniem
Effect_SuperchargeArmor_Description	Effect	+{0}[A]/+{1}[A]/+{2}[A]Armor at [Supercharge]Supercharge level 1/2/3	
Effect_DealExtraInjuryBasedOnMovementSpeed	Effect	Lethal Speed	
Effect_DealExtraInjuryBasedOnMovementSpeed_Description	Effect	+[I]Injury ({0}% of bonus [MS]Movement Speed)	
Effect_SuperchargeInjuryDealt	Effect	Painful Discharge	
Effect_SuperchargeInjuryDealt_Description	Effect	+[R]{0}%[/R][Supercharge]Supercharge [I]Injury	
Effect_SpendingSuperchargeGeneratesBarrier	Effect	Electric Barrier	
Effect_SpendingSuperchargeGeneratesBarrier_Description	Effect	+[Barrier]Barrier ({0}% of [Supercharge]Supercharge stacks spent)	
Effect_LightAttackSpeed+MovementSpeed	Effect	Ambidextrous	
Effect_SuperchargeInjuryFromBasicAttacks	Effect	Frenzied Lightning	
Effect_SuperchargeInjuryFromBasicAttacks_Description	Effect	+[R]{0}%[/R][BA]Basic Attack [Supercharge]Supercharge [I]Injury	
Effect_ExtraArmorBasedOnMovementSpeed	Effect	Blurred Silhouette	
Effect_ExtraArmorBasedOnMovementSpeed_Description	Effect	+[A]Armor ({0}% of bonus [SPEED]Movement Speed)	
Effect_HealFromDistanceTravelled	Effect	Rejuvenating Footwork	
Effect_HealFromDistanceTravelled_Description	Effect	Heal for [R]{0}%[/R] of max [H]Health for each 1m travelled	
Effect_HealMoreFromHealthPotions	Effect	Special Recipe	
Effect_HealMoreFromHealthPotions_Description	Effect	+[R]{0}%[/R] max [H]Health restored over 2 sec upon using [H]Health Potion	
Effect_EnergyGainFromBasicAttacks	Effect	Flow of Battle	Energia z Podstawowych Ataków
Effect_EnergyGainFromBasicAttacks_Description	Effect	+[B]{0}%[/B][E]Energy gained from [BA]Basic Attacks	
Effect_EnergyGainFromBasicAttacks_DescriptionDetailed	Effect	+[B]{0}%[/B][E]Energy gained from [BA]Basic Attacks (+{1}[E] for each attack)	
Effect_EnergyGainFromRipostesAndCounters	Effect	Redirected Flow	Energia z Kontr
Effect_EnergyGainFromRipostesAndCounters_Description	Effect	+[B]{0}%[/B][E]Energy gained from [Riposte]Ripostes and [Counter]Counters	
Effect_EnergyGainFromRipostesAndCounters_DescriptionDetailed	Effect	+[B]{0}%[/B][E]Energy gained from [Riposte]Ripostes and [Counter]Counters (+{1}[E]/+{2}[E] respectively)	
Effect_EnergyGainFromDodges	Effect	Like Water	Energia z Unikania
Effect_EnergyGainFromDodges_Description	Effect	+[B]{0}%[/B][E]Energy gained from [Dodge]Dodging	
Effect_EnergyGainFromDodges_DescriptionDetailed	Effect	+[B]{0}%[/B][E]Energy gained from [Dodge]Dodging (+{1}[E] per dodge)	
Effect_EnergyGainFromStaggering	Effect	Raging Waves	Energia z Zachwiania
Effect_EnergyGainFromStaggering_Description	Effect	+[B]{0}%[/B][E]Energy gained from [Staggered]Staggering	
Effect_EnergyGainFromStaggering_DescriptionDetailed	Effect	+[B]{0}%[/B][E]Energy gained from [Staggered]Staggering  (+{1}[E] for each [Staggered]Staggered)	
Effect_TechniqueDamage	Effect	Finishing Blow	
Effect_TechniqueDamage_Description	Effect	+{0}%[TD]Technique Damage	
Effect_AnalysisAmount	Effect	Keen Insight	Silniejsza Analiza
Effect_AnalysisAmount_Description	Effect	+{0}% [Analysis]Analysis gained	Otrzymujesz {0}% więcej [Analysis]Analizy.
Effect_AnalysisDecay	Effect	Perfect Memory	Wolniejsze Zmniejszanie Analizy
Effect_AnalysisDecay_Description	Effect	{0}% slower [Analysis]Analysis decay	[Analysis]Analiza którą zyskujesz zmniejsza się o {0}% mniej co sekundę.
Effect_AnalysisBoostsAllDamage	Effect	Universal Application	
Effect_AnalysisBoostsAllDamage_Description	Effect	+%[D]Damage of NOT-[Technique]Techniques ({0}% of [Analysis]Analysis)	
Effect_UltimateTechniqueDamage	Effect	Secret Technique	
Effect_UltimateTechniqueDamage_Description	Effect	+{0}%[TD]Ultimate Technique Damage	
Effect_PropriusTechniqueCooldownReduction	Effect	Learned By Heart	
Effect_PropriusTechniqueCooldownReduction_Description	Effect	+{0}[CDR]Cooldown Reduction for [Proprius]Proprius [Technique]Techniques	
Effect_AnalysisEnergyGain	Effect	Planned Obliteration	Redukcja Obrażeń z Analizą
Effect_AnalysisEnergyGain_Description	Effect	+[EG]Energy Gain ({0}% of [Analysis]Analysis)	
Effect_AnalysisArmor	Effect	Adaptive Defenses	Redukcja Obrażeń z Analizą
Effect_AnalysisArmor_Description	Effect	+{0}[A]/+{1}[A]/+{2}[A]Armor at [Analysis]Analysis level 1/2/3	
Effect_PropriusUltimateTechniqueDamage	Effect	Ultimate Inheritance	
Effect_PropriusUltimateTechniqueDamage_Description	Effect	+[G]{0}%[/G][Proprius]Proprius [TD]Ultimate Technique Damage	
Effect_TechniqueDamageGivesAnalysis	Effect	Learn Through Conflict	
Effect_TechniqueDamageGivesAnalysis_Description	Effect	+{0}[Analysis]Analysis each time [TD]Technique Damage is dealt	
Effect_ConvertEnergyGainIntoHealthAndStaggerBar	Effect	Overflowing Energy Core	
Effect_ConvertEnergyGainIntoHealthAndStaggerBar_Description	Effect	+[H]Health ([R]{0}%[/R] of [EG]Energy Gain)\n\n+[SB]Stagger Bar ([P]{0}%[/P] of [EG]Energy Gain)	
Effect_HealFromTechniqueDamage	Effect	Core Reaper	
Effect_HealFromTechniqueDamage_Description	Effect	Heal for [R]{0}%[/R] of [TD]Technique Damage	
Effect_HealFromEnergyUsed	Effect	Energized Bloodflow	
Effect_HealFromEnergyUsed_Description	Effect	Heal [R]{0}%[/R] of max [H]Health for each {1}[E]Energy spent on [Technique]Techniques	
Effect_GainSharpOnRiposteCounterOrDodge_Description	Effect	+{0}[Sharp]Sharp upon [Riposte]Riposting\n\n+{1}[Sharp]Sharp upon [Counter]Countering\n\n+{2}[Sharp]Sharp upon [Dodge]Dodging	
Effect_SharpArmorWithoutLimit_Description	Effect	+[A]Armor ({0}% of your current [Sharp]Sharp)	
Effect_GainSharpOnBasicAttacksAndOnslaughtOnRipostesAndCounters_Description	Effect	+{0}[Sharp]Sharp upon [BA]Basic Attacking\n\n+{1}[Onslaught]Onslaught upon [Riposte]Riposting or [Counter]Countering	
Effect_RestoreHealthOnRiposteOrCounter_Description	Effect	+{0}[H]Heal upon [Riposte]Riposting\n\n+{1}[H]Heal upon [Counter]Countering	
Effect_ExtraEffectiveButConsumableSharp_Description	Effect	+{1}% [Sharp]Sharp gained, but {0}% faster decay\n\n[Riposte]Ripostes and [Counter]Counters consume all [Sharp]Sharp	
Effect_ReceiveSharpWhileInProximity_Description	Effect	+{1}[Sharp]Sharp/sec while an enemy is within {0}m	
Effect_GainInvincibleOnRiposteOrCounter_Description	Effect	+{0} sec [Invincible]Invincible upon [Riposte]Riposting\n\n+{1} sec [Invincible]Invincible upon [Counter]Countering	
Effect_EmpowerNextAttackAfterRiposteOrCounter_Description	Effect	+{0}%[D]Damage dealt by next attack after [Riposte]Riposting\n\n+{1}%[D]Damage dealt by next attack after [Counter]Countering	
Effect_WeaponTechniquesEmpowerNextBasicAttackAndViceVersa_Description	Effect	+[G]{1}%[/G][BA]Basic Attack [D]Damage for {0} sec after dealing [WD]Weapon [TD]Technique Damage\n\n+[G]{2}%[/G][WD]Weapon [TD]Technique Damage for {0} sec after dealing [BA]Basic Attack [D]Damage	
Effect_WeaponTechniquesEmpowerNextBasicAttackAndViceVersa_DescriptionDetailed	Effect	Dealing damage with [Weapons]Weapon-based [Technique]Techniques causes your next [BA]Basic Attack within next {0} seconds to deal [G]{1}%[/G] more [D]Damage\n\nDealing damage with [BA]Basic Attacks causes your next [Weapons]Weapon-based [TD]Technique Damage within next {0} seconds to deal [G]{2}%[/G] more [D]Damage	
Effect_BlademastersGarb_Description	Effect	Deal [G]+{0}%[/G][BA]Basic Attack [D]Damage with bladed weapon equipped\n\nHave -{1}[A]Armor with bladed weapon equipped\n\nGain {2}[A]Armor with NOT-bladed weapon equipped\n\nDeal [G]{3}%[/G] less [BA]Basic Attack [D]Damage with NOT-bladed weapon equipped	
Effect_BlademastersGarb_DescriptionDetailed	Effect	When you have a bladed weapon equipped (Longblade, Greatsword, Twin Blades, Daggers), your [BA]Basic Attacks deal [G]{0}%[/G] more [D]Damage, but you have -{1}[A]Armor\n\nWhen you have a non-bladed weapon equipped (Polearm, Gauntlets, Gun, Bow, Cannon), you have +{2}[A]Armor, but your [BA]Basic Attacks deal [G]{3}%[/G] less [D]Damage	
Effect_RestoreHealthOnWeaponDamage_Description	Effect	+{0}[H]Heal whenever [WD]Weapon Damage dealt (once per attack)	
Effect_IncreasedWeaponDamageButDecreasedMagicDamage_Description	Effect	+{0}%[WD]Weapon Damage\n\n-{0}%[MD]Magic Damage	
Effect_DealingOrTakingDamageAppliesChainedToYou_Description	Effect	+{0}[Chained]Chained gained upon dealing or taking any [D]Damage	
Effect_ChainedAmount_Description	Effect	+{0}% [Chained]Chained gained and applied	
Effect_GainDamageAndArmorForEachDebuff_Description	Effect	+{0}%[D]Damage and +{1}[A]Armor for each [Debuff]Debuff affecting you (max at {2}[Debuff]Debuffs)	
Effect_ChainedArmor_Description	Effect	up to +{2}[A]Armor based on your [Chained]Chained\n\nup to +{5}[A]Armor vs enemies based on their [Chained]Chained	
Effect_DodgingAndCounteringAppliesChained_Description	Effect	+{0}[Chained]Chained gained upon [Riposte]Riposting, [Counter]Countering or [Dodge]Dodging	
Effect_RestoreStaggerFromDebuffs_Description	Effect	+{0}[SB]Stagger Bar restored upon receiving a [Debuff]Debuff ({1}[CD])	
Effect_HealFromBeingDamagedByStackingEffects_Description	Effect	Heal for {0}% of [D]Damage taken from [Debuff]Debuffs	
Effect_HealFromBeingDamagedByStackingEffects_DescriptionDetailed	Effect	Heal for {0}% of [D]Damage taken from [Burn]Burn, [Freeze]Freeze and [Bleed]Bleed (before [A]Armor mitigation)	
Effect_ApplySelfChainedToEnemies_Description	Effect	[HeavyDamage]Heavy Damage applies {0}% of your [Chained]Chained to enemies	
Effect_ApplySelfChainedToEnemies_DescriptionDetailed	Effect	[HeavyDamage]Heavy Damage applies {0}% of your current [Chained]Chained to enemies hit (enemies do not benefit from [Chained]Chained [D]Damage increase)	
Effect_GainChainedOnHeavyDamage_Description	Effect	+{0}[Chained]Chained gained upon dealing [HD]Heavy Damage	
Effect_ConvertCurrentHealthIntoChained_Description	Effect	Lose {0}% current [H]Health/sec. Gain {1}[Chained]Chained for each 100[H]Health lost	
Effect_BasicAttacksRestoreHealth_Description	Effect	+{0}[H]Heal upon [BA]Basic Attacking	[BA]Podstawowe Ataki odnawiają {0}[H]Życia.
Effect_ConvertChainedIntoHealth_Description	Effect	[LightDamage]Light Damage consumes {0}% of your [Chained]Chained. Restore {1}[H]Health per [Chained]Chained lost	
Effect_ConvertedChainedGeneratesBarrier_Description	Effect	[Chained]Chained consumed with the weapon's first effect also gives {0}[Barrier]Barrier for every 10[Chained]Chained lost	
Effect_GainBurnOnBasicAttackAndIncreaseDamageBasedOnBurn_Description	Effect	Apply {0}[Burn]Burn to yourself when [BA]Basic Attacking\n\n+{0}%[RD]Ranged Damage for every 10[Burn]Burn currently applied to you	
Effect_CleanseBurnOnWeaponSwitch_Description	Effect	Switching stances removes up to {0}[Burn]Burn from yourself ({1}[CD])	
Effect_AncientGloves_Description	Effect	+{0}[EG]Energy Gain with 'Ancient Greaves' equipped	Kiedy nosisz Buty 'Antyczne Buty', posiadasz +{0}[EG].
Effect_AncientHelmet_Description	Effect	+{0}[CDR]Cooldown Reduction with 'Ancient Gauntlets' equipped	Kiedy nosisz Rękawice 'Antyczne Rękawice', posiadasz +{0}[CDR].
Effect_AncientArmor_Description	Effect	+{0}%[D]Damage with 'Ancient Crown' equipped	Kiedy nosisz Hełm 'Antyczna Korona', posiadasz +{0}%[I] i +{0}%[S].
Effect_AncientBoots_Description	Effect	+{0}%[AS]Attack Speed with 'Ancient Breastplate' equipped	Kiedy nosisz Zbroję 'Antyczny Napierśnik', posiadasz +{0}%[AS].
Effect_AncientFirearmsDamage_Description	Effect	+{0}%[D]Damage for each 'Ancient' item equipped	
Effect_AncientFirearmsArmor_Description	Effect	+{0}[A]Armor for each 'Ancient' item equipped	
Effect_GainAttackSpeedAsHealthLowers_Description	Effect	Gain up to {0}[AS]Attack Speed based on your missing [H]Health	
Effect_TakingDamageGivesBarrierBasedOnMissingHealth_Description	Effect	Gain up to {0}[Barrier]Barrier based on your missing [H]Health when taking any [D]Damage	
Effect_LoseHealthWhileAboveHalfAndRegenWhileBelow_Description	Effect	Restore {1}% missing [H]Health/sec while below 50%[H]\n\nLose {0}% current [H]Health/sec while above 50%[H]	
Effect_GainArmorBasedOnMissingHealth_Description	Effect	Gain up to {0}[A]Armor based on your missing [H]Health	
Effect_HeavyDamageAppliesBurn_Description	Effect	+{0}[Burn]Burn upon dealing [HD]Heavy Damage ({1}[CD])	
Effect_BurnAmountWhileBelowNHealth_Description	Effect	+{0}% [Burn]Burn applied while below {1}%[H]Health	Nakładasz {0} więcej [Burn]Podpalenia gdy masz poniżej {1}% [H]Życia.
Effect_BlazingShadowWatchesYourBack_Description	Effect	+{0}[A]Armor vs [Backstab]Backstabs\n\nUpon getting [Backstab]Backstabbed, inflict {1}[Burn]Burn ({2}[CD])	Uderzenia w plecy dokonane na tobie zadają {0} mniej [D]Obrażeń i wywołują eksplozję.
Effect_BlazingShadowWatchesYourBack_DescriptionDetailed	Effect	+{0}[A]Armor vs [Backstab]Backstabs ([D]Damage dealt by enemies who are behind you)\n\nUpon getting [Backstab]Backstabbed, inflict {1}[Burn]Burn ({2}[CD])	Wrogie ataki w zwarciu które uderzają cię w plecy zadają {0} mniej [D]Obrażeń i tworzą eksplozję nakładającą {1}[Burn]Podpalenia.
Effect_BasicAttacksRestoreHealBasedOnMissingHealth_Description	Effect	+{0}[H]Heal upon [BA]Basic Attac (based on your missing [H]Health)	
Effect_BasicAttacksDealMoreDamageBasedOnMissingHealth_Description	Effect	+[G]{0}%[/G][BA]Basic Attack [D]Damage (based on your missing [H]Health)	
Effect_GainDamageBasedOnMissingHealth_Description	Effect	Deal up to [G]{0}%[/G] more [D]Damage based on your missing [H]Health	
Effect_GainTenacityAfterBeingHit_Description	Effect	Gain {0}[T]Tenacity when [D]Damaged in last {1} sec	
Effect_GainArmorAfterBeingHit_Description	Effect	Gain {0}[A]Armor when [D]Damaged in last {1} sec	
Effect_BlockXAmountOfDamageOnceEveryNSeconds_Description	Effect	Reduce enemy [D]Damage by [G]{0}[/G] every {1} sec	
Effect_BurnAmountOnPlayer_Description	Effect	Reduce [Burn]Burn taken by {0}%	
Effect_FreezeAmountOnPlayer_Description	Effect	Reduce [Freeze]Freeze taken by {0}%	
Effect_PlundererEmpower_Description	Effect	After enemy use their special attack, your next [Technique]Technique from that family deals [G]{0}%[/G] more [TD]Damage ({1}[CD])	
Effect_PlundererArmor_Description	Effect	After using a Technique empowered by first effect, gain {0}[A]Armor for {1} sec	
Effect_WhenEnemyExitsCrowdControlApplyExtraFrozen_Description	Effect	Apply {0} sec [Frozen]Frozen to enemies when crowd-control on them expires ({1}[CD])	
Effect_GainEnergyWhenApplyingFrozen_Description	Effect	Gain {0}[E]Energy when you apply [Frozen]Frozen	
Effect_PushAwayAndFreezeUponFallingBelowHalfHealth_Description	Effect	Upon falling below 50%[H]Health, push away enemies in {0}m radius and apply {1}[Freeze]Freeze to them	
Effect_ArmorWhileAbove50PHealth_Description	Effect	Gain {0}[A]Armor while above 50%[H]Health	
Effect_DamagingAnEnemyFreezesThem_Description	Effect	Dealing [D]Damage to an enemy also applies {0}[Freeze]Freeze ({1}[CD])	
Effect_IgnorePortionOfEnemyTenacity_Description	Effect	You ignore up to {0}%[T]Tenacity when applying [Stun]Crowd-Control to enemies	
Effect_BasicAttacksDecreaseEnemyTenacity_Description	Effect	Basic Attacks reduce enemy [T]Tenacity by {0} for {1} sec	
Effect_DamageToSleeping_Description	Effect	Deal [G]{0}%[/G] more [D]Damage to [Sleep]Sleeping enemies	
Effect_RangedTechniqueDamage_Description	Effect	Deal [G]{0}%[/G] more [D]Damage using [Ranged]Ranged Weapon Techniques	
Effect_ApplySleepWithBasicAttacks_Description	Effect	Basic Attacks apply [Sleep]Sleep ({0} sec)	
Effect_ApplyStunWithBasicAttacks_Description	Effect	Basic Attacks apply [Stun]Stun ({0} sec)	
Effect_DamageToStunned_Description	Effect	Deal [G]{0}%[/G] more [D]Damage to [Stun]Stunned enemies	
Effect_DealExtraDamageToEnemiesFarAway_Description	Effect	Basic Attacks deal [G]{1}%[/G] more [D]Damage to enemies who are at least {0}m away	
Effect_WhileInRangedStanceDecreaseArmorButIncreaseDamage_Description	Effect	Deal [G]{0}%[/G] more [D]Damage but lose {1}[A]Armor while you have [Ranged]Ranged Weapon equipped	
Effect_ArmorPenetration_Description	Effect	[D]Damage ignores {0}%[A]Armor	
Effect_RestoreXAmmoEachTimeYouDealDamage_Description	Effect	Restore {0}[Ammo]Ammo whenever you deal [D]Damage ({1}[CD])	
Effect_GainMovementSpeedWhenThereIsAnEnemyNearYou_Description	Effect	Gain {0}[MS]Movement Speed while there is an enemy within {1}m around you	
Effect_RefundAmmoAgainstUndamagedEnemies_Description	Effect	[RD]Ranged Damage deals extra {0}[D] against undamaged enemies	
Effect_DealExtraDamageToUndamagedEnemies_Description	Effect	[RD]Ranged Damage restores {0}[Ammo]Ammo against undamaged enemies	
Effect_DealIncreasedDamageBasedOnFlightTime_Description	Effect	Your projectiles deal more [D]Damage based on flight distance (up to +{0}%[D] at {1}m)\n\nIncrease projectile max distance by {2}%	
Effect_ArmorPenetrationBasedOnFlightTime_Description	Effect	Your projectiles ignore [A]Armor based on flight distance (up to {0}%[A] at {1}m)	
Effect_FinalAmmoDealsIncreasedDamageButHasCooldown_Description	Effect	Deal [G]{0}%[/G] more [D]Damage with your last [Ammo]Ammo ({1}[CD])	
Effect_RestoreAmmoWhileBelow1Ammo_Description	Effect	While below 1[Ammo]Ammo, you gain {0}[Ammo]/sec	
Effect_DealMoreDamageAndKnockbackToCloserEnemies_Description	Effect	Deal [G]{0}%[/G] more [D]Damage and apply {1}m knock-back when Basic Attacking enemies closer than {2}m	
Effect_RefundAmmoIfEnemyHitByBasicAttackWasClose_Description	Effect	Restore {0}[Ammo]Ammo whenever you Basic Attack an enemy within {1}m range	
Effect_ConvertInjuryToStaggerAgainstNonStaggered_Description	Effect	Convert [R]{0}%[/R][I]Injury into [S]Stagger against [Staggered]NOT-Staggered enemies	
Effect_InjuryToNonStaggered_Description	Effect	Deal [R]{0}%[/R] more [I]Injury against [Staggered]NOT-Staggered enemies	
Effect_DealingDamageProlongsStaggered_Description	Effect	Dealing [D]Damage prolongs [Staggered]Staggered duration by {0} sec (up to {1} sec total duration)	
Effect_StaggeringAnEnemyHealsOnceEveryNSeconds_Description	Effect	Restore {0}[H]Health when you [Staggered]Stagger an enemy	
Effect_EnemiesRegainStaggerBarXPercentSlower_Description	Effect	Enemy [SB]Stagger Bars regenerate {0}% slower	
Effect_DamageToAboveHalfStaggerBar_Description	Effect	Deal {0}% more [D]Damage to enemies with more than [P]50%[/P] total [SB]Stagger Bar filled	
Effect_DealExtraHeavyStaggerWithCooldown_Description	Effect	Deal extra {0}[HS]Stagger on [Heavy]Heavy Weapon hit ({1}[CD])	
Effect_RefundCooldownOnHittingStaggered_Description	Effect	Refund {0}% of all [CD]Cooldowns on [Heavy]Heavy Weapon hit against a [Staggered]Staggered enemy ({1}[CD])	
Effect_ApplyLethargySlowAndProneOnExitingStaggered_Description	Effect	Apply {0}[Lethargy]Lethargy, {1}[Slow]Slow and {2}[Prone]Prone when enemies stop being [Staggered]Staggered	
Effect_StaggerToNonStaggered_Description	Effect	Deal [P]{0}%[/P] more [S]Stagger to [Staggered]NOT-Staggered enemies	
Effect_DealExtraRangedStaggerWithCooldown_Description	Effect	Deal extra {0}[RS]Stagger with [RD]Ranged Weapon Damage ({1}[CD])	
Effect_RangedDamageStaggersEnemiesWithCooldown_Description	Effect	Inflict [Staggered]Staggered with [RD]Ranged Weapon Damage and apply {0}[Prone]Prone ({1}[CD])	
Effect_OnSwitchingToWeaponSpawnAMarkerThatDealsMassiveStaggerAndStunOnHit_Description	Effect	Upon switching to [Ranged]Ranged Weapon, spawn a mark on current target. Hitting the mark deals extra {0}[RS]Stagger and [Stun]Stuns for {1} sec ({2}[CD])	
Effect_RegeneratePortionOfInjuryTakenAsHealthOver30Seconds_Description	Effect	You restore [R]{0}%[/R] of [I]Injury taken as [H]Health over next 30 sec	
Effect_ReflectInjuryTakenBackAtAttacker_Description	Effect	You reflect [R]{0}%[/R] of [I]Injury taken back at attacker	
Effect_ArmorIsPartiallyEffectiveWhileStaggered_Description	Effect	While [Staggered]Staggered, you still retain {0}% of your [A]Armor	
Effect_ConvertXPercentOfStaggerDealtToYouIntoInjury_Description	Effect	You convert [P]50%[/P] of [S]Stagger taken into [I]Injury, and reduce it by [R]{0}%[/R]	
Effect_AfterGettingHitIncreaseDamageOfNextAttack_Description	Effect	After getting hit, your next attack deals [G]{0}%[/G] more [D]Damage	
Effect_ResistDeathAndGainDamageAgainstAttacker_Description	Effect	Upon dying, instead restore {0}[H]Health and gain {1}% increased [D]Damage against the killer ({2}[CD])	
Effect_ArmorWhileBlocking_Description	Effect	While blocking, you have extra {0}[A]Armor	
Effect_ProtectFromFlinchingOnce_Description	Effect	You don't flinch when taking sizable [S]Stagger ({0}[CD])	
Effect_ReflectPortionOfBlockedDamageBackAtAttacker_Description	Effect	You reflect [G]{0}%[/G] of [D]Damage blocked back at attacker	
Effect_CancelPlayerStaggeredPerCooldown_Description	Effect	Upon being [Staggered]Staggered, instead restore {0}[SB]Stagger Bar ({1}[CD])	
Effect_ConvertXPercentOfInjuryDealtToYouIntoStagger_Description	Effect	You convert [R]50%[/R] of [I]Injury taken into [S]Stagger, and reduce it by [P]{0}%[/P]	
Effect_HeavyDamageStealsStaggerBarPerCooldown_Description	Effect	[HD]Heavy Damage steals [P]{0}%[/P] of enemy [SB]Stagger Bar ({1}[CD])	
Effect_BasicAttacksRestorePercentageOfStaggerBar_Description	Effect	Basic Attacks restore [P]{0}%[/P] of your [SB]Stagger Bar	
Effect_StrongBasicAttacksGiveBarrier_Description	Effect	Strong Basic Attacks give {0}[Barrier]Barrier	
Effect_DealMoreDamageBasedOnBarrier_Description	Effect	Deal more [D]Damage based on [G]{0}%[/G] of your current [Barrier]Barrier	
Effect_GainBarrierUponFallingBelow25PHealth_Description	Effect	You gain {0}[Barrier]Barrier upon falling below 25%[H]Health ({1}[CD])	
Effect_GainPortionOfDamageTakenAsBarrier_Description	Effect	You gain [G]{0}%[/G] of [D]Damage taken as [Barrier]Barrier	
Effect_BlockingGivesBarrierPerCooldown_Description	Effect	Blocking gives you {0}[Barrier]Barrier ({1}[CD])	
Effect_BlockingGivesInvinciblePerCooldown_Description	Effect	Blocking makes you [Invincible]Invincible for {0} sec ({1}[CD])	
Effect_BasicAttacksGrantBarrier_Description	Effect	Basic Attacks give you {0}[Barrier]Barrier	
Effect_HealthRestorationPower_Description	Effect	All [H]Health restoration effects are [R]{0}%[/R] more effective	
Effect_GainHealthRegenerationThatIsTripledWhenBelowHalfHealth_Description	Effect	You restore {0}[H]Health/sec, and triple that amount while below 50%[H]Health	
Effect_GainInvincibleUponFallingBelow25PHealth_Description	Effect	Upon falling below [R]25%[/R][H]Health, you become [Invincible]Invincible for {0} sec ({1}[CD])	
Effect_HealFromInjury_Description	Effect	Heal for [R]{0}%[/R] of [I]Injury dealt	
Effect_DealMoreDamageWhileAtFullHealth_Description	Effect	While at full [H]Health, you deal [G]{0}%[/G] more [D]Damage	
Effect_GainArmorWhileAtFullHealth_Description	Effect	While at full [H]Health, you gain extra {0}[A]Armor	
Effect_RestoreHealthWhenBasicAttacking_Description	Effect	Your Basic Attacks restore [R]{0}[/R][H]Health	
Effect_BleedRestoresHealthInsteadOfDealingInjury_Description	Effect	Instead of dealing [I]Injury, [Bleed]Bleed on enemies heals you at {0}% effectivness	
Effect_ReducedBackstabCooldown_Description	Effect	[Backstab]Backstab cooldown is reduced by {0} sec	
Effect_BackstabDamage_Description	Effect	[Backstab]Backstabs deal [G]{0}%[/G] more [D]Damage	
Effect_IncreasedBackstabDamageWhileStealthed_Description	Effect	While [Stealth]Stealthed, your [Backstab]Backstabs deal [G]{0}%[/G] more [D]Damage	
Effect_GainStealthUponFallingBelow50PHealth_Description	Effect	Upon falling below 50%[H]Health, gain [Stealth]Stealth for {0} sec ({1}[CD])	
Effect_DamageWhileStealthed_Description	Effect	While [Stealth]Stealthed, you deal [G]{0}%[/G] more [D]Damage	
Effect_StealthDuration_Description	Effect	Your [Stealth]Stealth lasts {0}% longer	
Effect_GainStealthOnceEveryNSeconds_Description	Effect	Gain [Stealth]Stealth for {0} sec upon entering combat, and once every {1} sec after that	
Effect_MovementSpeedDuringStealth_Description	Effect	While [Stealth]Stealthed, you gain {0}[MS]Movement Speed	
Effect_HeavyDamageAppliesMassiveInjuryAndEvenMoreIfBackstab_Description	Effect	[HD]Heavy Damage deals extra {0}[HI]Injury, and another extra {1}[HI]Injury if [Backstab]Backstab ({2}[CD])	
Effect_TakedownsGiveStealthAndEmpowerNextAttack_Description	Effect	Upon Takedown, gain [Stealth]Stealth for {0} sec and your next attack deals [G]{1}%[/G] more [D]Damage	
Effect_BasicAttacksAndTechniquesPerformedWhileInStealthCountAsBackstab_Description	Effect	[BA]Basic Attacks and [Technique]Techniques performed while [Stealth]Stealthed count as [Backstab]Backstabs\n\nBackstabs deal [G]{0}%[/G] more [D]Damage	
Effect_BasicAttacksAndTechniquesDontEndStealthImmediately_Description	Effect	After using [BA]Basic Attacks or [Technique]Techniques, [Stealth]Stealth lasts for another {0} sec instead of ending immediately	
Effect_ConvertStaggerDealtIntoInjury_Description	Effect	Convert [P]{0}%[/P] of [S]Stagger you deal into [I]Injury	
Effect_SalutisTechniqueDamage_Description	Effect	[Salutis]Salutis [Technique]Techniques deal [G]{0}%[/G] more [D]Damage	
Effect_Every5thHitDealsMassivelyIncreasedDamage_Description	Effect	Every 5th attack deals [G]{0}%[/G] more [D]Damage	
Effect_Every5thHitLifesteals_Description	Effect	Every 5th attack restores [G]{0}%[/G] of [D]Damage dealt as your [H]Health	
Effect_DealIncreasedDamageToEnemiesBelow25PHealth_Description	Effect	Deal [G]{0}%[/G] more [D]Damage to enemies below [R]25%[/R][H]Health	
Effect_TakedownsGrantEmpowered_Description	Effect	Gain {0}[Empowered]Empowered upon Takedown	
Effect_ReduceCooldownsOnTakedowns_Description	Effect	Takedowns reduce all [CD]Cooldowns by {0}%	
Effect_FinishOffLowHealthEnemies_Description	Effect	Bringing enemies below {0}[H]Health finishes them off	
Effect_TakedownsRestoreAmmo_Description	Effect	Takedowns restores {0}[Ammo]Ammo	
Effect_OnSwitchingToThisWeaponSpawnMarkerThatDealsInjuryOnHit_Description	Effect	Upon switching to this weapon, spawn a mark on target enemy. Hitting the mark with a [Ranged]Ranged attack deals extra {0}[I]Injury ({1}[CD])	
Effect_UsingToolsIncreasesToolPowerUntilEndOfCombat_Description	Effect	Upon using a [Tool]Tool, gain extra {0}[TP]Tool Power	
Effect_StancePower_Description	Effect	Stance effects are {0}% stronger	
Effect_PassivePowerUpPower_Description	Effect	Passive Power-ups effects are {0}% stronger	
Effect_ItemPower_Description	Effect	Equipment effects are {0}% stronger	
Effect_ToolPower_Description	Effect	Tools are {0}% stronger	
Effect_Gain2ExtraChargesOfHealthPotionAndIncreaseEffectivness_Description	Effect	Gain 2 extra uses of Health Potion.\n\nHealth Potions are {0}% stronger	
Effect_Gain1ExtraUseOfToolsAndIncreaseToolPower_Description	Effect	Gain 1 extra use of all tools.\n\nTools are {0}% stronger	
Effect_DodgingDamageGivesSupercharge_Description	Effect	Successful dodges give {0}[Supercharge]Supercharge	
Effect_DodgingDamageEmpowersNextAttack_Description	Effect	Successful dodges cause next attack to deal [G]{0}%[/G] more [D]Damage	
Effect_ConvertAttackSpeedToDamage_Description	Effect	Deal [G]{0}%[/G] more [D]Damage ({1}% of current [AS]Attack Speed)	
Effect_ConvertMovementSpeedToDamage_Description	Effect	Deal [G]{0}%[/G] more [D]Damage ({1}% of current [MS]Movement Speed)	
Effect_GainSuperchargeBasedOnDistanceTravelled_Description	Effect	Gain {0}[Supercharge]Supercharge for every 1m travelled	
Effect_IncreaseInvincibilityTimeOfDodge_Description	Effect	[Invincibility]Invinciblity gained from dodging lasts {0}% longer	
Effect_DodgingDamageAppliesProne_Description	Effect	Successful dodges apply {0}[Prone]Prone to the enemy	
Effect_GainAccelerationOnLightDamage_Description	Effect	[LD]Light Damage gives you {0}[Alacrity]Alacrity	
Effect_ApplyLethargyOnLightDamage_Description	Effect	[LD]Light Damage applies {0}[Lethargy]Lethargy to the enemy	
Effect_GainAccelerationBasedOnDistanceTravelledInLast5Seconds_Description	Effect	Gain {0}[Alacrity]Alacrity for every 1m travelled in last 5 sec	
Effect_BasicAttacksReduceCooldowns_Description	Effect	[BA]Basic Attacks reduce [CD]Cooldowns by {0}%	
Effect_WhileAtFullEnergyBasicAttacksDealMoreDamage_Description	Effect	While at 100[E]Energy, [BA]Basic Attacks deal [G]{0}%[/G] more [D]Damage	
Effect_BasicAttacksGiveOnslaught_Description	Effect	[BA]Basic Attacks give {0}[Onslaught]Onslaught	
Effect_SharpAndAnalysisAlsoIncreaseBasicAttackDamage_Description	Effect	[Sharp]Sharp and [Analysis]Analysis increase [BA]Basic Attack [D]Damage at {0}% effectivness	
Effect_NonStopBasicAttackingIncreasesDamageDealtAndSpeed_Description	Effect	[BA]Basic Attacks give +{0}%[D]Damage and +{1}%[AS]Attack Speed. Bonuses are removed once you stop [BA]Basic Attacking	
Effect_NonStrongBasicAttacksEmpowerYourNextStrongBasicAttack_Description	Effect	[BA]Basic Attacks cause your next [BA]Strong Basic Attack to deal [G]{0}%[/G] more [D]Damage	
Effect_StrongBasicAttackInjury_Description	Effect	[BA]Strong Basic Attacks deal [R]{0}%[/R] more [I]Injury	
Effect_NonStrongBasicAttacksEmpowerYourStrongBasicAttacks_Description	Effect	[BA]Basic Attacks make all [BA]Strong Basic Attacks deal [G]{0}%[/G] more [D]Damage until end of combat	
Effect_CanBasicAttackNonStopAndDealMoreDamage_Description	Effect	You can perfrom consecutive [BA]Basic Attacks\n\nEach consecutive [BA]Basic Attack deal {0}% more [D]Damage	
Effect_UsingTechniquesDecreasesRemainingCooldownOfAllOtherTechniques_Description	Effect	Dealing [TD]Technique Damage reduces all remaining Technique Cooldowns by {0}% ({1}[CD])	
Effect_IncreaseMagicDamageButDecreaseWeaponDamage_Description	Effect	Deal [G]{0}%[/G] more [MD]Magic Damage, but [G]{1}%[/G] less [WD]Weapon Damage	
Effect_IncreaseEnergyGainWhileEnergyIsBelowHalf_Description	Effect	You have +{0}%[EG]Energy Gain while below 50%[E]Energy	
Effect_MaxEnergy_Description	Effect	Your max [E]Energy is increased by {0}[E] (from default 100[E])	
Effect_DealingMagicDamageGivesBarrier_Description	Effect	Dealing [MD]Magic Damage gives {0}[Barrier]Barrier ({1}[CD])	
Effect_BasicAttacksGiveAnalysis_Description	Effect	[BA]Basic Attacks give {0}[Analysis]Analysis	
Effect_MagicTechniquesEmpowerWeaponTechniquesAndViceVersa_Description	Effect	Technique [MD]Magic Damage increases next Technique's [WD]Weapon Damage by [G]{0}%[/G], and vice versa	
Effect_AnalysisAlsoIncreasesWeaponDamage_Description	Effect	[Analysis]Analysis increases [WD]Weapon Damage at {0}% effectivness	
Effect_IncreaseWeaponDamageByPortionOfMagicDamage_Description	Effect	Deal {0}% more [WD]Weapon Damage (based on current [MD]Magic Damage)	
Effect_BasicAttacksDealIncreasedDamageBasedOnMagicDamage_Description	Effect	Deal {0}% more [BA]Basic Attack Damage (based on current [MD]Magic Damage)	
Effect_DealMoreDamageBasedOnPositiveStackingEffectsOnYouAndNegativeOnEnemy_Description	Effect	Deal [G]{0}%[/G] more [D]Damage for each [SE]Stacking Effect on you or on the enemy	
Effect_WhenAttackingAnEnemyWithAllSignatureEffectsAppliedDealMassiveDamageBasedOnAmountAndRemoveAllOfThem_Description	Effect	Attacking an enemy that has [Burn]Burn, [Freeze]Freeze and [Bleed]Bleed applied to them deals [G]{0}[/G] extra [D]Damage and removes those effects ({1}[CD])	
Effect_GainAnalysisOnUsingTechniques_Description	Effect	Gain {0}[Analysis]Analysis upon using a Technique	
Effect_AllStackingEffectsAmount_Description	Effect	Apply and gain {0}% more of all [SE]Stacking Effects	
Effect_AllStackingEffectsDecay_Description	Effect	All [SE]Stacking Effects you apply and gain decay {0}% slower	
Effect_GainArmorBasedOnNegativeStackingEffectsOnEnemy_Description	Effect	Gain {0}[A]Armor for each negative [SE]Stacking Effect applied to the enemy	
Effect_GainArmorBasedOnPositiveStackingEffectsOnYou_Description	Effect	Gain {0}[A]Armor for each positive [SE]Stacking Effect applied to you	
Effect_OnHitApplyRandomStackingEffectYouDoNotCurrentlyPossess_Description	Effect	Dealing [HD]Heavy Damage applies one of {0}[Burn]/{1}[Freeze]/{2}[Bleed] to the enemy, or {3}[Sharp]/{4}[Barrier]/{5}[Supercharge]/{6}[Analysis] to you, prioritizing effects not currently applied ({7}[CD])	
Effect_LightDamageConvertsAllFreezeIntoBurnOrBurnIntoFreeze_Description	Effect	Dealing [LD]Light Damage converts all [Burn]Burn to [Freeze]Freeze and applies extra {0}, or vice versa depending on which is higher ({1}[CD])	
Effect_RangedDamageAppliesBurnOrFreezeToEqualize_Description	Effect	Dealing [RD]Ranged Damage applies {0}[Burn]Burn or {0}[Freeze]Freeze, depending on which is lower ({1}[CD])	
Effect_StrongBasicAttacksReducePercentageOfEnemyStaggerBar_Description	Effect	[BA]Strong Basic Attacks deal extra [S]Stagger equal to {0}% of enemy total [SB]Stagger Bar	
Effect_ReplaceAllBasicAttacksWithChargeAndImproveDamage_Description	Effect	All [BA]Strong Basic Attacks are replaced by 'Charged Dash', and it deals [G]{0}%[/G] more [D]Damage	
Effect_ReplaceAllBasicAttacksWithThrowAddPullAndIncreaseStagger_Description	Effect	All [BA]Strong Basic Attacks are replaced by 'Throw and Pull', and it deals extra [P]{0}[/P][S]Stagger	
Effect_ReplaceAllBasicAttacksWithThrowAndIncreaseInjury_Description	Effect	All [BA]Strong Basic Attacks are replaced by 'Javelin Throw', and it deals extra [R]{0}[/R][I]Injury	
Effect_StrongBasicAttacksApplyBleedBasedOnEnemyHealth_Description	Effect	[BA]Strong Basic Attacks apply up to {0}[Bleed]Bleed based on how high enemy's current [H]Health is ({1}[CD])	
Effect_DealMoreLightInjuryOrStaggerAndCanSwitchUsingBlock_Description	Effect	Deal [R]{0}%[/R] more [I]Injury / Deal [P]{0}%[/P] more [S]Stagger. Current active buff is switched upon blocking	
Effect_BasicAttacksApplyBleed_Description	Effect	[BA]Basic Attacks apply {0}[Bleed]Bleed	
Effect_BleedArmor_Description	Effect	Gain {0}[Armor]Armor against [Bleed]Bleeding	
Effect_BasicAttacksApplyPoison_Description	Effect	[BA]Basic Attacks apply {0}[Poison]Poison	
Effect_LightDamageTemporarilyLowersEnemyArmor_Description	Effect	[LD]Light Damage reduces enemy [A]Armor by {0} for {1} sec	
Effect_LightDamageIgnoresPercentageOfEnemyArmor_Description	Effect	[LD]Light Damage ignores {0}% of enemy [A]Armor	
Effect_BasicAttacksReducePercentageOfEnemyStaggerBar_Description	Effect	[BA]Basic Attacks deal extra [S]Stagger equal to {0}% of enemy total [SB]Stagger Bar	
Effect_ConvertAllInjuryIntoStaggerOrViceVersaDependingOnWhichIsLowerForEnemy_Description	Effect	Deal [G]{0}%[/G] more [I]Injury/[S]Stagger and convert it to the other, depending on which is lower between enemy's [SB]Stagger Bar/[H]Health	
Effect_RangedInjuryAndStaggerScaleWithEachOther_Description	Effect	[RI]Ranged Injury dealt is increased by [P]{0}%[/P] of [RS]Ranged Stagger, and vice versa	
Effect_EbonySpecialScaling_Description	Effect	This weapon's stats change based on its grade	
Effect_OnSwitchingToThisWeaponGainRangedAttackSpeedAndNextBasicAttackStunsEnemy_Description	Effect	Upon switching to this weapon, cause next [BA]Basic Attack to have +{0}%[AS]Attack Speed and inflict [Stun]Stun for {2} sec ({3}[CD])	
Effect_TripleArrowsShotWithoutSpendingExtraAmmo_Description	Effect	[BA]Basic Attacks shoot 3 parallel arrows, but each deals {0}% of usual [D]Damage	
Effect_BasicAttacksDealIncreasedDamageButAlsoInflictSelfStagger_Description	Effect	[BA]Basic Attacks deal extra {0}[D]Damage, but also inflict {1}[S]Stagger to you	
Interact_GoDownTheStairs	Interaction	{0} Go down the stairs	{0} Zejdź po schodach
Interact_RestAtBonfire	Interaction	{0} Restore Health and Tools (one-time only)	{0} Odnów Życie i Narzędzia (tylko jeden raz)
Interact_Rescue	Interaction	{0} Rescue	{0} Uratuj
Interact_Inspect	Interaction	{0} Inspect	{0} Sprawdź
Interact_Confront	Interaction	{0} Confront	{0} Skonfrontuj
Interact_ClaimYourSpoils	Interaction	{0} Claim your spoils	{0} Zbierz swoje łupy
Interact_InterruptMeeting	Interaction	{0} Interrupt the meeting	{0} Przerwij spotkanie
Interact_Dig	Interaction	{0} Dig into the ground	{0} Kop w ziemi
Interact_Sabotage	Interaction	{0} Sabotage	{0} Sabotuj
Interact_Investigate	Interaction	{0} Investigate	{0} Zbadaj
Interact_Leave	Interaction	{0} Leave	{0} Wyjdź
Interact_Loot	Interaction	{0} Search through	{0} Przeszukaj
Interact_TryToBreakPast	Interaction	{0} Try to break past	{0} Spróbuj się przebić
Interact_CarveOpenAPath	Interaction	{0} Carve open a path	{0} Otwórz sobie ścieżkę
Interact_Use	Interaction	{0} Interact	{0} Użyj
Interact_Shop	Interaction	{0} Trade	{0} Handluj
Interact_Talk	Interaction	{0} Talk	{0} Rozmawiaj
Interact_RequestDuel	Interaction	{0} Request Duel	{0} Wyzwij na Pojedynek
LockedDoorNotification	Interaction	This door is locked.	Te drzwi są zamknięte.
LockedDoorNeedKeyNotification	Interaction	This door is locked. I'll need the right key to open it.	Te drzwi są zamknięte. Będę potrzebował odpowiedniego klucza, by ją otworzyć.
OpenedDoorUsedKeyNotification	Interaction	used to open the door.	użyto by otworzyć drzwi.
LockedChestNeedKeyNotification	Interaction	This chest is locked. I'll need the right key to open it.	Ta skrzynia jest zamknięta. Będę potrzebował odpowiedniego klucza, by ją otworzyć.
OpenedChestUsedKeyNotification	Interaction	used to open the chest.	użyto by otworzyć skrzynię.
LockedChestNotification	Interaction	This chest is locked.	Ta skrzynia jest zamknięta.
Interact_OpenChest	Interaction	{0} Open chest	{0} Otwórz skrzynię
Interact_CloseChest	Interaction	{0} Close chest	{0} Zamknij skrzynię
Interact_OpenDoor	Interaction	{0} Open door	{0} Otwórz drzwi
Interact_CloseDoor	Interaction	{0} Close door	{0} Zamknij drzwi
Interact_ReadHistory	Interaction	{0} Read 'Penance: 200 years of History'	{0} Przeczytaj 'Pokuta: 200 lat Historii'
Interact_ReadAwakened	Interaction	{0} Read 'The Enforcers: separating myth from fact'	{0} Przeczytaj 'Autarchowie: oddzielając mity od faktów'
Interact_ReadTheFirstKnight	Interaction	{0} Read 'The First Knight'	{0} Przeczytaj 'Pierwszy Rycerz'
Interact_ReadUniquePropertiesOfEnergy	Interaction	{0} Read 'Unique Properties of Energy'	{0} Przeczytaj 'Wyjątkowe Właściwości Energii'
Interact_ReadEnergy	Interaction	{0} Read 'All About Energy'	{0} Przeczytaj 'Wszystko o Energii'
Interact_ReadDrakeProprius	Interaction	{0} Read 'Drake Proprius: Early Life'	{0} Przeczytaj 'Drake Proprius: Wczesne Życie'
Interact_ReadTrueSpeech	Interaction	{0} Read 'The True Speech Phenomenon'	{0} Przeczytaj 'Zjawisko Prawdziwej Mowy'
Interact_ReadNobleFamilies	Interaction	{0} Read 'The 7 Noble Families'	{0} Przeczytaj '7 Rodzin Szlacheckich'
Interact_ReadLaurasNotes	Interaction	{0} Read Laura's Notes	{0} Przeczytaj Notatki Laury
Interact_ReadDrakesJournal	Interaction	{0} Read Drake's Journal	{0} Przeczytaj Pamiętnik Drake
Book_TheFirstKnight_0	Book	This book describes the story of how the Ignis family came to be. It seems more akin to a fairy tale or a propaganda piece rather than a historical document.	Ta książka opisuje historię tego, w jaki sposób powstała rodzina Ignis. Bardziej przypomina ona baśń albo propagandę niż historyczny dokument.
Book_TheFirstKnight_10	Book	Written around 200 years ago. Guess caring about public opinion is much more of a long-standing Ignis tradition than I thought.	Napisana jakieś 200 lat temu. Wygląda na to, że dbanie o opinię publiczną jest o wiele dłużej działającą tradycją niż myślałem.
Book_TheFirstKnight_20	Book	"Although mostly filled with boasting and nonsensical drivel, the book does contain some interesting pieces of information. ""'Plunder is the underlying principle of the Ignis'? Doesn't sound very chivalrous to me. Something is off about this whole thing."""	"Choć w większości wypełniona przechwałkami i bezsensownymi głupotami, książka zawiera jednak nieco interesujących informacji. ""'Grabież leży u podstaw tego, czym jest Ignis'? Nie brzmi bardzo rycersko. Coś mi się tutaj nie zgadza."""
Name_Book_UniquePropertiesOfEnergy	Book	Unique Properties of Energy	Wyjątkowe Właściwości Energii
Book_UniquePropertiesOfEnergy_0	Book	Titled 'Unique Properties of Energy', this book takes a closer look at a few particular behaviours that energy tends to exhibit.	Nazwana 'Unikalne Właściwości Energii', ta książka daje bliższe spojrzenie na zachowania, które wykazuje energia.
Book_UniquePropertiesOfEnergy_10	Book	Energy is tied to emotions. Just like profound anger can alter the intensity and properties of one's energy, the reverse is also true. Weak-willed individuals can fall prey to being shaped by the energy they possess.	Energia jest powiązana z emocjami. Tak jak wielki gniew może zmienić intensywność i właściwości energii, działa to też w drugim kierunku. Osoby o słabej woli mogą łatwo być ukształtowani przez energię, którą posiadają.
Book_UniquePropertiesOfEnergy_20	Book	Interesting. I often find myself thinking that this or that energy is 'filled with sadness' and such, but I don't think I ever let that take control over me. Maybe it has to do with Energy Core strength? Would getting stronger allow you to release yourself from those emotions?	Ciekawe. Często miewam przypadki, że myślę 'ta energia jest wypełniona smutkiem', ale chyba nigdy nie zdarzyło mi się być przed to kontrolowanym. Może ma to jakiś związek z siłą Rdzenia Energii? Ciekawe, czy stanie się silniejszym pozwoliłoby komuś uwolnić się z wpływu tych emocji?
Name_Book_History	Book	Book about History	Książka o Historii
Book_History_0	Book	Titled, 'Penance: 200 Years of History', this seems to be a book about history of the continent. It is relatively recent, written around 10 years ago by a notable scholar employed by the Tonitrui family. You remember learning from it together with Laura during your childhood. The book states the following:	Zatytułowana 'Pokuta: 200 Lat Historii', ta książka opisuje historię kontynentu. Jest stosunkowo nowa, napisana około 10 lat temu przez znanego uczonego zatrudnionego przez rodzinę Tonitrui. Pamiętasz jak uczyłeś się z niej razem z Laurą w dzieciństwie. Napisane jest w niej następująco:
Book_History_10	Book	Year 1 refers to the date when the town of Penance was officially founded. No texts have been found from before that time, and all humans who have lived in that time claimed they remember nothing of what happened before that. As such, it is assumed as the date when world was created.	Rok 1 odnosi się do daty, gdy miasto Pokuta zostało oficjalnie założone. Nigdy nie znaleziono tekstów pochodzących sprzed tego okresu, a wszyscy ludzie z tamtej ery twierdzą, że nie pamiętają czegokolwiek sprzed tamtego roku. Zakłada się więc, że jest to data stworzenia świata.
Book_History_20	Book	Noble families of Ignis, Anima, Glacies, Molis, Salutis, Tonitrui and Proprius have worked together to create a country that spanned the entire world, including both the mainland and all surrounding isles.	Rodziny szlacheckie Ignis, Anima, Glacies, Molis, Salutis, Tonitrui i Proprius pracowały razem, by stworzyć kraj zajmujący cały świat, wliczając zarówno główny ląd jak i wszystkie okoliczne wyspy.
Book_History_30	Book	Across multiple centuries, the noble families fulfilled different duties, but most have ended up specializing in one specific field, such as 'Technology' for the Tonitrui family.	Na przestrzeni wielu wieków rodziny szlacheckie wypełniały różne role, ale większość zaczęła specjalizować się w jednej dziedzinie, jak np. 'Technologia' w przypadku rodziny Tonitrui.
Book_History_40	Book	A great upheaval swept across the country in year 82, when many young people started being born wielding overwhelming power. They came to be called the 'Enforcers', and almost all noble families started adopting them to stabilize their position.	W roku 82 krajem wstrząsnęła fala młodych ludzi, którzy zaczęli się rodzić w posiadaniu obezwładniającej mocy. Z czasem zaczęli być nazywani 'Autarchami', i prawie wszystkie rodziny szlacheckie zaczęły ich adoptować by ustabilizować swoją pozycję.
Book_History_50	Book	As it turned out, the great power wielded by the Enforcers is not hereditary. Nonetheless, statistical data suggests that members of noble families have a much greater chance of becoming an Enforcer. The sample size is not large, so further research might be needed.	Jak się okazało, wielka moc dzierżona przez Autarchów nie jest dziedziczona. Mimo to, dane statystyczne wskazują, że członkowie rodzin szlacheckich mają o wiele większą szanse na zostanie Autarchą. Ilość zanotowanych przypadków jest ograniczona, więc wskazane są dalsze badania w tym zakresie.
Book_History_60	Book	I knew most of this, but it's always good to refresh my memory. You never know when you might stumble on something you never noticed before.	Większość z tych rzeczy już wiedziałem, ale zawsze warto odświeżyć sobie pamięć. Nigdy nie wiadomo, kiedy natrafi się na coś, na co nigdy wcześniej nie zwróciło się uwagi.
Name_Book_Awakened	Book	Book about Enforcers	Książka o Autarchach
Book_Awakened_0	Book	Titled, 'The Enforcers: separating myth from fact', this seems to be a book about trying to look at the Enforcer phenomena from a scientific point of view. Laura is listed as a co-author along with some of the researchers working under her. It states the following:	Zatytułowana 'Autarchowie: oddzielając mity od faktów', ta książka stara się spojrzeć na zjawisko Autarchów od strony naukowej. Laura jest podana jako jedna z autorek obok niektórych badaczy pracujących dla niej. Napisane jest w niej następująco:
Book_Awakened_10	Book	Chapter 1: History. Currently, there is no definite explanation for the phenomena known as Enforcers. What is known is that individuals aged between 2 and 8 can suddenly develop massively oversized magic capacity.	Rozdział 1: Historia. Obecnie nie ma jednoznacznego wyjaśnienia na zjawisko znane jako Autarchowie. To co wiadomo, to że osoby w wieku od 2 do 8 lat mogą nagle wykształcić przesadnie ogromną przepustowość magii. 
Book_Awakened_20	Book	Chapter 2: Frequency. For reasons unknown, this phenomena seems to be happening much more often among children from the 7 noble families, although it still means that roughly 90% of the Enforcers come from humble origins.	Rozdział 2: Częstość. Z nieznanych powodów, zjawisko to o wiele częściej występuje wśród dzieci spośród 7 głównych rodzin, choć nadal oznacza to, że około 90% ze wszystkich Autarchów jest skromnego pochodzenia.
Book_Awakened_30	Book	Chapter 3: Symptoms. Magic capacity of an Enforcer human is roughly 10 times larger than of an average magic combatant. Due to how energy affects the body, this means that an Enforcer can triumph against as many as 20 regular combatants.	Rozdział 3: Objawy. Przepustowość magii u Autarchy jest około 10 razy większa niż u przeciętnego magicznego kombatanta. Ze względu na to jak energia wpływa na ciało, oznacza to że Autarcha może zwyciężyć przeciwko nawet 20 przeciętnym kombatantom.
Book_Awakened_40	Book	Chapter 4: Origins. First wave of mass-awakening was recorded on day 4, week 33, year 82. More than 40 Enforcers were created all at once. Since that day, the number of Enforcers has risen to about 110, but the amount of those trained and active in combat is currently less than 50.	Rozdział 4: Pochodzenie. Pierwsza fala masowych przebudzeń została odnotowana 4 dnia, 33 tygodnia, 82 roku. Ponad 40 Autarchów powstało w skutek tej fali. Od tamtego czasu liczba Autarchów wzrosła do około 110, ale ilość osób, które aktywnie ćwiczy i uczestniczy w walkach wynosi obecnie mniej niż 50.
Book_Awakened_50	Book	Chapter 5: The Myth. A theory has been pushed forward that the Enforcer outbreak in year 82 was caused by a 7-year old boy named Fynn, who claims to have been granted a wish by an unidentified entity.	Rozdział 5: Mit. Postawiona została teoria, która winą za falę Autarchów w roku 82 obarcza 7-letniego chłopca o imieniu Fynn, który twierdził, że jego życzenie została spełnione przez niezidentyfikowaną istotę.
Book_Awakened_60	Book	Fynn suddenly became capable of temporarily increasing magic capacity of other humans, so there was some merit to his claim. However, since nobody ever witnessed said 'shadowy being' that Fynn described, it has been concluded that the boy is simply another case of an Enforcer, possessing an unique power.	Fynn nagle stał się zdolny do powiększania przepustowości magicznej u innych ludzi, więc teoria ta ma pewne podłoża. Mimo to nikomu od tego czasu nie udało się spotkać 'cienistej istoty' którą opisał Fynn, więc wysnuto wniosek, że chłopiec jest tylko jednym z wielu przypadków, gdy Autarcha posiada unikalną umiejętność.
Book_Awakened_70	Book	Sounds familiar. I wonder why only a handful of humans are able to perceive that 'thing'.	Brzmi znajomo. Ciekawe czemu tylko garstka ludzi jest w stanie zobaczyć to 'coś'.
Book_Awakened_80	Book	Chapter 6: The Fact. The Enforcers have become the focal point of modern politics. Strength of noble families is measured by how many Enforcers they have under their command, as well as the strength of their most powerful Enforcer.	Rozdział 6: Fakt. Autarchowie stali się punktem centralnym, wokół którego toczy się współczesna polityka. Siła rodzin szlacheckich jest mierzona tym, jak wielu Autarchów mają pod swoim sztandarem, oraz tym jak potężny jest ich najsilniejszy Autarcha.
Book_Awakened_90	Book	Many controversies have arisen around the fact that the will of an individual can now decide the flow of history. However, since it's supposed to be a scientific document, I'll refrain from commenting on that here.	Wiele kontrowersji wynikło z faktu, że teraz wola jednej osoby może zmienić bieg historii. Jednakże, ze względu na fakt, że jest to dokument naukowy, to powstrzymam się od komentowania tutaj na ten temat.
Book_Awakened_100	Book	Laura's dislike for the Enforcers is finally showing through. <i>Now</i> I can believe that she co-authored this.	Czuć tutaj niechęć, którą Laura żywi do Autarchów. <i>Teraz</i> jestem w stanie uwierzyć, że Laura była współautorką tej książki.
Name_Book_DrakeProprius	Book	Book about Drake	Książka o Drakeie
Book_DrakeProprius_0	Book	Titled 'Drake Proprius: Early life', it's a book describing Drake's ten year career that took Penance by storm. The release date is one month ago, so it should be quite up-to-date. It starts with the following:	Zatytułowana 'Drake Proprius: Wczesne życie', jest to książka opisująca 10-letnią karierę Drake, która pozwoliła mu przejąć kontrolę nad Pokutą. Została wydana miesiąc temu, więc powinna być całkiem aktualna. Napisane jest w niej następująco:
Book_DrakeProprius_10	Book	Never before have we seen such a meteoric rise as sir Drake's. According to his words, it all started in year 192, when he was 12 years old. He made contact with a mysterious shadowy entity, an existence that was only a myth ever since appearance of the first Enforcers.	Nigdy wcześniej nie dane nam było doświadczyć tak nagłego sukcesu jak w przypadku pana Drake. Według jego słów wszystko zaczęło się w roku 192, gdy miał zaledwie 12 lat. Nawiązał kontakt z tajemniczą cienistą istotą, której istnienie pozostawało mitem od czasów pojawienia się pierwszych Autarchów.
Book_DrakeProprius_20	Book	Having received a vision of a terrible future, he tirelessly worked to avert it. Originally born as a particularly powerful Enforcer of the Proprius family, receiving the vision left him severely weakened, with not even 10% of his original magic capacity.	Otrzymawszy wizję okropnej przyszłości, pracował on niestrudzenie by jej zapobiec. Choć urodził się jako wyjątkowo potężny Autarcha w rodzinie Proprius, otrzymanie wizji znacznie go osłabiło, pozostawiając mu mniej niż 10% jego oryginalnej przepustowości magicznej.
Book_DrakeProprius_30	Book	However, through this ordeal Drake acquired a new power unlike anything we've ever known: to see faint glimpses of the future. Over the years, he visited various territories across the continent and consolidated both his political and magical power.	Mimo to, ta ciężka próba obdarzyła Drake nową mocą, jakiej nikt wcześniej nie doświadczył: stał się zdolny do widzenia przebłysków przyszłości. Przez lata przemierzył on wiele terytoriów i wzmocnił zarówno swoją polityczną jak i magiczną potęgę.
Book_DrakeProprius_40	Book	As of year 802, Drake Proprius is known as a master in all types of magic, often outperforming scions of noble families in their own craft. Politically, he has unwavering support from the Tonitrui, Molis, Salutis and Proprius families.	Z rokiem 802 Drake Proprius jest znany jako mistrz wszelkiego rodzaju magii, często przewyższając nawet dziedziców rodzin szlacheckich w ich własnej dziedzinie. Od strony politycznej został od obdarzony niezachwianą lojalnością przez rodziny Tonitrui, Molis, Salutis i Proprius.
Book_DrakeProprius_50	Book	In conclusion, it is only a matter of time before Drake Proprius ushers us into a new age of stability and prosperity. I hope that 10 years from now on, I'll be able to release a new version of this biography, describing even more marvelous exploits.	Podsumowując, jest tylko kwestią czasu zanim Drake Proprius wprowadzi nową erę stabilności i dobrobytu. Mam nadzieję, że za 10 lat będę mógł wypuścić nową wersję tej biografii, opisującą jeszcze więcej z jego godnych podziwu osiągnięć.
Book_DrakeProprius_60	Book	Seems like a propaganda piece at a first glance, but once you get past the boot-licking, it does describe all events pretty well. The scary part is that Drake doesn't even have to put in any effort: his fanatics will create stuff like this on their own.	Na pierwszy rzut oka wygląda na kawał propagandy, ale jeśli się przebrnie przez bagno komplementów, to całkiem rzetelnie opisuje wydarzenia. Przerażające w Drake jest to, że nie musi się nawet starać: jego fanatycy sami z siebie piszą takie książki.
Name_Book_TrueSpeech	Book	Book about True Speech	Książka o Prawdziwej Mowie
Book_TrueSpeech_0	Book	Its first usage dating back to year 757, five years after Enforcers started appearing. It is no coincidence: there is only one requirement regarding 'True Speech' that has been fully confirmed, that is possessing overwhelmingly potent Energy Core (lowest confirmed usage was level 20).	Pierwsze użycie 'Prawdziwej Mowy' datuje się na rok 757, 5 lat po tym jak zaczęli się pojawiać pierwsi Autarchowie. Nie jest to przypadek: tylko jeden wymóg użycia został w pełni potwierdzony, a jest nim posiadanie olbrzymiego Rdzenia Energii (najniższy potwierdzony poziom użycia wynosi 20). 
Book_TrueSpeech_10	Book	The first time it was used was during a lovers spat that included one Enforcer. A mixture of emotion (possibly wishing to prove their innocence) and Energy Core running wild resulted in a sentence filled to the brim with magic powers, the so-called 'True Speech'.	Pierwsze użycie odbyło się podczas kłótni kochanków, gdy jeden z uczestników był Autarcha. Połączenie emocji (być może chęci do udowodnienia niewinności) i Rdzenia Energii wymkniętego spod kontroli doprowadził do wypowiedzenia zdania wypełnionego mocą, fenomenu nazwanego 'Prawdziwą Mową'.
Book_TrueSpeech_20	Book	With its origin and purpose a complete mystery, we can only observe and analyze how 'True Speech' works. It occurs when a greatly talented individual infuses (knowingly or unknowingly) his words with massive amounts of energy.	Nie znając jej pochodzenia ani przeznaczenia, możemy jedynie obserwować i analizować jak 'Prawdziwa Mowa' działa. Działa ona wtedy, gdy wielce utalentowany osobnik napełnia (świadomie lub nieświadomie) swe słowa olbrzymią ilością energii.
Book_TrueSpeech_30	Book	All humans can instantly recognize that a sentence was uttered using 'True Speech', its gravitas and power unmistakable. Curiously, only full sentences can be spoken using 'True Speech': perhaps if user does not have enough energy for the whole sentence, 'True Speech' will not activate.	Wszyscy ludzie są w stanie natychmiast rozpoznać, kiedy zdanie zostało wypowiedziane przy użyciu 'Prawdziwej Mowy' ze względu na jego powagę i moc. Co ciekawe, wypowiedziane mogą zostać tylko pełne zdania: być może jeśli użytkownik nie ma wystarczająco energii na pełne zdanie, 'Prawdziwa Mowa' się nie aktywuje.
Book_TrueSpeech_40	Book	The most fascinating part of 'True Speech' is that it can only affect some sentences, no matter how hard the user may try. There's only one thing all sentences spoken in 'True Speech' have in common: that they are, as their name suggests, completely and unmistakably true.	Najbardziej fascynująca część 'Prawdziwej Mowy' to fakt, że może ona wpłynąć tylko na niektóre zdania, nie ważne jak mocno użytkownik by się nie starał. Jest tylko jedna rzecz, które stwierdzenia wypowiedziane w 'Prawdziwej Mowie' wszystkie mają wspólnego: są, jak nazwa wskazuje, kompletnie i niezaprzeczalnie prawdziwe.
Book_TrueSpeech_50	Book	Interestingly, just because a fact is true does not mean it can be uttered using 'True Speech', making it for an unreliable lie detector. Even more interestingly, it is not enough for the user to believe that a fact is true: were he to speak a lie that he believes to be true, 'True Speech' won't activate either.	Co ciekawe, sam fakt, że stwierdzenie jest prawdziwe nie oznacza automatycznie, że może być wypowiedziane w 'Prawdziwej Mowie', czyniąc z niej niewiarygodny wykrywacz kłamstw. Co jeszcze ciekawsze, nie jest wystarczającym, by użytkownik wierzył w prawdziwość danego stwierdzenia: gdyby miałby wypowiedzieć kłamstwo, 'Prawdziwa Mowa' się nie aktywuje, nie ważne jak bardzo by w nie wierzył.
Book_TrueSpeech_60	Book	Some have hypothesized that any fact not speakable in 'True Speech' is a lie, and that we simply have yet to realize the truth. After much experimentation that hypothesis has been proven to be false, unless we were to accept that even most basic facts such as '1 + 1 = 2' or '0 = 0' to be untrue.	Postawione zostały hipotezy, że każdy fakt który nie może być wypowiedziany w 'Prawdziwej Mowie' jest kłamstwem, i po prostu nie zdajemy sobie z tego sprawy. Po wielu eksperymentach hipotezę tą można uznać za błędną, chyba że mielibyśmy uwierzyć, że nawet tak podstawowe fakty jak '1 + 1 = 2' lub '0 = 0' są nieprawdą.
Book_TrueSpeech_70	Book	As such, it seems that there is some underlying standard regarding which truths can be uttered using 'True Speech'. Despite much effort, we were unable to figure out any patterns (aside from a fact having to be absolutely 'true').	Z tego powodu można stwierdzić, że jest jakichś zasadniczy standard według którego tylko niektóre prawdy można wypowiedzieć za pomocą 'Prawdziwej Mowy'. Mimo wielu prób nie udało nam się wywnioskować jakikolwiek wzorzec (poza faktem, że fakt musi być 'prawdą').
Book_TrueSpeech_80	Book	In conclusion, 'True Speech' seems to a mysterious, but largely useless property of energy manipulation. Usable only to select few, and useful to even fewer. While we can believe any sentence uttered in 'True Speech' to be completely correct, we cannot discern if anything left unsaid is a lie, or simply a truth that cannot be said using 'True Speech'.	Podsumowując, 'Prawdziwa Mowa' jest tajemniczą, lecz na ogół bezużyteczną właściwością manipulacji energii. Używalna tylko przez wybraną garstkę, a użyteczna dla nawet mniejszej ilości. Choć możemy wierzyć, że każde zdanie wypowiedziane w 'Prawdziwej Mowie' jest absolutnie prawdziwe, nie możemy ocenić czy cokolwiek niewypowiedziane jest kłamstwem, czy tylko prawdą nie do wypowiedzenia za pomocą 'Prawdziwej Mowy'.
Name_Book_Energy	Book	Book about Energy	Książka o Energii
Book_Energy_0	Book	Dating back to the earliest records, humanity has always been able to wield energy. Any human can use energy to some extent, but there is a certain difference in quantity that can be manipulated.	Ludzkość była w stanie władać energią od najstarszych dziejów. Każdy człowiek jest w stanie używać energii w pewnym stopniu, ale jest zdecydowana różnica w ilości jaka może być użyta.
Book_Energy_10	Book	Although any human can learn any technique, it is much more efficient to specialize in one field. This led to the rise of 7 noble families, each wielding their own powerful and unique brand of techniques.	Choć każdy człowiek może nauczyć się każdej techniki, o wiele efektywniej jest specjalizować się w jednej dziedzinie. Doprowadziło to do powstania 7 rodzin szlacheckich, każda dzierżąca własny rodzaj unikalnych technik.
Book_Energy_20	Book	There are ways to augment a technique. Research performed on ancient sites led to discovery of multiple such methods. Some Enforcers also came up with their own way of improving their favored techniques. Most well-known example is Alex Wester, with an unprecedented 56 recorded Battle-born Masteries as of year 201.	Są sposoby na wzmocnienie techniki. Badania przeprowadzone na wykopaliskach antycznych ruin doprowadziło do odkrycia wielu takich sposobów. Niektórzy Autarchowie także wynaleźli własne sposoby na wzmocnienie swych ulubionych technik. Najlepiej znanym przykładem jest Alex Wester, z 56 odnotowanymi Bitewnymi Mistrzostwami w roku 201.
Book_Energy_30	Book	Humans known as Enforcers experience a massive and sudden growth of their Energy Core sometime in their childhood. This is often accompanied with development of unique techniques, often impossible to reproduce even for other Enforcers, not to mention regular humans.	Ludzie znani jako Autarchowie doświadczają znacznego i niespodziewanego wzrostu Sedna Energii podczas dzieciństwa. Zjawisko temu często towarzyszy wykształcenie unikalnych technik, często niemożliwych do odtworzenia nawet dla innych Autarchów, o normalnych ludziach nie wspominając.
Book_Energy_40	Book	An Energy Core defines one's strength relative to others. It can be destroyed, and the destruction is irreversible, causing affected individual to become unable to manipulate any energy. This method is often used as an alternative to killing dangerous terrorists.	Rdzeń Energii definiuje siłę człowieka w porównaniu do innych. Może zostać zniszczone, a zniszczenie to jest nieodwracalne. Sprawia to, że dany człowiek staje się niezdolny do manipulowania jakiejkolwiek energii. Ta metoda jest często używana jako alternatywa do zabijania groźnych terrorystów.
Book_Energy_50	Book	"A fate worse than death, as some call it,"" Alex muttered to himself. ""Still, I prefer being called the 'Core Reaper' than a serial killer."	"Los gorszy od śmierci, według niektórych,"" Alex powiedział pod nosem. ""Mimo to wolę być nazywanym 'Żniwiarzem Rdzeni' niż seryjnym mordercą."
Book_Energy_60	Book	A human's Energy Core can be compared to a bowl made from stretchable material. Over the years, humans train to increase the size of their 'bowl', and gain greater power as a result.	Rdzeń Energii człowieka można porównać do naczynia zrobionego z elastycznego materiału. Z upływem lat człowiek ćwiczy by zwiększyć pojemność swego 'naczynia', i tym samym zdobyć większą moc.
Book_Energy_70	Book	"""Finally found something interesting,"" Alex said as he started searching the book for further clues regarding his sudden loss of strength. Before long, he found a relevant passage."	"""W końcu znalazłem coś ciekawego,"" powiedział Alex i zaczął przeszukiwać książkę w poszukiwaniu wskazówek donośnie swej nagłej utraty mocy. Niedługo zajęło mu znalezienie odpowiedniego fragmentu."
Book_Energy_80	Book	Just like material can be easily stretched, but cannot be returned to its former condition, it is virtually unheard of for one's Energy Core to suddenly shrink. If such an incident occurs, it can only mean that one's energy is currently being used to keep up some sort of technique.	Tak jak materiał może być łatwo rozciągnięty, lecz niełatwo wraca do poprzedniego stanu, jest praktycznie niemożliwym, by Rdzeń Energii człowieka się nagle zmniejszyło. Jeśli się to wydarzy, może to oznaczać tylko to, że energia jest obecnie wykorzystywana by utrzymać jakąś technikę.
Book_Energy_90	Book	"""So it seems like my powers aren't really gone, just being used to keep up this 'return to the past' business. But what would happen if I were to suddenly stop supporting it? Would I return back to the future?"" Alex asked, but there was nobody nearby to answer his question."	"""Więc wygląda na to, że moja moc nie zniknęła, tylko jest używana by utrzymywać ten cały 'powrót do przeszłości'. Ale co się stanie, gdybym nagle odzyskał swoją energię? Wróciłbym do przyszłości?"" zapytał Alex, ale w pobliżu nie było nikogo zdolnego odpowiedzieć na to pytanie."
Name_Book_NobleFamilies	Book	Book about Families	Książka o Rodzinach
Book_NobleFamilies_0	Book	Written by a renowned and fairly apolitical scholar, this book describes the 7 noble families.	Napisana przez znanego i dosyć apolitycznego uczonego, ta książka opisuje 7 rodzin szlacheckich kontynentu.
Book_NobleFamilies_10	Book	The Anima family started out as an order of powerful warriors, easily surpassing the Ignis family in terms of military might. However, over centuries their influence waned. Nowadays, they are known as recluses, outdone only by the Proprius family in that regard.	Rodzina Anima rozpoczęła od bycia zakonem potężnych wojowników, z łatwością przerastając rodzinę Ignis pod względem siły militarnej. Jednakże, z upływem wieków ich wpływy osłabły. W dzisiejszych czasach są znani jako pustelnicy, ustępujący pod tym względem tylko rodzinie Proprius.
Book_NobleFamilies_20	Book	Interesting. From my experience, Anima still have some of the strongest Enforcers I've ever met. Probably much stronger than the Ignis family, although they don't flaunt their might anywhere near as much.	Ciekawe. Z moich doświadczeń, Anima mają niektórych z najsilniejszych Autarchów jakich kiedykolwiek spotkałem. Raczej o wiele silniejszych niż rodziny Ignis, choć nie chwalą się swoją siłą w tak dużym stopniu.
Book_NobleFamilies_30	Book	Members of the Ignis family have always prided themselves on their 'Noblesse Oblige' code of conduct. It is my personal observation, however that their chivalry has waned in recent times, leaving only their pushy attitude in all types of conflicts.	Członkowie rodziny Ignis zawsze szczycili się swoją maksymą 'Noblesse Oblige'. Jest to jedynie moim osobistym spostrzeżeniem, że ich rycerskość osłabła ostatnimi czasy, pozostawiając jedynie ich nachalne nastawianie przy rozwiązywaniu jakichkolwiek konfliktów.
Book_NobleFamilies_40	Book	My thoughts exactly. They are noble only in name, and want everyone to respect their authority when all they care about is fame and money. Since they consider Enforcers to be their direct competitors, I've always had a strained relationship with them.	Zgadzam się w zupełności. Szlachta z nich tylko z imienia. Chcą by wszyscy szanowali ich autorytet, gdy wszystkim na czym im zależy są sława i pieniądze. Jako że uważają Autarchów za swoją konkurencję, to zawsze miałem z nimi dosyć napięte stosunki. 
Book_NobleFamilies_50	Book	Glacies family have always prided themselves on their understanding and following of law. As such, they are usually considered the highest authority when it comes to judicial matters. That aspect did not change much since the country's creation.	Rodzina Glacies zawsze szczyciła się swoim zrozumieniem i przestrzeganiem prawa. Z tego powodu są na ogół uważani za największy autorytet jeśli chodzi o kwestie sądowe. Ten aspekt nie zmienił się od momentu powstania kraju.
Book_NobleFamilies_60	Book	Can't say I'm a big fan. I understand laws are important, but they're meant to serve humans: not the other way around. Needless to say, my relationship with them is no less strained than with the Ignis family... although for entirely different reasons.	Nie przepadam za nimi. Rozumiem, że prawa są ważne, ale mają na celu służyć ludziom: nie na odwrót. Nie trzeba wspominać, że moje relacje z nimi są nie mniej napięte niż z rodziną Ignis... choć z zupełnie innych powodów.
Book_NobleFamilies_70	Book	Depending on point of view, Molis family did not survive to current day. Their name, duties and territory were, however, taken over by an entirely new organization. Said organization is a meritocracy created by men of common upbringing, focused on serving their own interests.	W zależności od punktu widzenia, rodzina Molis nie przetrwała do dnia dzisiejszego. Ich imię, obowiązki i terytorium zostały przejęte przez zupełnie nową organizację. Jest to merytokratyczne zrzeszenie ludzi pospolitego pochodzenia, skupionych na dbaniu o własne interesy.
Book_NobleFamilies_80	Book	'Serving their own interests'. So just like any of the other families, maybe expect all the grandstanding. The way I see it as an Enforcer, it's always good to have someone from the Molis family to watch your back during a dangerous mission. Just so a prick from the Ignis family can come late and grab most of the credit.	'Dbaniu o własne interesy'. Czyli dokładnie to, co robią wszystkie inne rodziny, może poza tym całym owijaniem w bawełnę. Z mojego punktu widzenia jako Autarchy, zawsze jest dobrze mieć kogoś z rodziny Molis by cię ubezpieczał podczas niebezpiecznej misji. Tylko po to, by jakiś dupek z rodziny Ignis przybył spóźniony, a później i tak zgarnął całą zasługę.
Book_NobleFamilies_90	Book	Salutis family started off as a family specializing in medicine and human anatomy. It was mainly due to the fact their territory lays in area abundant with life energy. Nowadays, they are mainly known for being the breadbasket of the world, being responsible for more than 80% of food production.	Rodzina Salutis zaczęła od specjalizowania się w medycynie i ludzkiej anatomii. Było to spowodowane głównie faktem, że ich terytorium leży w obszarze obfitym w energię życiową. W dzisiejszych czasach są głównie znani jako żywiciele świata, odpowiedzialni za ponad 80% produkcji żywności.
Book_NobleFamilies_100	Book	No mention of the Salutis assassins? Guess the author was not an Enforcer. Can't count the number of times they came to fry my Energy Core due to some criminal loser's grudge. The pricks think that as long as they say it's 'nothing personal', then I'm not supposed to hate their guts.	Żadnej wzmianki o zabójcach Salutis? Autor raczej nie był Autarchą. Nie mogę zliczyć razy, ile przyszli by usmażyć mój Rdzeń Energii przez urazę jakiegoś kryminalisty. Dupki myślą, że tak długo jak powiedzą 'to nic osobistego', to nie mam prawa ich nie znosić.
Book_NobleFamilies_110	Book	The Tonitrui family have always been on the forefront of technological advancement. They were the first ones to develop electronic devices and firearms. Their superiority in this field continues to this day, mostly attributed to esteemed Laura Tonitrui, whose accomplishments no doubt deserve their own separate book.	Rodzina Tonitrui zawsze była na czele rozwoju technologicznego. Jako pierwsi wynaleźli urządzenia elektryczne i broń palną. Ich wyższość w tej dziedzinie kontynuuje się do dnia dzisiejszego, co w większości można przypisać osiągnięciom zasłużonej Laury Tonitrui, na opisanie których niewątpliwie potrzebna by była oddzielna książka.
Book_NobleFamilies_120	Book	She used to be nowhere near as interested in technology back when we were kids. Guess she's searching for some method to restore her Energy Core, and technology is only means to that end.	Nie była nawet trochę tak zainteresowana technologią kiedy byliśmy dziećmi. Prawdopodobnie szuka jakiejś metody by odnowić swój Rdzeń Energii, a technologia jest dla niej tylko drogą do celu.
Book_NobleFamilies_130	Book	Not much can be written about the Proprius family. Since the country's founding, they maintained their apolitical stance and hardly accepted any visitors to their island. The only notable exception in recent times is the adoption of Elen Proprius.	Niewiele można napisać o rodzinie Proprius. Od samego założenia kraju zachowywali postawę apolityczną i rzadko kiedy akceptowali jakichkolwiek ludzi z zewnątrz na swoją wyspę. Jedynym znaczącym wyjątkiem w ostatnich czasach była adopcja Elen Proprius.
Book_NobleFamilies_140	Book	From what I've learned during my calls with Elen, they're a surprisingly normal bunch of people. Except that one middle-aged guy who picked a fight with me for no reason. He was the strongest guy I've ever faced.	Z tego co się dowiedziałem gdy dzwoniłem do Elen, to są zaskakująco normalną grupą ludzi. Może poza tym jednym gościem w średnim wieku, który nagle chciał się ze mną bić bez powodu. Najsilniejszy facet, z jakim kiedykolwiek się mierzyłem.
Book_LaurasNotes_0	Book	Those are a bunch of notes that Laura prepared once I scheduled a meeting with her. Throughout the pages, Laura meticulously analyses Drake's actions, possible intentions and most probable plans of action. The following are the more interesting snippets:	To zbiór notatek przygotowanych przez Laurę po tym, jak umówiłem z nią wizytę. Na ich stronach Laura dokładnie analizuje poczynania Drake, jego potencjalne intencje oraz najbardziej prawdopodobne plany działania. Oto niektóre z ciekawszych wyrywków:
Book_LaurasNotes_10	Book	Drake had his wish granted 10 years ago, and that's when small energy fluctuations started being recorded. Maybe it could be possible to determine whether current reality is the truth, or just a calculation created by Drake's precognition.	Życzenie Drake zostało spełnione 10 lat temu, i wtedy zaczęły być odnotowywane małe wibracje energii. Być może da się wykryć, czy obecna rzeczywistość jest prawdziwa, czy tylko kalkulacją spowodowaną przez prekognicję Drake.
Book_LaurasNotes_20	Book	Could it be that the incident between me, Alex, and Gerrald was arranged by Drake? How could he control the result so precisely? Wouldn't a single vision become useless almost immediately, since he started behaving differently than he normally would?	Czy to możliwe, że incydent między mną, Alexem i Gerraldem był spowodowany przez Drake? Jak mógłby tak dokładnie zmanipulować wynik? Czy pojedyncza wizja nie stałaby się bezużyteczna prawie natychmiast, bo zaczął się zachowywać inaczej niż normalnie?
Book_LaurasNotes_30	Book	Potential hypothesis: granting a wish changes the world in a significant way, but also grants the wisher an appropriate ability. Drake saw 9-10 years into the future, but also became able to spend energy to have a quick glimpse into the next few minutes? That would explain how he can apply his 'precognition' in combat scenarios.	Potencjalna hipoteza: spełnienie życzenia zmienia świat w znaczącym stopniu, oraz obdarza życzącego odpowiednią zdolnością. Drake spojrzał 9-10 lat w przyszłość, ale także stał się zdolny do użycia energii by spojrzeć kilka minut do przodu? To by wyjaśniało jak jest w stanie używać swojej 'prekognicji' do walki.
Book_LaurasNotes_40	Book	During recent eclipse, the movements of the stars instantly shifted by a massive margin. This is similar to the energy fluctuations from when Drake had his wish granted. Did someone come into contact with the 'Shadow Entity'? How is such massive change possible? Memory tampering? The only person with enough energy capacity should be Alex, so he should be the culprit.	Podczas niedawnego zaćmienia, położenie gwiazd nagle zmieniło się w znaczącym stopniu. To podobny fenomen do wibracji energii z czasów, gdy życzenie Drake zostało spełnione. Ktoś wszedł w kontakt z 'Cienistym Bytem'? Jak tak duża zmiana jest możliwa? Manipulacja wspomnieniami? Jedyną osoba z wystarczającym potencjałem energii powinien być Alex, więc to on jest raczej sprawcą. 
Book_LaurasNotes_50	Book	Recently, there were multiple cases when positions of the stars suddenly changed by a tiny margin. It was only noticeable through the precise instruments that I prepared. If the first, massive shift is assumed to be the length of 1 year, those tiny shifts were around 1, 2, sometimes 5 minutes long.	Ostatnio było wiele przypadków, gdy pozycja gwiazd zmieniła się w ledwo wykrywalnym stopniu. Było to możliwe tylko przy pomocy bardzo dokładnych urządzeń, które przygotowałam. Jeśli pierwszą zmianę można uznać za długość 1 roku, to te mały zmiany miały długość 1, 2, czasem 5 minut.
Book_LaurasNotes_60	Book	That would fit the theory that making a wish also grants an ability that's similar in nature. I'll need to find out what's the nature of that power, it might be the clue to countering Drake's ability. I have my suspicions, but that would leave one question: why are stars affected, but the sun and moon remain in the exact same position?	To by pasowało do teorii, że spełnienie życzenia także obdarza umiejętności o podobnej naturze. Będę musiała odkryć naturę tej mocy. Może być wskazówką co do sposobu, jak skontrować umiejętność Drake. Mam pewne podejrzenia, ale pozostawiają jedno pytanie: czemu gwiazdy zmieniają położenie, ale słońce i księżyc pozostają w dokładnie tym samym miejscu?
Book_LaurasNotes_70	Book	What follows is dozens of pages outlining potential counters to all 7 of Drake's different fighting styles. If I want to make sense of those, asking Laura directly would be a better use of my time.	Po tym znaleźć można kilkanaście stron opisujących potencjalne kontry na wszystkie 7 stylów walki Drake. Szkoda czasu na rozszyfrowywanie ich: bezpośrednie zapytanie Laury byłoby lepszym pomysłem.
Book_LaurasNotes_80	Book	Aside from that, there was also 10 years of data regarding famous Enforcers: Drake, Elen, Ryker... Naturally, Alex was there as well. His collection seemed bigger than most. It as probably due to the fact lengthy and colorful of a career he had as a veteran Enforcer.	Poza tym jest tutaj także zbiór informacji z ostatnich 10 lat co do słynnych Autarchów: Drake, Elen, Ryker... Rzecz jasna, Alexa też nie zabrakło. Jego kolekcja wyglądała na większą niż inne. Było to prawdopodobnie spowodowane tym, jak długą i ciekawą karierę miał jako Autarcha.
Book_DrakeNotebook_0	Book	It seems to be a journal written by the 12-year old Drake from 10 years ago. It states the following:	Wygląda to na pamiętnik napisany przez 12-letniego Drakea sprzed 10 lat. Napisane jest w nim następująco:
Book_DrakeNotebook_10	Book	I'm writing this journal so that you, the future me, will not lose his way. Now I know better than anyone that feelings change, ideals fade away. What's left is a sad caricature of what should have been. If you are reading this, wondering what the young you must have thought, then pay attention.	Piszę ten pamiętnik do ciebie, przyszły ja, byś nie zszedł na złą drogę. Teraz wiem lepiej niż ktokolwiek inny, że uczucia się zmieniają, ideały blakną. To co pozostaje to żałosna karykatura tego, co powinno być. Jeśli to czytasz, zastanawiając się co młodszy ty mógł myśleć, to czytaj uważnie.
Book_DrakeNotebook_20	Book	I always strove for greatness. I was born as an heir to the Proprius family, so it was always my duty to lead others to prosperity. The act of becoming an Enforcer made that all the more important.	Zawsze dążyłem do wspaniałości. Urodziłem się jako dziedzic rodziny Proprius, więc zawsze mym obowiązkiem było prowadzić innych ku dobrobytowi. Stanie się Autarchą tylko wzmocniło ten fakt.
Book_DrakeNotebook_30	Book	I'm not denying the fact that there might be other, more fitting people for my position. Perhaps I won't be able to lead the country as well as others could have. Before my true awakening, I was especially wary of Laura. If there was anyone able to compete with me in terms of excellence, it would be her.	Nie przeczę, że nie może być innych, lepiej dobranych ludzi na moją pozycję. Być może nie będę w stanie poprowadzić kraju tak dobrze, jak zrobiliby to inni. Przed moim prawdziwym przebudzeniem, najbardziej niepokoiła mnie Laura. Jeśli jest ktoś zdolny do konkurowania z moją wspaniałością, byłaby to ona.
Book_DrakeNotebook_40	Book	However, I never had any intention of leaving this duty to others. The reason is simple: I cannot trust anyone other than myself to do this right. Others are free to distrust me as much as I distrust them, but it does not change the fact that I am the one with power. And as the powerful one, it is both my privilege and duty to lead others.	Jednakże nigdy nie miałem zamiaru zostawić tego obowiązku komuś innemu. Powód jest prosty: nikomu innemu nie zaufałbym, że zrobi to jak trzeba. Inni mają prawo by mi nie ufać tak bardzo jak ja nie ufam im, ale nie zmienia to faktu, że to ja mam moc. I jako ten silniejszy, jest to zarówno mój przywilej jak i obowiązek by prowadzić innych za sobą.
Book_DrakeNotebook_50	Book	Naturally, I'm not without weaknesses. Doubts plagued me day after day, making me wonder whether my approach was correct. That's why, when that 'something' approach me in order to strike a deal, I did not particularly hesitate. The offer was too good to pass up.	Naturalnie rzecz biorąc, nie jestem bez słabości. Wątpliwości trawiły mnie dzień za dniem, zastanawiałem się czy moje podejście jest odpowiednie. Z tego powodu, gdy to 'coś' się ze mną spotkało i zaproponowało układ, specjalnie się nie wahałem. Oferta była zbyt dobra, by ją odpuścić.
Book_DrakeNotebook_60	Book	The agreement was simple: I'll loan most of my Energy Core, and in exchange I shall see the next 12 years of this world. Honestly, that part was not that important. Much more enticing was the fact I'd be able to use 'Precognition', to see a few seconds into the future. Combining short-term and long-term vision, I would be able to always make the right decision.	Układ był prosty: ja wypożyczam większość mojego Rdzenia Energii, a w zamian zobaczę następne 12 lat tego świata. Prawdę powiedziawszy, ta część nie była zbyt istotna. O wiele bardziej zachęcający był fakt, że stanę się zdolny do korzystania z 'Prekognicji', co pozwoli mi wiedzieć kilka sekund w przyszłość. Łącząc krótko- i dalekosiężną wizję, stałbym się zdolny do zawsze podejmowania dobrej decyzji.
Book_DrakeNotebook_70	Book	But the future I saw shook me to the core. How revolting.	Ale przyszłość którą zobaczyłem wstrząsnęła mną. Tak wstrętna.
Book_DrakeNotebook_80	Book	Infuriating.	Irytująca.
Book_DrakeNotebook_90	Book	Disgusting.	Obrzydliwa.
Book_DrakeNotebook_100	Book	And above all else, how extremely, and utterly...	I ponad wszystko inne, tak bardzo, tak ekstremalnie...
Book_DrakeNotebook_110	Book	...Pathetic.	...Żałosna.
Book_DrakeNotebook_120	Book	The future I saw was by no means 'ruined'. If anything, the average person might consider it to be 'good'. I only saw limited glimpses from the 12 eclipses in the future. Most of the things, I had to figure out based on context.	Przyszłość którą zobaczyłem nie była w żadnym stopniu 'zrujnowana'. Wręcz przeciwnie, przeciętna osoba mogłaby ją uznać za 'dobrą'. Widziałem tylko ograniczone fragmenty, niektóre sceny z 12 zaćmień w przyszłości. Wiele rzeczy musiałem wywnioskować z kontekstu.
Book_DrakeNotebook_130	Book	One thing that did not surprise me was the power that Laura Tonitrui wielded in that future. She was always a shrewd politician, so that much seemed inevitable. Under her influence, a lot of efficient policies have been implemented. I'll need to use her properly once I seize power in the future I'll create.	Jedna rzecz, która mnie nie zaskoczyła, to jak dużą moc Laura Tonitrui dzierżyła w przyszłości. Zawsze była przebiegłym politykiem, więc wydawało się to nieuniknione. Pod jej wpływem wprowadzonych zostało wiele efektywnych polityk. Będę musiał odpowiednio ją wykorzystać gdy w przyszłości przejmę władzę.
Book_DrakeNotebook_140	Book	My own role in that world seemed satisfactory at a first glance. Studying all sorts of techniques from all 7 families, furthering technological progress by decades at a time. I seemed more focused on scholarly pursuits rather than actual politics.	Moja własna rola w tym świecie na pierwszy rzut oka wydawała się satysfakcjonująca. Badanie różnych technik z wszystkich 7 rodzin, zwiększanie postępu technologicznego o całe dekady. Wyglądałem na bardziej skupionego na pogoni naukowej niż polityce.
Book_DrakeNotebook_150	Book	The main problem was that guy called Alex. He was a slum rat who came out of nowhere. Supposedly led a gang of good-for-nothings who refused to come under the Molis family, even had 3 Enforcers in their ranks. In some inexplicable way, by the time he was 20 years old he built up enough manpower to rival the strength of a noble family.	Głównym problemem był ten gość, Alex. Wziął się z jakichś slumsów. Rzekomo dowodził jakimś gangiem nieudaczników, którzy nie chcieli dołączyć do rodziny Molis, mimo że mieli 3 Autarchów w swoich szeregach. Jakimś niezrozumiałym dla mnie sposobem, do czasu gdy miał 20 lat udało mu się zgromadzić wystarczająco dużo ludzi, by konkurować z siłą rodziny szlacheckiej.
Book_DrakeNotebook_160	Book	He was honestly nothing out of the ordinary: uneducated and completely lacking in terms of diplomacy, the only thing he had going for him was his crude strength, and his thug brotherhood: Ryker, Elen and many others.	Szczerze mówiąc nie mogę tego zrozumieć, nie dostrzegłem w nim niczego wyjątkowego. Niewykształcony i nieuzdolniony politycznie, jedyne co miał to nieokrzesaną siłę i bandę zbirów: Ryker, Elen i wielu innych.
Book_DrakeNotebook_170	Book	Although I have to admit: I do feel bad for Elen. She seemed like an intelligent and kind girl, and she did not deserve to be deemed to that organization. I'll need to save her if I have a chance. Maybe that Alex guy could be useful as well, as long as he's properly separated from Laura.	Muszę przyznać się do jednego: szkoda mi Elen. Wyglądała na inteligentną i miłą dziewczynę, nie zasługiwała na bycie skazaną na bycie w tamtej bandzie. Uratuję ją, jeśli nadarzy się dobra okazja. Może ten Alex też się okaże przydatny, tak długo jak uda mi się odciągnąć go od Laury.
Book_DrakeNotebook_180	Book	Yes, that's what the main problem was. Alex and Laura got along way too well while the three of us were in an alliance. Laura took care of politics, Alex handled the criminals, while I was content just studying, letting the other two effectively ruled the world.	Tak, to właśnie był główny problem. Alex i Laura dogadywali się zdecydowanie zbyt dobrze kiedy nasza trójka była w przymierzu. Laura skupiała się na polityce, Alex zajmował się kryminalistami, a ja się zadowalałem badaniami, pozwalając by ta dwójka rządziła światem.
Book_DrakeNotebook_190	Book	And that's something I cannot forgive. I would be willing to forgive myself if I failed. Failure is a part of life, a way for us to learn and grow stronger. But the future me did not fail to gain control: he <i>willingly</i> gave up agency over his life, content to have others decide for him.	A jest to coś, czego nie mogę wybaczyć. Byłbym skłonny sobie wybaczyć, gdyby mi się nie udało. Porażka jest częścią życia, sposób byśmy się uczyli i stawali się silniejsi. Ale przyszły ja nie odniósł porażki przy próbie przejęcia kontroli: on <i>z własnej woli</i> oddał władzę innym, zadowalając, by ktoś decydowali za niego.
Book_DrakeNotebook_200	Book	Vile. Pathetic. The vision was supposed to be just a small bonus, but it quickly became the turning point of my life. I will <i>not</i> become like that. I refuse to accept mediocrity. I shall never let myself forget the disgust I felt today. And I shall refresh my memories every day. All so that I won't end up following the same, mistaken path.	Ohydne. Żałosne. Wizja miała być tylko małym dodatkiem, ale szybko stała decydującym momentem mojego życia. Ja się <i>nie</i> stanę kimś takim. Nie zgadzam się akceptować mierności. Nigdy nie pozwolę sobie zapomnieć obrzydzenia, które dzisiaj czuję. I codziennie będę odświeżał sobie pamięć. Wszystko po to, by nie podążyć tą samą, błędną ścieżką.
Book_DrakeNotebook_210	Book	First off, I'll need to neutralize that Alex guy. While his street gang is still growing, I need to split them up among the 7 families. From among that rabble, only Elen seemed to have any value, so I don't mind giving up the rest. And if I use my 'precognition' properly, I might be able to create a situation that will keep both Alex and Laura in check. And most importantly: away from each other.	W pierwszej kolejności, będę musiał zneutralizować tego Alexa. Póki jego gang dopiero się rozrasta będę musiał ich podzielić między 7 rodzin. Z tej zgrai tylko Elen wygląda na porządną, więc nie przeszkadza mi oddać resztę. I jeśli odpowiednio wykorzystam moją 'prekognicję', to być może uda mi się stworzyć sytuację, która utrzyma zarówno Alexa i Laurę w ryzach. I co najważniejsze: z dala od siebie.
Book_DrakeNotebook_220	Book	The rest of the notes go into detail as to how Drake would be able to gain control over the country. Looking at history, most of his plans ended up succeeding, which leads to where the continent stood today: on the brink of Drake's hegemony.	Reszta notatek opisuje w jaki sposób Drake powinien być w stanie przejąć kontrolę nad krajem. Patrząc po historii, to większość z jego planów się udała, co doprowadziło do dzisiejszego stanu rzeczy: niemalże kompletnej kontroli Drake. 
Book_DrakeNotebook_230	Book	"Well, this explains a lot, but helps not at all,"" Alex said and sighed. He did not know what to think about this: he hoped to find something that would help him defeat Drake, but he only gained some insight into his obsession. ""Guess I'll mention this thing the next time me and Drake meet."	"No cóż, to wiele wyjaśnia, ale niewiele pomaga,"" powiedział Alex i westchnął. Nie wiedział, co o tym myśleć: miał nadzieję na znalezienie czegoś, co pomoże mu pokonać Drake, ale jedynie wejrzał w powody jego obsesji. ""Pewnie wspomnę mu o tym pamiętniku, kiedy zobaczę go następny raz."
Name_Book_ForbiddenKnowledge	Book	Forbidden Knowledge	Wiedza Zakazana
Book_ForbiddenKnowledge_0	Book	'Forbidden Knowledge' does not refer to any specific piece of information, but rather to a certain phenomenon. Much like 'True Speech', it is a special reaction that occurrs when specified conditions are met.	
Book_ForbiddenKnowledge_10	Book	First, let us explain the consequences of triggering the so-called 'Forbidden Knowledge' phenomenon. The unfortunate person who caused the reaction has their Energy Core crushed with at least moderate amount of strength. Enforcer-level humans are able to escape weaker occurenses unscathed, but anyone else is doomed to have their bodies harmed or even severly crippled. Moreover, anyone within earshot of the main culprit will suffer the exact same consequences.	
Book_ForbiddenKnowledge_20	Book	As previously mentioned, there seem to be different 'levels' to the punishment handed out by the 'Forbidden Knowledge' phenomenon. The most extreme occurrences can shatter the Energy Core of even the strongest Enforcer, while mildest cases can be withstood by a decently strong warrior. Intensity of the 'punishment' seems to corelate with accuracy and relative importance of conveyed information.	
Book_ForbiddenKnowledge_30	Book	Interestingly, any method of conveying information will trigger the phenomenon. This includes telepathy, any and all kinds of writing (which is the reason why we refrain from citing any specific examples), or even pointing someone towards a method of acquiring said information.	
Book_ForbiddenKnowledge_40	Book	Importantly, the punishment never comes as a surprise. When asked about their experience, the victims claim that the sense of foreboding is similar to just before being struck by a lighting. And just like during a storm, the future victim can run for cover and stop the tragedy from occurring, or in the case of 'Forbidden Knowledge', either stop their current explanation or cover their ears.	
Book_ForbiddenKnowledge_50	Book	Next, let us discuss the type of information that seems to be classified as 'Forbidden Knowledge'. Anything that precedes the founding of Penance, or in other words, everything that happened before 'Year 1'. This includes the state of the world at the time, certain important people and technology. Naturally, we would like to further elaborate on this topic, but given the nature of the topic, we hope our readers understand why it is simply not possible.	
Book_ForbiddenKnowledge_60	Book	In conclusion, 'Forbidden Knowledge', just like 'True Speech', seems to be an unexplained quirk of the world we live in. Unlike the latter, this one affects even regular humans, although nowadays it is just as 	
Name_Book_AboutEnergyCore	Book	Energy Core: A thorough study	
Book_AboutEnergyCore_0	Book	When discussing the nature of 'Energy Core' with uneducated humans, the most common idea that is cited is a 'an extra organ that produces and stores energy'. While not entirely incorrect, this description vastly differs from reality.	
Book_AboutEnergyCore_10	Book	'Energy Core', while commonly referred to as a specific place or an organ, is actually the name of a process occuring in human bodies. It's similiar in structure to the lymphatic system, and varies greatly from person to person. There have been no cases of two 'Energy Cores' operating in the exact same manner, thus explaining the differences in innate ability to use different techniques.	
Book_AboutEnergyCore_20	Book	The fact that 'Energy Core' is slightly different even for two identical twins led many scholars to call the system a 'soul's imprint on human body'. There is some merit to the claim, given that there are certain unexplained phenomena occurring when it comes to 'Energy Core'.	
Book_AboutEnergyCore_30	Book	First and foremost, 'Energy Core' cannot be healed, strengthened or weakened through ordinary means unlike all other parts of human body. Once broken, Energy Core is similar to a glass of water spilled onto the earth, with the glass itself shattered into a thousand pieces for good measure. Even if one were to repair the glass and scoop up the water, both the container and its contents would be vastly different from before.	
Book_AboutEnergyCore_40	Book	Finally, 'Energy Core' seems to be immune to manipulation from even most advanced techniques. While it is technically possible to break one's Energy Core beyond repair, techniques that can manipulate the body's health or even time seem to be ineffective when it comes to the Energy Core itself. As a result, if one were to theoretically make someone's body 10 years younger or older, the Energy Core and its strength would remain unchanged.	
Name_Book_DiaryFilledWithForbiddenKnowledge	Book		
Book_DiaryFilledWithForbiddenKnowledge_0	Book		
Name_Book_TheGlaciesJudgmentsPart87	Book		
Book_TheGlaciesJudgmentsPart87_0	Book		
Name_Book_CelestialBodies	Book		
Book_CelestialBodies_0	Book		
Name_Book_TheFirstKnight	Book	The First Knight	Pierwszy Rycerz
FirstReturn_FirstShadow_0	Dialogue	Alex felt as if he was submerged in a deep, murky lake. Suddenly, a ray of light pierced through the darkness, giving him back control of his senses. And the first thing he noticed was the excruciating pain, threatening to rip him to shreds.	Alex czuł się, jakby był zanurzony w głębokim, mrocznym jeziorze. W pewnym momencie promień światła przebił się przez mrok, przywracając mu kontrolę nad zmysłami. I pierwszą rzeczą którą zauważył był przepełniający go ból, porównywalny do bycia rozrywanym na strzępy.
FirstReturn_FirstShadow_10	Dialogue	One by one, pieces of metal start falling off his body, stacking into a pile below. Alex knew this process: its name was 'energy destabilization' and it occurred whenever an Energy-user tried to wear an artifact way beyond his means.	Jeden po drugim, kawałki metalu zaczęły odpadać z jego ciała, gromadząc się w stertę pod jego nogami. Alex znał ten proces: nazywał się 'destabilizacją energii' i następował w momencie, kiedy użytkownik energii usiłował władać artefaktem wykraczającym poza jego możliwości.
FirstReturn_FirstShadow_20	Dialogue	"""...What just... happened?"" Alex murmured despite the pain, his body feeble and completely unlike how he remembered it. It is as if the years of difficult training he underwent were all a lie."	"""...Co się... ze mną dzieje?"" Alex mamrotał pod nosem mimo bólu, jego ciało o wiele słabszym, niż je zapamiętał. Czuł się, jakby lata ćwiczeń które przebył były jedynie tworem jego wyobraźni."
FirstReturn_FirstShadow_30	Dialogue	I know you're confused and all, but shouldn't you get moving? You didn't come on this mission alone.	Rozumiem, że nie wiesz co się dzieje, ale chyba powinieneś się ogarnąć? Nie brałeś udziału w tej misji w pojedynkę.
FirstReturn_FirstShadow_40	Dialogue	Suddenly, <i>something</i> materialized in front of Alex. Startled, he instinctively picked up the weapon strapped to his belt. Unlike the armor, the gun did not explode into scrap. Still, the energy circuits inside it were completely fried, turning it from cutting-edge technology into a shadow of its former self.	Nagle <i>coś</i> pojawiło się przed Alexem. Zaskoczony, Alex instynktownie wyciągnął broń przypiętą do jego pasa. W przeciwieństwie do zbroi, jego broń palna nie zamieniła się w złom. Niestety, układy energetyczne w środku kompletnie się przepaliły, zamieniając cudo technologii w żałosną imitację. 
FirstReturn_FirstShadow_50	Dialogue	"""Speak: what are you, exactly?"" Alex threatened the entity with what remained of his greatsword."	"""Gadaj: czym jesteś?"" Alex groził dziwnej istocie tym, co pozostało z jego miecza."
FirstReturn_FirstShadow_60	Dialogue	"""Should that really be your biggest concern?"" The shadow seemed to be mocking Alex. ""Not 'where am I', or 'why am I here'? Or perhaps even... 'what year is it'."	"""Czy to powinno być twoich głównym zmartwieniem?"" Cień wydawał się drwić z Alexa. ""Ani 'gdzie jestem', ani 'czemu tutaj jestem'? Ani nawet... 'który mamy rok'."
FirstReturn_FirstShadow_70	Dialogue	"""And a strange, dark fog would surely know the answers to those questions, huh?"" Alex tried to keep his emotions under control. He could feel himself getting agitated, but that would not help him in figuring out this situation."	"""A jakaś dziwna, cienista mgła na pewno zna odpowiedzi na te pytania."" Alex próbował trzymać emocje na wodzy, ale czuł narastającą frustrację. Mimo wszystko wiedział, że złość nie pomoże mu w zrozumieniu zaistniałej sytuacji."
FirstReturn_FirstShadow_80	Dialogue	"""You <i>did</i> expect me to know the answer to 'what am I', which seems like the more difficult question."" The shadowy being seemed to be enjoying Alex's reactions."	"""No cóż, spodziewałeś się że <i>znam</i> odpowiedź na pytanie 'czym jestem', co wydaje się najtrudniejszym z tych pytań."" Cień wydawał się czerpać przyjemność z reakcji Alexa."
FirstReturn_FirstShadow_90	Dialogue	You're currently in Penance, stuck in a warehouse inside one of the slums. As far as I'm aware, you came here with a strong-looking mercenary to neutralize a terrorist threat.	Obecnie znajdujesz się w Pokucie, utknąłeś w magazynie jednego ze slumsów. Z tego co się orientuję, przyszedłeś tu z silnie wyglądającym najemnikiem, żeby zneutralizować zagrożenie terrorystyczne.
FirstReturn_FirstShadow_100	Dialogue	Eclipse Festival. Terrorist threat. Slums in Penance. Somewhere from deep within Alex's mind, memories started bubbling up to the surface.	Festiwal Zaćmienia. Zagrożenie terrorystyczne. Slumsy w Pokucie. Wewnątrz umysłu Alexa wspomnienia zaczęły wypływać na powierzchnię.
FirstReturn_FirstShadow_110	Dialogue	"""Right... A mission with Ryker. I remember now. But what is <i>that</i> about?"" Alex pointed towards a pile of scrap metal nearby. Those used to be the armor and weapons he took while undertaking this mission. Almost all of it ended up being destroyed due to energy destabilization."	"""Taaak... Misja z Rykerem. Pamiętam już. Ale co <i>to</i> niby ma znaczyć?"" Alex wskazał na stos kawałków metalu leżący pod jego stopami. Były to pozostałości jego zbroi i broni, które zabrał na tą misję. Prawie wszystko uległo zniszczeniu w wyniku destabilizacji energii."
FirstReturn_FirstShadow_120	Dialogue	Explanations can wait. From the moment you woke up, you're racing against time. You should know that better than anyone.	Wyjaśnienia mogą zaczekać. Od momentu, w którym się ocknąłeś rozpoczął się dla ciebie wyścig z czasem. Ale chyba dobrze o tym wiesz.
FirstReturn_FirstShadow_130	Dialogue	Alex clicked his tongue and looked around. If his memories served him right, Ryker was waiting just outside of this warehouse. He must be finished with his part of the job.	Alex westchnął i rozejrzał się wokół. Jeśli pamięć go nie myliła, to Ryker czekał na niego na zewnątrz magazynu. Najprawdopodobniej załatwił już swoją część roboty.
FirstReturn_FirstShadow_140	Dialogue	"""I'll sort things out with Ryker, but I'm expecting a full explanation once I'm done."" Alex had his suspicions regarding what happened to him. If he was right, then he found himself in quite the precarious situation."	"""Rozmówię się z Rykerem, ale po tym oczekuję pełnego wyjaśnienia z twojej strony."" Alex miał pewne podejrzenia w kwestii tego, co mu się stało. Jeśli miał rację, to znalazł się on w dosyć niebezpieczniej sytuacji."
FirstReturn_FirstShadow_150	Dialogue	"""Sure. Not like I'm in a hurry anywhere."" The shadowy entity did not drop its carefree attitude even for a second. ""I'll be waiting outside. If you manage to make it through alive."" With those words, the shadow vanished into thin air, leaving Alex standing alone in the warehouse filled with unconscious criminals."	"""Jasna sprawa. Nigdzie mi się nie spieszy."" Uśmiech nie zszedł z twarzy cienistej istoty nawet na moment. ""Będę czekał na zewnątrz. Jeśli uda ci się wyjść z tego cało."" Po tych słowach cień rozpłynął się w powietrzu, pozostawiając Alexa samego w magazynie wypełnionym pozbawionymi przytomności kryminalistami."
FirstReturn_Inter_0	Dialogue	From what I remember, I came here to answer an urgent terrorist threat while almost everyone in the world is celebrating the Eclipse Festival in Penance.	Z tego co pamiętam, to przybyłem tutaj by odpowiedzieć na nagłe zagrożenie terrorystyczne. Większość ludzi na świecie właśnie dobrze się bawi na Święcie Zaćmienia w Pokucie.
FirstReturn_Inter_10	Dialogue	The armor is beyond help, but maybe there's something that didn't explode. I should search through the broken pieces that are lying next to me.	Zbroja jest do wyrzucenia, ale może znajdzie się coś, co nie eksplodowało. Powinienem przeszukać stertę złomu obok mnie.
FirstReturn_Inter_20	Dialogue	Lucky me, at least my badge survived. Applying for a replacement is a bureaucratic hell from what I've heard.	Przynajmniej moja odznaka się ostała. Słyszałem, że składanie wniosku o wymianę to biurokratyczne piekło.
FirstReturn_Inter_30	Dialogue	All hostiles already knocked out. If I lost my powers 5 minutes earlier, things might have gotten dicey.	Wszyscy wrogowie już leżą nieprzytomni. Gdybym stracił siłę nawet 5 minut wcześniej, mogłoby się to źle dla mnie skończyć.
FirstReturn_Inter_40	Dialogue	After being overloaded with hostile energy, the criminals should be unconscious for at least 12 hours. I can leave the clean-up to the Ignis knights.	Po byciu przepełnionym wrogą energią, kryminaliści powinni leżeć nieprzytomni przynajmniej 12 godzin. Wyczyszczenie tego magazynu mogę zostawić rycerzom Ignis.
FirstReturn_Inter_50	Dialogue	Guess I need to pick up any decent weapons I can find. Just my luck: taking a big loan to buy equipment, just for all of it to explode a few days later.	Od teraz muszę podnosić każdą porządną broń, którą znajdę. Oto moje szczęście: zaciągnąć dług na zakup ekwipunku, żeby puścić go z dymem klika dni później.
FirstReturn_Inter_60	Dialogue	So dark outside. It's hard to believe it's actually the middle of the day. Guess Penance is lit up by countless lanterns right now.	Na zewnątrz tak ciemno. Aż trudno uwierzyć, że jest środek dnia. Pewnie Pokuta jest teraz rozświetlona niezliczonymi latarniami. 
FirstReturn_FirstRyker_0	Dialogue	Oh, Alex, you're finished already? As expected from you.	O, Alex. Wszystko załatwione po twojej stronie? Spodziewałem się niczego innego.
FirstReturn_FirstRyker_10	Dialogue	Ryker's carefree attitude vanishes the moment he notices that something is wrong with Alex's body.	Beztroskie nastawienie Rykera zniknęło w momencie, gdy zorientował się, że coś jest nie tak z ciałem Alexa.
FirstReturn_FirstRyker_20	Dialogue	"""Wait, what happened to you? Did you get into a life-or-death situation or something?"" There was a mixture of surprise and concern on Ryker's face."	"""Zaraz, co się z tobą stało? Stoczyłeś jakąś walkę na śmierć i życie, czy co?"" W głosie Rykera słychać było mieszankę zaskoczenia i troski."
FirstReturn_FirstRyker_30	Dialogue	Alex hesitated. If his suspicions were correct, then he found himself in an extremely dangerous situation. If he revealed truth to Ryker, the man would have an obligation to knock Alex out and bring him to Ryker's employer.	Alex zawahał się. Jeśli jego podejrzenia były prawdą, to znalazł się w bardzo niebezpiecznej sytuacji. Gdyby ujawnił prawdę Rykerowi, Ryker miałby obowiązek obezwładnić Alexa i zabrać do swojego przełożonego.
FirstReturn_FirstRyker_40	Dialogue	Still, Alex knew Ryker since they were children fighting for scraps. He could always trust him to watch his back. But this would be the first time when his loyalty towards Alex would be pitted against his loyalty towards his organization.	Z drugiej strony, Alex znał Rykera od kiedy byli dziećmi walczącymi o ochłapy. Zawsze miał w nim wsparcie. Ale to będzie pierwszy raz, kiedy jego lojalność wobec Alexa będzie postawiona przeciwko jego lojalności wobec organizacji, do której należy.
FirstReturn_FirstRyker1_0	Dialogue	*Tell Ryker the truth*	*Powiedz Rykerowi prawdę*
FirstReturn_FirstRyker2_0	Dialogue	*Make up a lie*	*Wymyśl kłamstwo*
FirstReturn_FirstRyker1_10	Dialogue	I woke up and some shadowy... <i>thing</i>... talked to me. Guess it must be the same thing that happened to Drake 10 years ago.	Gdy się ocknąłem, jakaś cienista... <i>istota</i>... zaczęła do mnie mówić. Chyba stało się ze mną to samo, co z Drake 10 lat temu.
FirstReturn_FirstRyker1_20	Dialogue	"Taken completely off-guard, Ryker seemed at a loss for words. ""Damn, who'd have thought. What did you get yourself into, man?"""	"Wzięty z zaskoczenia przez otrzymane informacje, Ryker zaniemówił. ""Kto by pomyślał. W co ty się wpakowałeś, człowieku?"""
FirstReturn_FirstRyker1_30	Dialogue	I don't know, but I plan to find out.	Nie wiem, ale zamierzam się dowiedzieć.
FirstReturn_FirstRyker1_40	Dialogue	"""I'll be rooting for you. Thanks for being straight with me, I appreciate it."" Ryker said as he started preparing for battle. That much did not surprise Alex. The question was: how serious would Ryker be in the upcoming fight."	"""No cóż, w takim razie życzę powodzenia. Dzięki za szczerość, zdecydowanie doceniam."" Ryker powiedział i zaczął się przygotowywać do walki. Nie zaskoczyło to Alexa. Jedyne pytanie brzmiało: jak poważnie Ryker zamierzał podejść do nadchodzącego starcia."
FirstReturn_FirstRyker2_10	Dialogue	"""There was some seriously strong guy back there. I had to go all-out against him, and I'm feeling completely out of it right now."" Alex said the best excuse he could come up with."	"""Walczyłem z kimś naprawdę mocnym. Musiałem dać z siebie wszystko, i chyba sporo mnie to kosztowało."" Alex powiedział najlepszą wymówkę, jaka przyszła mu do głowy."
FirstReturn_FirstRyker2_20	Dialogue	"""Someone strong enough to bring <i>the</i> Alex Wester to the brink of death? I don't think so."" Ryker said, his expression filled with scepticism."	"""Ktoś na tyle mocny, żeby sprowadzić <i>Alexa Westera</i> na krawędź śmierci? Coś trudno mi uwierzyć."" Ryker powiedział, jego wyraz twarzy przepełniony niedowierzaniem."
FirstReturn_FirstRyker2_30	Dialogue	"Still, I think I know what happened, so I'm not surprised you're trying to keep it under wraps."" Ryker added as he started preparing for the upcoming fight. ""Still, as your friend, I was hoping you'd trust me a bit more than that."	"No nic, domyślam się co się stało i nie dziwi mnie, że niechętnie się tym dzielisz z innymi."" Ryker dopowiedział i zaczął przygotowywać się na nadchodzącą walkę. ""Mimo to, jako twój przyjaciel, miałem nadzieję że pokładasz we mnie nieco więcej ufności."
FirstReturn_FirstRyker_60	Dialogue	"""Do take it easy on me."" Alex sighed. Conflict was inevitable."	"""Mam nadzieję, że nie dasz z siebie wszystkiego."" Alex westchnął. Konflikt był nieunikniony."
FirstReturn_FirstRyker_70	Dialogue	"""You seem quite a bit out of it, so how about a quick spar before we get serious? Wouldn't want to kill you by mistake."" Ryker's words might seem aggressive, but they actually carried genuine concern. If the man wanted, he could indeed kill current Alex in a single blow."	"""Wyglądasz, jakbyś nadal nie doszedł do siebie, więc co byś powiedział na lekką rozgrzewkę? Nie chciałbym cię przez przypadek zabić."" Słowa Rykera mogły wydać się agresywne, ale wynikały ze szczerej troski. Gdyby chciał, Ryker mógłby zabić Alexa w jego obecnej formie jednym ciosem."
FirstReturn_FirstRyker3_0	Dialogue	"""I'd appreciate that."" *Start tutorial*"	"""Z chęcią."" *Rozpocznij samouczek*"
FirstReturn_FirstRyker4_0	Dialogue	*Skip tutorial*	*Pomiń samouczek*
FirstReturn_SecondRyker_0	Dialogue	Not too shabby. Guess you still have your skills and experience. Power is still lacking, but getting that back is a matter of time.	Całkiem nieźle. Wygląda na to, że nadal zostały ci umiejętności i doświadczenie. Siła pozostawia wiele do życzenia, ale to akurat można łatwo odzyskać z czasem.
FirstReturn_SecondRyker_10	Dialogue	"""Unfortunately, 'time' is the thing I'm definitely lacking."" Alex sighed."	"""Niestety 'czas' jest czymś, czego najbardziej mi brakuje."" Alex westchnął."
FirstReturn_SecondRyker_20	Dialogue	"""That's why you have me. If word gets out that you held up against me, Drake might be more careful about trying to eliminate you."" Ryker said and started charging a massive amount of energy into his fist."	"""Właśnie dlatego masz mnie. Jeśli rozejdzie się plotka, że udało ci się wytrzymać walkę ze mną, to Drake zastanowi się dwa razy zanim spróbuję cię wyeliminować."" Ryker powiedział i zaczął ładować ogromną ilość energii w swoją pięść."
FirstReturn_SecondRyker_30	Dialogue	Suddenly, Ryker punched the ground, causing the landscape to change. It was Ryker's signature 'Rock Cage', a move meant for preventing dangerous criminals from escaping. Alex never thought he would find himself on the receiving end of it.	Nagle Ryker uderzył pięścią w ziemię, sprawiając że okolica zmieniła się nie do poznania. To była słynna umiejętność Rykera, 'Skalna Klatka', służąca do odcinania drogi ucieczki kryminalistom. Alex nigdy nie myślał, że umiejętność ta zostanie użyta przeciwko niemu.
FirstReturn_SecondRyker_40	Dialogue	"""Guess all that's left is to put on a show of a lifetime,"" Alex said, a wry smile on his face. His words marked the start of the fight."	"""No cóż, nie pozostało nic innego jak pokazać światu, że stoczyliśmy tutaj zaciekłą walkę,"" Alex powiedział z grymasem na twarzy. Jego słowa zakomunikowały początek starcia."
FirstReturn_FinalRyker_0	Dialogue	"""Guess that does it,"" Ryker said, gasping for breath. Desperately trying to hold back his strength was probably more exhausting than the fight itself."	"""To chyba na tyle,"" Ryker powiedział, próbując złapać dech. Desperackie usiłowanie ograniczenia swojej siły było zapewne bardziej męczące niż sama walka."
FirstReturn_FinalRyker_10	Dialogue	Let's go with this version: I seem to have unlocked some new ability, which cost me a lot of my former power. However, I still had enough of it to fight back against you. After clashing for a bit, I barely managed to escape using a powerful artifact I found in the warehouse.	Dobra, to ustalmy następującą wersję: wygląda na to, że udało mi się zdobyć jakąś nową umiejętność kosztem dużej części mojej istniejącej mocy. Wystarczyło mi jednak sił, żeby się z tobą zmierzyć. Po kilku minutach walki ledwo udało mi się uciec przy użyciu potężnego artefaktu, który znalazłem w magazynie.
FirstReturn_FinalRyker_20	Dialogue	"Sounds good to me. Drake might suspect something, but he shouldn't be able to prove anything beyond a shadow of doubt,"" Ryker said as he seemed to ponder something. ""What're you planning to do from now on?"	"Brzmi nieźle. Drake może coś podejrzewać, ale nie będzie mógł mi niczego definitywnie udowodnić,"" Ryker powiedział i zaczął się nad czymś zastanawiać. ""Co planujesz teraz zrobić?"
FirstReturn_FinalRyker_30	Dialogue	First, I need to get some answers from that shadowy thing. After that, I'll need to figure out a way to beat Drake, as unlikely as it seems.	W pierwszej kolejności, muszę dopytać się tej cienistej istoty o niektóre sprawy. Po tym, będę musiał znaleźć sposób na pokonanie Drake, jakkolwiek trudne by się to nie wydawało.
FirstReturn_FinalRyker_40	Dialogue	"""Well, if anyone is supposed to stand a chance, then it would be someone with a similar ability, so I'll be rooting for you. Give me a call if you'll need me for anything,"" Ryker said as he waved Alex goodbye and walked off."	"""No cóż, jeśli ktoś miałby mieć szansę, to właśnie ktoś z tego samego typu umiejętnością, więc będę trzymał za ciebie kciuki. Zadzwoń do mnie, gdybyś czegoś potrzebował,"" Ryker powiedział, odmachał Alexowi na pożegnanie i odszedł."
FirstReturn_FinalRyker_50	Dialogue	"""Guess I'm lucky it was Ryker who came along with me on this mission,"" Alex said as he sighed with relief. Anyone else might have sold him out to Drake once they noticed the changes in Alex's body."	"""Miałem szczęście, że to właśnie Ryker przyszedł ze mną na tą misję,"" Alex powiedział i odetchnął z ulgą. Ktokolwiek inny wydałby go Drake w mgnieniu oka."
FirstReturn_FinalShadow_0	Dialogue	No backstabbing? How boring.	Tak bez żadnej zdrady? Ale jesteście nudni.
FirstReturn_FinalShadow_10	Dialogue	"Enough games,"" Alex said as he sent a threatening glare in the shadow's direction. ""I don't have much time to waste, so let's set things straight: are you the reason why I lost my power?"	"Starczy tych gierek,"" powiedział Alex i posłał groźne spojrzenie w stronę cienia. ""Nie mam czasu, więc przejdźmy do rzeczy: czy to przez ciebie straciłem moc?"
FirstReturn_FinalShadow_20	Dialogue	"""<i>You</i> were the one who made the wish. I simply made it happen,"" the entity said as it shrugged its shoulders."	"""To <i>ty</i> sobie tego życzyłeś. Ja tylko pomogłem to życzenie spełnić,"" powiedział cień i wzruszył ramionami."
FirstReturn_FinalShadow_30	Dialogue	So it's just like what happened to Drake 10 years ago?	Czyli to samo, co się stało Drake 10 lat temu?
FirstReturn_FinalShadow_40	Dialogue	More or less. In Drake's case, I allowed him to see 10 years into the future. As for you, I turned back time to 1 year in the past.	Mniej więcej. W przypadku Drake pozwoliłem mu spojrzeć 10 lat w przyszłość. W twoim przypadku cofnąłem cię rok w przeszłość.
FirstReturn_FinalShadow_50	Dialogue	"""Then why is my memory missing?"" Alex asked. He would not just blindly trust such a suspicious existence."	"""No to czemu nic z tego nie pamiętam?"" Alex spytał. Nie miał zamiaru ślepo ufać tak podejrzanemu bytowi."
FirstReturn_FinalShadow_60	Dialogue	"You only have yourself to blame."" The entity shot Alex a mocking smile. ""I wanted to keep your memories, but you suggested otherwise. In exchange, I agreed to turn back time twice more."	"Winić możesz tylko siebie."" Cień spojrzał się na Alexa z drwiącym uśmiechem. ""Ja chciałem zachować twoje wspomnienia, ale to ty odmówiłeś. W zamian zgodziłem się cofnąć czas dodatkowe dwa razy."
FirstReturn_FinalShadow_70	Dialogue	"""So, because I don't have any memories, I should just believe everything you say? How convenient."" Although it would cost him a lot of precious time, Alex resolved himself to investigate the mysterious existence before making any decisions."	"""Więc skoro nie mam żadnych wspomnień, to powinienem wierzyć we wszystko co mówisz? Jaki zbieg okoliczności."" Choć kosztować go to będzie sporo cennego czasu, Alex zdecydował się przeprowadzić dochodzenie w kwestii cienistego bytu przed podjęciem dalszych kroków."
FirstReturn_FinalShadow_80	Dialogue	"""You sure know yourself well. You even predicted that annoying attitude of yours."" The shadow said and sighed, as if preparing itself for something."	"""Trzeba przyznać, że dobrze siebie znasz. Nawet przewidziałeś, że zareagujesz w tak irytujący sposób."" Cień powiedział i westchnął, jakby przygotowując się do zrobienia czegoś."
FirstReturn_FinalShadow_90	Dialogue	"After a few seconds, surrounding air started brimming with energy and the shadow started speaking. <color=""red"">""You wished to turn back time one year into the past, and I granted that wish. You knew you would not retain your memories. I will turn back time 2 more times, restoring it back to this day. The price for next two '1-year regressions' has already been paid.""</color>"	"Po kilku sekundach, powietrze zaczęło wibrować od nagromadzonej energii i cień zaczął mówić. <color=""red"">""Życzyłeś sobie cofnąć czas o rok, a ja spełniłem to życzenie. Wiedziałeś, że nie zachowasz wspomnień. Cofnę czas jeszcze 2 razy, powracając do dzisiejszego dnia. Cena za następne dwie 'regresje o 1 rok' została już opłacona.""</color>"
FirstReturn_FinalShadow_100	Dialogue	"The shadow's words took Alex completely by surprise. Not their content, but their very nature. ""True speech? I didn't expect something like you to be capable of using it."""	"Słowa cienia wzięły Alexa kompletnie z zaskoczenia. Nie ich zawartość, lecz ich sama natura. ""Prawdziwa mowa? Nie spodziewałem się, że coś takiego jak ty jest w stanie jej używać."""
FirstReturn_FinalShadow_110	Dialogue	"""How condescending. In the first place, what you call 'true speech' was created for <i>my</i> sake. It's you humans who started using it for your own needs."" Although the shadow's words indicated anger, the being itself did not seem to particularly care about such matters."	"""Patrzysz na mnie z góry, ale 'prawdziwa mowa' została stworzona dla <i>mnie</i>. To wy ludzie zaczęliście jej używać w swoich celach."" Choć słowa cienia sugerowały złość, sam byt nie wydawał się specjalnie przejmować takimi sprawami."
FirstReturn_FinalShadow_120	Dialogue	Anyway, I'm too tired for anything more than that. Hopefully that should be enough to stop you from wasting your time suspecting me and my intentions.	Tak czy inaczej, jestem zbyt zmęczony na robienie czegokolwiek więcej. Mam nadzieję, że zapobiegłem bezsensownemu podejrzewaniu mnie i moich intencji.
FirstReturn_FinalShadow_130	Dialogue	"""I suppose so..."" Alex said. The whole situation still seemed a bit too convenient, but 'true speech' could never be false..."	"""Może i tak..."" Alex powiedział. Cała sytuacja wydawała mu się być zbyt na jego korzyść, ale 'prawdziwa mowa' nie tolerowała fałszu.."
FirstReturn_FinalShadow_140	Dialogue	Through some force, even if the speaker believed for something to be true, it was often not enough to tell it in 'true speech'. The exact criteria was a mystery, but only 'absolute truths' could be conveyed. A case of speaking a falsehood using 'true speech' has never been recorded.	Jakimś sposobem, nawet jeśli mówca szczerze wierzył, że mówi prawda, to nie wystarczało by wypowiedzieć to za pomocą 'prawdziwej mowy'. Dokładne kryteria były owiane tajemnicą, ale tylko 'absolutne prawdy' mogły być zakomunikowane za jej pomocą. Przypadek, żeby ktoś powiedział nieprawdę przy pomocy 'prawdziwej mowy' nigdy nie został odnotowany.
FirstReturn_FinalShadow_150	Dialogue	"As such, Alex had no choice but to start analysing what his future self's intentions could have been. It did not take long to come up with a hypothesis. ""I guess I must have helped Drake realize his ambitions, but ended up regretting it. And since Drake would never tolerate another Enforcer capable of ruining his plans, I have no choice but to fight against him."""	"Z tego powodu, Alex musiał po prostu zacząć analizować intencje swojego przyszłego 'ja'. Postawienie hipotezy nie zajęło mu długo. ""Zapewne pomogłem Drake osiągnąć jego ambicje, ale zacząłem tego żałować. I jako że Drake nigdy nie będzie tolerował innego Autarchy zdolnego do zrujnowania jego planów, nie mam wyboru i muszę z nim walczyć."""
FirstReturn_FinalShadow_160	Dialogue	Impressive. That's pretty much what the 'future you' told me when I asked why you didn't need any memories. Through the simple act of granting your wish, you're already forced to walk a different path than before.	Jestem pod wrażeniem. To w sumie dokładnie to, co twoje 'przyszłe ja' powiedziało kiedy zapytałem, czemu nie potrzebuje wspomnień. Samo spełnienie twojego życzenia już zmusiło cię do podążania inną drogą, niż ostatnio.
FirstReturn_FinalShadow_170	Dialogue	"And said path is guaranteed to end with me clashing against Drake."" Alex sighed when faced with the enormity of the task ahead. ""A guy capable of seeing into the future. Invulnerable to any sort of ambushes or betrayals. Not even once bested in combat."	"I ta droga daje gwarancję konfliktu z Drake."" Alex westchnął gdy zdał sobie sprawę z trudności zadania przed nim stojącego. ""Człowiek zdolny widzieć przyszłość. Niewrażliwy na jakiekolwiek zasadzki czy zdrady. Niepokonany w walce."
FirstReturn_FinalShadow_180	Dialogue	"""Sounds tough. I'll be rooting for you. See you later."" Having accomplished what it came her to do, the shadow waved Alex goodbye and vanished into thin air. There was not a hint of sincerity in the shadow's words of encouragement. It would no doubt enjoy the show regardless of who came out on top. Alex wondered why it helped Drake 10 years ago, and then himself a year into the future."	"""Brzmi ciężko. Będę ci kibicował. No to widzimy się później."" Osiągnąwszy wszystko co przyszedł tutaj zrobić, cień pomachał Alexowi na pożegnanie i rozpłynął się w powietrzu. Nie można było odczuć nawet krzty szczerości w jego słowach. Zapewne miałby ubaw bez względu, kto by wygrał w tym konflikcie. Alex zastanawiał się, czemu w takim razie cień pomógł Drake 10 lat temu, i znowu jemu samemu rok w przyszłości."
FirstReturn_FinalShadow_190	Dialogue	Finally alone, Alex had to decide on his plan of action. Once Ryker reported back to Drake, the man would consider getting rid of Alex as top priority. As much as he hated it, Alex would need to rely on his old connections.	W końcu sam, Alex musiał zdecydować co robić dalej. W momencie gdy Ryker zda raport, pozbycie się Alexa stanie się najwyższym priorytetem dla Drake. Choć cierpiał na samą myśl o tym, Alex będzie musiał zwrócić się do pewnej znajomej.
FirstReturn_FinalShadow_200	Dialogue	"""Still... Calling her after all this time is going to be a little... no, <i>extremely</i> awkward."" Alex muttered with a sigh. Thus came Alex's first contact with Laura in 8 years."	"""No cóż... Dzwonienie do niej po tylu latach będzie trochę... a nawet <i>bardzo</i> niezręczne."" Alex powiedział i westchnął. W ten sposób doszło do pierwszego kontaktu Alexa z Laura od 8 lat."
FirstMission_Inter_0	Dialogue	Alright, here we go. I need to find an important document. It's probably stored somewhere deep inside in some office or an archive.	No dobra, pora zacząć. Muszę znaleźć ważny dokument, który pewnie jest przechowywany w jakimś głębiej położonym biurze lub archiwach.
FirstMission_Inter_10	Dialogue	Laura warned me that I should prepare another escape route in case things go wrong. It's probably more than just a hunch on her part.	Laura ostrzegała mnie, żebym przygotował sobie dodatkową drogę ucieczki, na wypadek gdyby wystąpiły jakieś komplikacje. To pewnie więcej niż tylko przeczucie z jej strony.
FirstMission_Tunnel_0	Dialogue	Seems like there was some sort of cave-in. I could clear it up, but it would make quite a bit of noise. Should I take the risk?	Wygląda na to, że było jakieś zawalenie tunelu. Mógłbym to naprawić, ale narobiłoby to sporo hałasu. Warto ryzykować?
FirstMission_Tunnel1_0	Dialogue	*Dig open an escape path, possibly waking up nearby guards*	*Wykop drogę ucieczki, budząc okolicznych strażników*
FirstMission_Tunnel2_0	Dialogue	*Safely dig open an escape path*	*Bezpiecznie wykop drogę ucieczki*
FirstMission_Tunnel2_Requirement	Dialogue	Requires defeating guards sleeping in their rooms	Wymaga pokonania strażników śpiących w swoich pokojach
FirstMission_Tunnel1_10	Dialogue	...Aaand done. Unfortunately, quiet digging is not my forte, so now I have some company.	...No i po robocie. Niestety ciche kopanie nie należy do moich atutów, więc mam teraz towarzystwo
FirstMission_Tunnel2_10	Dialogue	...Aaand done. Anyone who could come running is already left unconscious, so no issues in that regard.	...No i po robocie. Każdy, kto mógł tutaj przybiec leży już nieprzytomny, więc brak komplikacji z tej strony.
Interact_SecretPassage	Dialogue	{0} Crawl through the secret passage	{0} Przeczołgaj się przez tajne przejście
Interact_ContinueTutorial	Dialogue	{0} Proceed with the tutorial	{0} Kontynuuj samouczek
Interact_PickUp	Dialogue	{0} Pick up	{0} Podnieś
FirstMission_Inter_60	Dialogue	No important documents here. Must be stored somewhere else, probably in the leader's office.	Brak tutaj żadnych ważnych dokumentów. Muszą być przechowywane gdzie indziej, zapewne w biurze dowódcy.
FirstMission_Inter_70	Dialogue	Run-of-the-mill weapons and armor. It might suit regular humans just fine, but it would break the moment an Enforcer tried to wield it. Only this helmet is worth taking with me	Najzwyklejsze bronie i zbroje. Dla normalnych ludzi mogą w pełni wystarczyć, ale rozsypałyby się w pył, kiedy Autarcha próbowałby ich użyć. Tylko ten hełm jest warty wzięcia.
FirstMission_Inter_80	Dialogue	Poorly maintained, to be used by the low-level grunts. I'll need to search elsewhere for high-quality weapons and armor.	Słabo utrzymywane, przeznaczone do użycia przez nisko-poziomowych pachołków. Wysokiej jakości broni i zbroi muszę szukać gdzie indziej.
FirstMission_Inter_90	Dialogue	This way leads to the surface. Don't need to use it right now: I still need to find the document.	Ta droga prowadzi na zewnątrz. Na razie nie mogę tędy iść: muszę najpierw znaleźć dokument.
FirstMission_Inter_100	Dialogue	Never thought I'd end up sifting through trash like when I was a kid... but here I am. At least found something useful for my trouble.	Nigdy nie myślałem, że będę znowu grzebał w śmieciach, tak jak kiedy byłem dzieckiem... a jednak tak się stało. Przynajmniej znalazłem coś użytecznego.
FirstMission_Inter_110	Dialogue	Wait, that floor tile seems slightly off. There was an expensive-looking key hidden under it.	Zaraz, ten panel w podłodze nieco odstaje. Pod nim schowany był drogo wyglądający klucz.
FirstMission_Inter_120	Dialogue	Seems like this massive greatsword was being used to dig through the tunnel. I should be able to put it to better use.	Wygląda na to, że ten olbrzymi miecz był używany do przekopywania tunelu. Raczej powinienem być w stanie go lepiej wykorzystać.
FirstMission_Inter_130	Dialogue	That's quite the hefty sum he saved up. Guess this mission might have been worth it for this stash alone.	Zgromadził tutaj sporą sumkę. Ta misja mogła się opłacać nawet jeśli wziąć pod uwagę tylko zawartość tej skrzynki.
FirstMission_Inter_140	Dialogue	Don't have time to fix the tunnel now. I'll need to find another way out. Probably a secret passage somewhere...	Nie mam teraz czasu naprawiać tego tunelu. Będę musiał poszukać innego wyjścia. Pewnie jest gdzieś jakieś ukryte przejście...
FirstMission_Inter_150	Dialogue	Seems like this is the leader's office. He might be keeping the document on him.	Wygląda na to, że to biuro lidera. Może trzyma ten dokument przy sobie.
FirstMission_Inter_160	Dialogue	I'm not strong enough to survive a sudden cave-in. I'd rather use the main exit unless it turns out even more dangerous.	Nie jestem obecnie na tyle silny, aby przeżyć nagłe zawalenie się tunelu. Raczej wolę użyć głównego wyjścia, chyba że okaże się jeszcze bardziej niebezpieczne.
FirstMission_Inter_161	Dialogue	No reason to be fixing the tunnel right now. Leaving through the main exit would be a better use of my time.	Nie widzę powodu, żeby teraz naprawiać ten tunel. Wyjście głównymi drzwiami byłoby lepszym wykorzystaniem mojego czasu.
FirstMission_Inter_170	Dialogue	Nice! This is the type of armor I bought before. Upgrading it until it became flawless cost me a small fortune. Well, not like I could wear it in my current state anyway.	Świetnie! To ten typ zbroi kupiłem sobie wcześniej. Ulepszenie go do perfekcyjnego stanu kosztowało mnie niemałą sumkę. W sumie w obecnym stanie i tak nie byłbym w stanie jej używać.
FirstMission_Inter_180	Dialogue	I can feel a draft in this room. There might be some sort of secret passage hidden somewhere here.	Czuję w tym pokoju przewiew. Może gdzieś tu być schowane jakieś sekretne przejście.
FirstMission_Inter_190	Dialogue	Found it: map leading to Laura's stolen shipment. With this, I can take my leave. I don't plan on coming back here, so I should grab anything valuable.	W końcu: mapa prowadząca do skradzionej przesyłki Laury. Teraz mogę stąd iść. Nie planuję tutaj nigdy wracać, więc powinienem wziąć wszystko, co wygląda na kosztowne.
FirstMission_Drake_0	Dialogue	"""...Guess that's what Laura's warning was about. I expected some hired thugs, but definitely not Drake himself."" At first, Alex was gripped by despair, but then he noticed something unexpected."	"""...O więc o to chodziło z tym ostrzeżeniem Laury. Spodziewałem się jakiś wynajętych zbirów, a nie samego Drakea."" Z początku Alex poczuł desperację, ale wtedy zauważył coś niespodziewanego."
FirstMission_Drake_10	Dialogue	Drake, who should have boasted a level of power no less than Alex's from before regression, was now standing just as weakened as he was. No doubt it was only his 'precognition', or perhaps the unspoken threat of it, that was still keeping his henchmen under his control.	Drake, który zwykle mógł się pochwalić siłą nie mniejszą niż Alex przed swoją regresją był teraz równie osłabiony co on. Niewątpliwie tylko jego 'prekognicja', lub raczej niewypowiedziane zagrożenie z nią związane było tym, co nadal trzymało jego najemników pod jego kontrolą.
FirstMission_Drake_20	Dialogue	His confidence came from the fact he <i>knew</i> he would not be betrayed here. That knowledge kept his army in check. Anyone coming out against him would be doing so with Drake's full knowledge of it, and just how badly the insubordination would end.	Jego pewność siebie pochodziła ze <i>świadomości</i>, że nie zostanie tutaj zdradzony. Ta wiedza utrzymywała jego armię pod kontrolą. Ktokolwiek kto by wystąpił przeciw niemu zrobiłby to tylko dlatego, że Drake na to pozwolił, wiedząc jak kiepsko ta niesubordynacja się skończy.
FirstMission_Drake_30	Dialogue	"Upon seeing Alex, Drake smiled and said, ""You were awfully difficult to get a hold of recently ever since your scuffle with Ryker. But now that I see you in person, I think I understand why. The shadowy bastard pulled a fast one on me. I sacrificed most of my Energy Core just to have my precognition rendered unreliable. Truly, such an immaculate stab in the back,"" Drake said with a heavy sigh."	"Po zobaczeniu Alexa, Drake uśmiechnął się i powiedział, ""Coś trudno było ostatnio się z tobą skontaktować od twojej utarczki z Rykerem. Ale teraz, gdy widzę cię na żywo, to w końcu rozumiem dlaczego. Cienisty dupek mnie oszukał. Poświęciłem większość mojego Rdzenia Energii tylko po to, by otrzymać prekognicję, której nie mogę w pełni ufać. Doprawdy, cóż za wykwintny nóż wbity w plecy,"" Drake powiedział i westchnął głęboko."
FirstMission_Drake_40	Dialogue	"Still, I have to say I'm a bit disappointed in you,"" Drake said as he shot a sharp glare in Alex's direction. ""I thought I explained to you thoroughly enough that you <i>cannot</i> be trusted with any sort of greater power. I was willing to turn a blind eye to your exploits as an Enforcer, but making a deal with the Shadow is unacceptable."	"No ale muszę powiedzieć, że nieco się na tobie zawiodłem,"" Drake powiedział i rzucił nieprzychylne spojrzenie w stronę Alexa. ""Chyba już ci dokładnie wyjaśniałem, że tobie <i>nie można</i> ufać jeśli chodzi o jakąkolwiek potężniejszą moc. Przymykałem oko na to, co wyczyniałeś jako Autarcha, ale robienie interesów z Cieniem jest nieakceptowalne."
FirstMission_Drake_50	Dialogue	Who are you to decide what I can or cannot do?	A kim ty jesteś, żeby decydować co mogę robić, a co nie?
FirstMission_Drake_60	Dialogue	"I am the one who understands you the best Alex,"" Drake said with absolute conviction. ""Even better than you understand yourself. I've seen what kind of person you are, just what kind of guy you have the potential to become. And I thought we agreed to cooperate to avoid that worst case scenario."	"Ja jestem osobą, która rozumie cię najlepiej, Alex,"" Drake powiedział z absolutnym przekonaniem. ""Nawet lepiej, niż ty rozumiesz sam siebie. Widziałem już, jakiego typu osobą jesteś, jakiego typu facetem masz potencjał, by się stać. I chyba już się zgodziliśmy co do tego, że powinniśmy uniknąć tego najgorszego scenariusza."
FirstMission_Drake_70	Dialogue	"So awfully preoccupied with looking after others. Did you perhaps forget to look at yourself from time to time?"" Alex asked as he glared back at Drake. ""If we're talking about power-hungry, ruthless despots, then doesn't that describe you much better than it describes me?"	"Tak bardzo się skupiłeś na innych, że chyba zapomniałeś by rzucić okiem na siebie, nieprawdaż?"" Alex zapytał i spojrzał na Drake nieprzychylnym wzrokiem. ""Jeśli mowa o żądnym władzy, bezwzględnym despocie, to ciebie to raczej lepiej opisuje, niż mnie."
FirstMission_Drake_80	Dialogue	"Hah!"" Drake laughed, but did not seem amused in the least. ""It seems like the deal with the Shadow deprived you not only of strength, but brains as well! Everything I do, I do for others.It's alright not to understand that, but I won't just sit still while you insult me like that."	"Hah!"" Drake zaśmiał się, lecz w jego głosie nie było krzty radości. ""Wygląda na to, że umowa z Cieniem pozbawiła cię nie tylko siły, ale też mózgu! Wszystko co robię, robię dla dobra innych. Masz prawo tego nie rozumieć, ale nie pozwolę byś mnie tak obrażał."
FirstMission_Drake_90	Dialogue	Who knows? Maybe the 'Alex' whom you've seen in that vision of the future also had everyone's well-being in mind? Without knowing him too well, there's no way for you to tell.	Kto wie? Może 'Alex' którego widziałeś w wizjach przyszłości też miał tylko dobro innych na sercu? Nie znając go zbyt dobrze nie jesteś w stanie tego dokładnie ocenić.
FirstMission_Drake_100	Dialogue	"Aren't you too young to be suffering from cognitive decline, Alex?"" Drake asked with a wry smile. ""I don't need to know that 'Alex' to be able to judge him. All I have to do is look at the non-existent fruits of his efforts."	"Nie za wcześnie, by dopadała cię demencja starcza, Alex?"" Drake zapytał z grymasem na twarzy. ""Nie muszę znać tamtego 'Alexa' by być w stanie go ocenić. Jedyne co muszę zrobić, to spojrzeć na nieistniejące owoce jego starań."
FirstMission_Drake_110	Dialogue	"And what 'fruits' do you have to show for yourself, Drake Proprius?"" Alex said without letting up. ""A bunch of underlings scared and threatened into following you? A world on the brink of brutal war? I can't help but wonder what sort of judgment the Drake from 10 years ago would have bestowed on the current you."	"A jakimi 'owocami' możesz pochwalić się ty, Drake Proprius?"" Alex powiedział nie dając za wygraną. ""Banda podwładnych, których zastraszyłeś by ciebie słuchali? Świat na skraju brutalnej wojny? Zżera mnie ciekawość, jak Drake sprzed 10 lat oceniłby obecnego ciebie."
FirstMission_Drake_120	Dialogue	"Shut your trap! I didn't come here to discuss, but to make demands,"" Drake said as he struggled to keep his emotions in check. ""Here's your choice: you can come with me willingly and get put into a cushy prison for 1 year. I'll release you after the next Eclipse and we'll forget any of this ever happened."	"Zamknij się! Nie przyszedłem tutaj, by dyskutować, tylko podać moje żądania,"" Drake powiedział, z trudem trzymając nerwy na wodzy. ""Masz wybór: możesz pójść ze mną po dobroci i być wsadzonym do wygodnego więzienia na 1 rok. Wypuszczę cię po następnym Zaćmieniu i zapomnimy, że cokolwiek się między nami zadziało."
FirstMission_Drake_130	Dialogue	"""...Or you could resist. The end result is the same, but the second option will hurt much more. I don't need my 'precognition' to tell you as much,"" Drake said as he kept watching Alex for any sign of abrupt movement."	"""...Albo możesz stawić opór. Efekt końcowy będzie ten sam, ale ta druga opcja ma w zestawie całkiem sporo bólu. Tyle mogę ci powiedzieć nawet bez mojej 'prekognicji',"" Drake powiedział i wypatrywał u Alexa jakichkolwiek nagłych ruchów."
FirstMission_Drake1_0	Dialogue	"""There's only failure at the end of your path, Drake. And this time around, I'm not willing to join you in that journey."" *Continue the game*"	"""Na końcu twojej drogi czeka tylko porażka, Drake. A tym razem już nie jestem skłonny dołączyć do ciebie w tej podróży."" *Kontynuuj grę*"
FirstMission_Drake2_0	Dialogue	"""...Fine. I'll trust that you know what you're doing."" *Unlock Ending 4* (Available in full release)"	"""...No dobra. Zaufam, że wiesz co robisz."" *Odblokuj Zakończenie 4* (Dostępne w pełnej wersji)"
FirstMission_Drake1_10	Dialogue	"""Oh well, I didn't expect it to work anyway,"" Drake said with a sigh and pointed towards his henchmen. ""Deal with him,"" he said and promptly evacuated. Unsurprisingly, Drake was currently not strong enough to engage in direct combat."	"""No nic, i tak nie spodziewałem się, że zaakceptujesz,"" Drake powiedział, westchnął i wskazał na swoich najemników. ""Zajmijcie się nim"" powiedział i szybko się ewakuował. Jak można się było spodziewać, Drake nie był obecnie wystarczająco potężny, by samemu rzucić się do walki."
FirstMission_Drake1_20	Dialogue	Unfortunately, that did not improve Alex's situation overly much. Two of the giants that Drake brought made sure he could not use the regular exit, while 5 other henchmen were preparing to run him down. He had to think fast if he wanted to make it out alive.	Niestety, niewiele to polepszyło sytuację Alexa. Twój gigantów których przyprowadził Drake strzegło głównego wyjścia, a 5 pozostałych najemników przygotowywało się by się na niego rzucić. By stąd wyjść żywym, Alex musiał szybko wymyślić rozwiązanie.
FirstMission_Forest_0	Dialogue	Having escaped from the underground death trap, Alex was running through the moon-illuminated forest. Suddenly, he was filled with a sense of foreboding, causing him to stop dead in his tracks. It was as if his life was about to-	Po ucieczce z podziemnej pułapki, Alex biegł przez las oświetlony księżycem. Niespodziewanie poczuł mrowienie na karku, przez co nagle stanął w miejscu. Czuł się tak, jakby jego życie miało zaraz dobiec-
FirstMission_Forest_10	Dialogue	"A sudden slash performed by an unknown assailant split Alex's Energy Core in two, causing him to black out almost instantly. ""Weird. Is it not working? Or was it his first time?"""	"Nagłe cięcie wykonane przez nieznanego zabójcę sprawiło przepołowiło Rdzeń Energii Alexa, sprawiając, że niemalże natychmiastowo stracił przytomność. ""Dziwne. Nie działa? A może to jego pierwszy raz?"""
FirstMission_Forest_20	Dialogue	With the girl's words being the last thing that reached his ears, Alex's consciousness was abruptly cut off.	Te słowa były ostatnią rzeczą, które Alex zapamiętał zanim jego świadomość została kompletnie odcięta.
FirstMission_Forest_30	Dialogue	Before he noticed, Alex found himself back in the forest, mere moments before he was turned into a cripple. His ability must have activated the moment his Energy Core was shattered, sending him into the past.	Zanim się obejrzał, Alex znalazł się z powrotem w lesie, zaledwie kilka chwil przed zostaniem zamienionym w kalekę. Jego umiejętność musiała się aktywować w momencie, gdy jego Rdzeń Energii uległ zniszczeniu, wysyłając go w przeszłość.
FirstMission_Forest_40		This time, armed with knowledge, he was able to avoid the immaculate blow aiming to cut off his consciousness.	Tym razem wiedział jak uniknąć perfekcyjnego uderzenia, które już pędziło by pozbawić go świadomości.
FirstMission_Forest_50	Dialogue	"""...There's no way you should have been able to dodge that at your current level. Unless... is it actually working?"" the woman mumbled to herself once her assassination attempt failed. She seemed actually happy that Alex managed to dodge her blade."	"""...Przy swoich obecnych umiejętnościach nie ma szans, że powinieneś być w stanie tego uniknąć. No chyba że... to faktycznie działa?"" kobieta zastanawiała się na głos gdy jej atak zakończył się niepowodzeniem. Z jakiegoś powodu wydawała się zadowolona z obecnego obrotu sprawy."
FirstMission_Forest_60	Dialogue	"""What's your problem!?"" Alex shouted as he hastily took out his weapon."	"""Co ci odbiło!?"" krzyknął Alex i w pośpiechu wyciągnął broń."
FirstMission_Forest_70	Dialogue	"Just a quick duel. You were always fond of those back when you were strong, weren't you, Alex?"" the woman said with a mysterious, self-satisfied smile. ""For a change, I'm actually going to enjoy doing my assigned mission."	"Taki tam szybki pojedynek. Zawsze je lubiłeś, kiedy jeszcze byłeś silniejszy. Nieprawdaż, Alex?"" kobieta powiedziała z tajemniczym uśmiechem pełnym satysfakcji. ""W końcu dostałam misję, której wykonanie sprawi mi tyle przyjemności."
FirstMission_Forest_80	Dialogue	"""Guess I have no choice in the matter,"" Alex said as he clicked his tongue. The woman obviously knew more than she should, but Alex would need to beat the answers out of her."	"""Wygląda na to, że pokojowe rozwiązanie nie wchodzi w grę,"" Alex powiedział i westchnął. Ta kobieta ewidentnie wiedziała więcej niż powinna, ale by uzyskać odpowiedzi Alex będzie musiał wpierw ją pokonać."
FirstMission_Forest2_0	Dialogue	"Overwhelmingly underwhelming. I'd rate your current state a meager 4 out of 10,"" the woman said as she nonchalantly dusted off her clothes. ""At this rate, the plan is going to go up in flames."	"Przytłaczająco rozczarowujący. Na obecną chwilę oceniłabym cię na ledwo 4 na 10,"" powiedziała kobieta i nonszalancko oczyściła swój strój. ""W tym tempie nasz plan może spalić na panewce."
FirstMission_Forest2_1	Dialogue	"Better than I feared, but still underwhelming. I'd rate your current state a meager 6 out of 10,"" the woman said as she nonchalantly dusted off her clothes. ""At this rate, the plan might go awry."	"Lepiej niż się obawiałam, ale nadal rozczarowujący. Na obecną chwilę oceniłabym cię na ledwo 6 na 10,"" powiedziała kobieta i nonszalancko oczyściła swój strój. ""W tym tempie nasz plan może być zagrożony."
FirstMission_Forest2_10	Dialogue	"Can we now discuss... why you decided to jump me?"" Alex said as he struggled to catch his breath. ""Does it have anything to do with my newly acquired ability?"	"Możemy teraz przedyskutować... czemu zdecydowałaś się na mnie napaść?"" Alex zapytał się z trudem łapiąc oddech. ""Ma to jakiś związek z moją nowo nabytą mocą?"
FirstMission_Forest2_20	Dialogue	"""That 'regression' of yours, you mean? Of course it does. Do you think I'd fight you to death if it wasn't involved? Who do you take me for, some kind of psychopath?"" the woman said. She seemed genuinely upset."	"""Mowa o twojej 'regresji'? Oczywiście, że ma to związek. Myślisz, że walczyłabym z tobą na śmierć i życie gdyby nie to? Za kogo mnie masz, jakiegoś psychopatę?"" zapytała kobieta. Wydawała się być faktycznie obrażona."
FirstMission_Forest2_30	Dialogue	And so what, are you going to tell me to trust you? That we worked together in that previous, now non-existent timeline?	I co, teraz mi powiesz, że mam ci zaufać? Że pracowaliśmy razem w poprzedniej, teraz już nieistniejącej wersji historii?
FirstMission_Forest2_40	Dialogue	"Like the 'shadow' no doubt tried to convince you? I know you better than that, Alex,"" the woman said with a smile. ""You're going to doubt everyone and everything. You'll conduct your own investigation and come to your own conclusions. And nothing I say is going to convince you otherwise."	"Tak jak niewątpliwie próbował przekonać cię 'cień'? Znam cię zbyt dobrze, żeby tego próbować, Alex,"" kobieta powiedziała z uśmiechem na ustach. ""Będziesz poddawał w wątpliwość wszystko i wszystkich. Sam przeprowadzisz swoje dochodzenie i dojdziesz do własnych wniosków. I nic co powiem nie skłoni cię, żeby postąpić inaczej."
FirstMission_Forest2_50	Dialogue	"...You certainly seem to know me well,"" Alex said as he grimaced. He did not enjoy being seen through so perfectly. ""Why the assassination attempt then?"	"...Faktycznie dobrze mnie znasz,"" Alex powiedział z grymasem. Nie podobało mu się, jak bardzo został przejrzany. ""Więc skąd ta próba zabójstwa?"
FirstMission_Forest2_60	Dialogue	I needed to check if your automatically activated 'regression' works as it should.	Musiałam sprawdzić, czy twoja aktywowana automatycznie 'regresja' działa tak, jak powinna.
FirstMission_Forest2_70	Dialogue	And if it didn't?	A co, gdyby nie działała?
FirstMission_Forest2_80	Dialogue	"Then there would be one less Enforcer with an overly inflated ego running around. No big deal,"" the woman said as she nonchalantly shrugged her shoulders. ""Although now that I think about it, everyone <i>would</i> be kinda screwed, but that's beside the point."	"No to byłoby o jednego mniej egocentrycznego Autarchę. Nic specjalnego,"" kobieta powiedziała i nonszalancko wzruszyła ramionami. ""Choć teraz jak się nad tym zastanawiam, to wszyscy inni <i>też</i> mieliby spory problem, ale to w sumie mało istotne."
FirstMission_Forest2_90	Dialogue	"""Screwed how, exactly?"" Alex asked, growing increasingly frustrated by the lack of clear answers."	"""Spory problem?"" Alex zapytał, coraz bardziej sfrustrowany brakiem dokładnych odpowiedzi."
FirstMission_Forest2_100	Dialogue	"That's something for you to find out, remember?"" the girl said with a smile. ""Let me give you a hint though: predicting mistakes and avoiding them is much easier than straight up undoing mistakes from existence. So don't let the 'shadow' pull the rug from under you."	"To już powinieneś odkryć na własną rękę, prawda?"" dziewczyna powiedziała z uśmiechem. ""Pozwól, że dam ci podpowiedź: przewidywanie pomyłek i omijanie ich jest o wiele prostsze do wykonania niż usunięcie już popełnionych błędów. Więc nie pozwól, żeby 'cień' cię przechytrzył."
FirstMission_Forest2_110	Dialogue	You mean my 'regression' works differently than Drake's 'precognition'?	Twierdzisz, że moja 'regresja' działa inaczej, niż 'prekognicja' Drake?
FirstMission_Forest2_120	Dialogue	"The rule is: one answer per won duel. Don't worry though, more of our assassins will be visiting you before long. We wouldn't want you to get too comfortable with your current level,"" the woman said as she flashed Alex a shameless smile. ""The name's Clarise, by the way. Surely you were dying to know, so I saved you from having to waste a question on that one."	"Panuje zasada: jedna podpowiedź za jeden wygrany pojedynek. Ale nie martw się, więcej naszych zabójców odwiedzi cię w niedalekiej przyszłości. Nie chcielibyśmy, żebyś czuł się zbyt komfortowo przy swoim obecnym poziomie,"" dziewczyna powiedziała z bezwstydnym uśmiechem. ""Moje imię to Clarise, tak przy okazji. Z pewnością chciałeś się dowiedzieć za wszelką cenę, więc oszczędziłam ci marnowania jednego pytania na tą kwestię."
FirstMission_Forest2_130	Dialogue	"""...Well, that was unexpected,"" Alex said as he watched the girl disappear into the shadows. Given her attitude, she must have accumulated quite a few grievances towards him from the timeline Alex himself no longer remembered."	"""...No cóż, tego się nie spodziewałem,"" Alex powiedział gdy dziewczyna zniknęła w ciemnościach. Sądząc po jej nastawieniu, to musiała nazbierać całkiem sporo uraz wobec Alexa w tej wersji historii, której już nie pamiętał."
FirstMission_Forest2_135	Dialogue	"""It does make me wonder: how did <i>she</i> manage to keep her memories while mine were all wiped?"" Unfortunately, to learn the answer to that question, Alex would most likely have to deal with an onslaught of mysterious assassins."	"""Ale to daje do myślenia: jakim sposobem <i>ona</i> dała radę zachować wspomnienia od usunięcia?"" Niestety by poznać odpowiedź na to pytanie, Alex musiałby poradzić sobie z kolejną napaścią tajemniczych zabójców."
FirstMission_Forest2_140	Dialogue	"With Clarise melding into the darkness, Alex took out the map hidden in his breast pocket. ""Now, let's meet Laura and get my well-earned money."""	"Gdy Clarise wtopiła się w cień, Alex wyjął mapę, którą przechowywał w kieszeni. ""Teraz pora zobaczyć się z Laurą i dostać moje ciężko zarobione pieniądze."""
Trimvine_Inter_10	Dialogue	Did anyone ever tell you that you resemble Alex Wester? You probably get harassed by people who have a grudge against him, but are too weak to take it out against the man himself.	Czy ktoś ci kiedyś mówił, że przypominasz Alexa Westera? Pewnie sporo ludzi cię zaczepia, bo żywią do niego urazę, ale są za słabi żeby nękać tego prawdziwego. 
Trimvine_Inter_20	Dialogue	Are you here to apply to work under miss Laura Tonitrui? I have to warn you, competition is fierce, but the reward is most certainly worth it.	Jesteś tu, by zatrudnić się u pani Laury Tonitrui? Muszę cię ostrzec, że konkurencja jest spora, ale nagroda jest zdecydowanie tego warta.
Trimvine_Inter_30	Dialogue	Ever since the Tonitrui allied themselves with Drake, I can sleep without a worry. Who could ever beat a man capable of seeing the future?	Od kiedy Tonitrui sprzymierzyli się z Drakeem mogę spać bez zmartwień. Kto miałby pokonać mężczyznę zdolnego do widzenia przyszłości?
Trimvine_Inter_40	Dialogue	Don't you think you're snooping around a bit too much? This is private property, and I don't recall ever inviting you here.	Nie za dużo tutaj węszysz? To prywatna posesja, a ja nie przypominam sobie, żebym ciebie zapraszał.
Trimvine_Inter_50	Dialogue	There's a rumor that a powerful blade was hidden within the tree next to me. There might be some truth to that: all who tried to cut the tree down have failed miserably.	Jest pogłoska, że potężne ostrze zostało ukryte w drzewie obok mnie. Może jest w tym nieco prawdy: każdy kto próbował je ściąć odniósł kompletną porażkę.
Trimvine_Inter_60	Dialogue	...But then again, if so many powerful and influential families are willing to oppose Drake, they must know something we don't.	...No ale skoro tylko silnych i wpływowych rodzin jest skłonna stanąć przeciwko Drakeowi, to muszą wiedzieć coś czego my nie wiemy.
Trimvine_Inter_70	Dialogue	...But how exactly are you supposed to defeat someone who can see the future? Even without that, isn't he the strongest Enforcer, excluding monsters like Alex Wester?	...No ale jak niby ktoś miałby pokonać gościa widzącego przyszłość? Nawet bez tego nie jest on przypadkiem najsilniejszym Autarchą? No może poza potworami takimi jak Alex Wester.
Trimvine_Inter_80	Dialogue	A powerful blade indeed. Too bad it's a 'Twin' type. Unless I can find the other blade, the weapon is pretty much useless.	Faktycznie potężne ostrze. Szkoda, że to typ 'Bliźniaczy'. Jeśli nie znajdę drugiego takiego, to ta broń pozostanie bezużyteczna.
Trimvine_Inter_90	Dialogue	...Guess I was being too optimistic about the location of the second blade, and this poor tree paid the price.	...Chyba byłem zbyt optymistyczny, jeśli chodzi o lokację drugiego ostrza, a cenę za to zapłaciło to biedne drzewo.
Trimvine_Inter_100	Dialogue	Something's buried here. A strong 'Twin' type weapon. Unless I find the other twin, I won't be able to use it properly.	Coś jest tutaj zakopane. Silna broń typu 'Bliźniaczego'. Jeśli znajdę drugą część pary, to będę mógł jej zacząć używać.
Trimvine_Inter_110	Dialogue	And with this, the twin blades are reunited. The only question is: how did they end up scattered around like this? And who did they belong to in the first place?	No i te dwa ostrza są z powrotem razem. Pozostaje tylko pytanie, czemu zostały tak rozsiane? I do kogo oryginalnie należały?
Trimvine_Inter_120	Dialogue	The chest's gone, as so is the gold. Judging from the traces, it must have been carried off somewhere around week 30.	Skrzynia przepadła, a z nią całe złoto. Sądząc po śladach, to musieli ją wynieść około 30 tygodnia.
Trimvine_Inter_130	Dialogue	...Do they think they're being sneaky? I swear, ever since Drake took control, the level of Salutis assassins fell sharply. I guess being used as a spy instead of an assassin takes some getting used to.	...Czy myślą, że ich nie widzę? Przysięgam, od kiedy Drake przejął kontrolę, poziom zabójców Salutis zszedł na psy. Pewnie jeszcze się przyzwyczajają do wykonywania misji szpiegowskich zamiast zabójstw.
Trimvine_Inter_140	Dialogue	...I quite liked that tree, you know? *Sigh* Guess that's what I get for sharing stupid rumors with a walking demolition machines.	...Wiesz, całkiem lubiłem to drzewo. *Wzdycha* No nic, tak się dzieje, gdy dzielę się głupimi plotkami z chodzącymi maszynami do rozbiórki.
DuplicateToolFoundNotification	Dialogue	I already checked that before. Nothing new to learn from this.	Już to wcześniej sprawdzałem. Nic nowego się z tego nie nauczę.
Trimvine_StackingChest_0	Dialogue	I recognize that insignia, seems to be a criminal organization's hidden stash. I could grab it now, or maybe wait until later once they've accumulated a bit more. There's also a danger that they move the stash at some point. So, what should I do?	Rozpoznaję ten znak, to wygląda na ukrytą skrzynkę przestępczej organizacji. Mógłbym ją wziąć teraz, albo poczekać aż się zbierze tutaj jeszcze więcej. Choć wtedy jest zagrożenie, że przeniosą ją gdzieś indziej. A więc co powinienem zrobić?
Trimvine_StackingChest1_0	Dialogue	*Take {0} gold now*	*Weź teraz {0} złota*
Trimvine_StackingChest2_0	Dialogue	*Wait for more gold, but risk getting nothing*	*Czekaj na więcej złota i ryzykuj, że skończysz z niczym*
Trimvine_Inter_170	Dialogue	Lately, I've been feeling inspired every time I work on my art. Before I noticed, I had countless buyers lining up for my creations. If you drop by near the end of the year, I'll have a surprise for you.	Ostatnimi czasy czuję napływ inspiracji za każdym razem gdy pracuję. Nim się zorientowałam, niezliczeni kupcy zaczęli się ustawiać by kupić moje dzieła. Jeśli wpadniesz do mnie pod koniec tego roku, to będę miała dla ciebie niespodziankę.
Trimvine_Rockalibur_0	Dialogue	...Don't tell me that sword is <i>still</i> stuck here? It was one of Laura's jokes from back when I worked here, making me think of a way to infuse a greatsword with earth energy.	...Nie mów mi, że ten miecz <i>dalej</i> tu tkwi? To był jeden z żartów Laury z czasów, kiedy tutaj pracowałem. Miałem wynaleźć sposób na napełnienie miecza energią ziemi.
Trimvine_Rockalibur_10	Dialogue	I found rocks filled to the brim with magic and got to work. Unfortunately, them and the sword got along a bit <i>too</i> well. So well, in fact, that nobody was able to tear them apart.	Znalazłem kamienie wypełnione magią i zabrałem się do roboty. Niestety, kamienie i miecz trochę <i>za</i> bardzo się polubiły. Tak bardzo, że nikt nie był zdolny do oddzielenia ich od siebie.
Trimvine_Rockalibur_20	Dialogue	For some time, Laura put in on display because she found it funny. It seems like it was tossed outside, but still perfectly visible to anyone passing by.	Przez jakiś czas Laura wystawiła go na pokaz, bo uznała że to śmieszne. Wygląda na to, że skończył wyrzucony na zewnątrz, ale nadal perfekcyjnie widoczny dla wszystkich wokół.
Trimvine_Rockalibur_30	Dialogue	By now, I'm strong enough to forcibly tear it out, but it would undoubtedly damage the blade. Alternatively, I could ask around in the Molis family for a more delicate method.	Teraz już jestem w stanie wyciągnąć go siłą, ale to bez wątpienia uszkodzi ostrze. Z drugiej strony mógłbym popytać w rodzinie Molis czy mają może jakiejś delikatniejszej metody.
Trimvine_Rockalibur1_0	Dialogue	*Forcefully pull out the blade, lowering its rarity from <color=#F30000>Masterful</color> to <color=#0009CF>Excellent</color>*	*Wyciągnij ostrze na siłę, obniżając jego rzadkość <color=#F30000>Mistrzowskiej</color> do <color=#0009CF>Wybitnej</color>*
Trimvine_Rockalibur2_0	Dialogue	*Leave for now*	*Na razie odejdź*
LaurasLab_Inter_0	Dialogue	Go ahead, let it all out. Just remember that I've already billed your account for all incurred losses.	No dawaj, ulżyj sobie. Ale pamiętaj że rachunek za spowodowane straty już trafił na twoje konto.
LaurasLab_Inter_10	Dialogue	...I didn't think this through.	...Chyba nie do końca to przemyślałem.
LaurasLab_Inter_20	Dialogue	Joke's on you, I'm completely broke right now anyway.	Tak się składa, że i tak jestem kompletnie spłukany.
LaurasLab_Inter_30	Dialogue	No problem, that's why we have this thing called 'debt'. And just because it's you: 0% rates.	Nie ma problemu, od tego mamy coś takiego jak 'dług'. Specjalnie dla ciebie: raty 0%.
LaurasLab_Inter_40	Dialogue	Doesn't budge. It would take a level 30 attack to even scratch this door.	Nawet nie drgnie. Potrzebowałbym ataku na poziomie 30 żeby zadrapać te drzwi.
LaurasLab_Inter_50	Dialogue	This one seems functional. Laura did say I'm free to take anything I find useful, so... don't mind me.	Ten wydaje się być sprawny. Laura mówiła, że mogę wziąć cokolwiek mi wpadnie w oko, więc... nie będę się krępował.
LaurasLab_Inter_60	Dialogue	This one's no good. It's stuck there strictly for research purposes. It's just a bunch of scrap as far as I'm concerned.	Ten do niczego się nie nadaje. Tkwi tam tylko do badań. Jeśli chodzi o mnie, to jest to tylko sterta złomu.
LaurasLab_Inter_70	Dialogue	Found something useful. Wouldn't hurt to take them with me. I <i>do</i> have the owner's permission.	Znalazłem coś użytecznego. Nie zaszkodziłoby wziąć tego ze mną. Bądź co bądź, <i>mam</i> zezwolenie od właścicielki.
LaurasLab_Inter_80	Dialogue	Some money lying around. Normally I wouldn't take this, but all money I've saved up over the years evaporated due to my equipment undergoing 'Energy Destabilization'.	Bezpańsko leżące złoto. Zwykle bym tego nie brał, ale całe pieniądze które zbierałem przez lata rozpadło się na kawałki przez 'Destabilizację Energii' mojego ekwipunku.
LaurasLab_Inter_90	Dialogue	And what do we have here? A mint-condition, never used 'Enforcer Badge'? Might be worth quite a bit, let's check who it belongs to...	A co my tu mamy? Świeżutka, nigdy nie używana 'Odznaka Eksperta'? Może być sporo warta, sprawdźmy do kogo należy...
LaurasLab_Inter_100	Dialogue	...Laura Tonitrui? She did say I can take whatever I find useful but... Even someone like <i>me</i> doesn't have the gall to sell this for a bunch of coin.	...Laury Tonitrui? No cóż, mówiła że mogę wziąć wszystko, co przydatne ale... Nawet ktoś taki jak <i>ja</i> nie ma tupetu żeby wziąć to i sprzedać za garść złota.
LaurasLab_Inter_110	Dialogue	Didn't think I'd ever fall this low, but here we are. Guess I'm more desperate than I thought. It's moments like these that remind me why Laura hates my guts.	Nie myślałem, że upadnę tak nisko, ale chyba się przeliczyłem. Chyba jestem bardziej zdesperowany niż myślałem. Momenty takie jak ten przypominają mi, czemu Laura mnie nienawidzi.
LaurasLab_Inter_120	Dialogue	Hey, you're an acquaintance of Laura, aren't you? Convince her to give more funds for my research! I'm so close to creating a powerful, flame-shooting artifact, but I need a bit more support!	Ej, jesteś znajomym Laury, prawda? Przekonaj ją, żeby dała więcej funduszy na moje badania! Jestem tak blisko stworzenia potężnego artefaktu strzelającego ogniem, ale potrzebuję odrobiny więcej wsparcia!
LaurasLab_Inter_130	Dialogue	Ah, even though I'm so close! Just a bit more support and I would be able to finish a 'freeze orb' prototype. Could you talk to Laura for me? She got a lot more stingy when it comes to research funding these days.	Ah, a jestem już tak blisko! Tylko trochę więcej wsparcia i byłbym w stanie dokończyć prototyp 'zamrażającej kuli'. Mógłbyś pogadać o tym z Laurą? Ostatnimi czasy stała się o wiele bardziej skąpa jeśli chodzi o dotacje na badania.
LaurasLab_Inter_140	Dialogue	You wouldn't believe it from looking around this place, but we're actually on the brink of war. During the upcoming eclipse, Drake will no doubt try to get complete control over Penance and, by extension, the whole country.	Nie domyśliłbyś się po wyglądzie tego miejsca, ale jesteśmy na skraju wojny. W najbliższe zaćmienie, Drake niewątpliwie spróbuje przejąć kompletną kontrolę nad Pokutą, a co za tym idzie, całym krajem.
LaurasLab_Inter_150	Dialogue	This damaged pair of blade handles seems to be a discarded experiment. They're good conduits for all sorts of energies, but none of the scientists here were able to come up with a functional combination.	Ta uszkodzona para rękojeści do ostrzy wygląda na porzucony eksperyment. Są dobrymi przewodnikami różnego rodzaju energii, ale żadnemu z naukowców nie udało się dobrać odpowiedniej kombinacji.
LaurasLab_Inter_160	Dialogue	Grane quit working here recently: some sort of argument broke out between him and Laura. You might remember him from your days spent here. Sometimes I wonder what happened to him after that.	Grane odszedł ostatnio z pracy tutaj: między nim a Laurą wywiązała się jakaś kłótnia. Może pamiętasz go z czasów, kiedy tutaj pracowałeś. Czasem się zastanawiam co się z nim po tym stało.
LaurasLab_Inter_170	Dialogue	Alright, here I am. Now that I'm officially opposing Drake, I'll only be able to enter places like these while incognito. Nobody should recognize me now, except maybe Laura.	Dobra, no to jestem. Teraz jak już oficjalnie jestem wrogiem Drake, obszary takie jak te będę mógł odwiedzać tylko incognito. Nikt mnie teraz nie rozpozna, może poza Laurą.
LaurasLab_Inter_180	Dialogue	...What a mess of a waiting room. Guess Laura's bad habits die hard.	...Więcej rzeczy już się chyba tutaj nie dało upchać. Widać złe nawyki Laury mają się dobrze.
LaurasLab_Inter_190	Dialogue	...A secret passage. Guess this must be the place where Laura conducts research that should not see the light of the day.	...Tajne przejście. To musi być miejsce, w którym Laura wykonuje badania, o których nikt nie powinien wiedzieć.
LaurasLab_Inter_200	Dialogue	A notebook lied protected by the most sophisticated 'Energy Lock' Alex had ever seen. Next to it, there was a bunch of research notes Laura left regarding describing it. Based on the dates, Laura seemed to have acquired it a few days before Alex woke up in the warehouse. The notes stated the following:	Na biurku leżał notes chroniony przez najbardziej skomplikowany 'Zamek Energetyczny', jaki Alex kiedykolwiek widział. Obok niego rozrzucone były notatki opisujące czym on jest. Patrząc po datach, Laura zdobyła go kilka dni przed tym, jak Alex obudził się w magazynie. Napisane w nich było: 
LaurasLab_Inter_210	Dialogue	"""Given how well guarded this was, this should be goldmine when it comes to understanding Drake's motivations. Too bad it's protected by a level 85 Energy Circuit. There shouldn't be anyone on the continent capable of breaking this, aside from maybe Alex and Drake himself."	"""Patrząc po tym jak jest chroniony, ten notes powinien być ogromną pomocą w zrozumieniu intencji Drake. Niestety jest chroniony przez Układ Energetyczny poziomu 85. Nie powinno być na tym kontynencie nikogo zdolnego do złamania go, może poza Alexem i samym Drake. "
LaurasLab_Inter_220	Dialogue	"""After working on it for a bit, I was able to simplify the Energy Circuit to level 50. I probably won't be able to get it much lower, and I have other things to do."" It seemed like without a special method, restoring his strength would be the only way for Alex to open the lock."	"""Po tym jak nieco przy nim popracowałam, udało mi się uprościć Układ Energetyczny do poziomu 50. Raczej nie uda mi się obniżyć go o wiele więcej, zresztą mam inne rzeczy do załatwienia."" Wygląda na to, że bez specjalnej metody odzyskanie utraconej siły będzie jedynym sposobem no otworzenie zamka."
LaurasLab_Inter_230	Dialogue	No good. Still not strong enough to break through this lock. Would need at least level 50.	Nie da rady. Nadal jestem za słaby, żeby otworzyć ten zamek. Potrzebuję przynajmniej poziomu 50.
LaurasLab_Inter_240	Dialogue	It's open! No idea what kind of notebook would be valuable enough to hide behind such a lock, so let's check.	Otwarte! Nie mam pojęcia, jaki notes mógłby być warty tak potężnego zamka, więc pora to sprawdzić.
LaurasLab_Inter_250	Dialogue	It's a research paper regarding healing substances. They made a lot of progress since my time here. I can learn a lot from this.	To opis badań na temat substancji leczniczych. Zrobili całkiem spore postępy od kiedy tu byłem ostatnio. Mogę się z tego sporo nauczyć.
LaurasLab_Device_0	Dialogue	Guess this thing was moved to Laura's private study: the Energy Observation and Manipulation Device. She never did have a naming sense, but when I wanted to call it the E-Manipulator, she vetoed it. In the, started simply calling it 'the Device'.	Więc to zostało przeniesione do prywatnej czytelni Laury: Urządzenie do Obserwacji i Manipulacji Energią. Nigdy nie miała talentu do wymyślania nazw, ale kiedy chciałem to nazwać E-Manipulatorem, to się nie zgodziła. Koniec końców, po prostu zaczęliśmy to nazywać 'Urządzeniem'.
LaurasLab_Device_10	Dialogue	Back when we were kids, it was only a fun little experiment she has been implementing on the side. However, it seems like more and more time and funds were being funneled into working on it.	Kiedy byliśmy dziećmi, to był tylko fajny mały eksperyment implementowany w wolnym czasie. Wygląda na to,że ostatnimi czasy coraz więcej czasu i funduszy jest pompowanych w pracę nad nim.
LaurasLab_Device_20	Dialogue	I suppose this is the 'secret weapon' Laura mentioned for dealing with Drake's precognition, but it's still unfinished. For now, all it can do is give me some bizarre visions where I'm fighting using completely different techniques than usual.	Podejrzewam, że to jest ta 'tajna broń', którą Laura przygotowała przeciwko prekognicji Drake, ale nadal jest niedokończona. Na razie jedyne co może zrobić, to pokazywać mi jakieś dziwne wizje, w którym walczę zupełnie innymi technikami niż normalnie.
LaurasLab_10_0	Dialogue	"""Hello! Laura informed me that you would be dropping by,"" a lab assistant said with a smile."	
LaurasLab_10_10	Dialogue	"""Nice to meet you. I assume you're the scientist in charge of those tubes?"" Alex asked. He knew that it was the Restoration Department, but he was currently undercover. Pretending not to know it was the safer bet."	
LaurasLab_10_20	Dialogue	"Indeed,"" the woman said, obviously proud and happy that she would be able to talk to someone about her work. ""It's called the Restoration Department, and it's where we try to repair various weapons that we happen to acquire."	
LaurasLab_10_30	Dialogue	So once they're done being repaired, may I take some of them?	
LaurasLab_10_40	Dialogue	Laura informed me that you're allowed to take any you wish. We can also give them to you right now in case you want to perform the repairs on your own. Do remember that they will 	
LaurasLab_10_50	Dialogue	Sounds good. What's the current status of each of those weapons?	
LaurasLab_10_60	Dialogue	Starting from the left, we have: the Harpoon, est. .	
LaurasLab_Relana_0	Dialogue	A middle-aged woman stood next to a table, completely absorbed by her research. Alex knew her from the 2 years he spent as an assistant here before: Relana, the head researcher from before Laura assumed said position. Kind and observant, she was one of the most pleasant people to work with.	Kobieta w średnim wieku stała obok stołu, w pełni zajęta swoimi badaniami. Alex znał ją z czasów, kiedy spędził tutaj 2 lata jako asystent: nazywała się Relana, i była głównym naukowcem, dopóki Laura nie przejęła tej roli. Miła i spostrzegawcza, była jedną z najprzyjemniejszych osób do współpracy.
LaurasLab_Relana_10	Dialogue	"""Oh, Alex sweetie, didn't see you here for quite a while. What brings you here?"" Relana said as she noticed Alex walking around the workshop. "	"""O, Alex kochanie, nie widziałam cię tutaj już długi czas. Co cię tu przynosi?"" Relana powiedziała gdy zauważyła Alexa chodzącego po pracowni."
LaurasLab_Relana_20	Dialogue	"""I'm supposed to be here incognito, you know?"" Alex said with a sigh. He hoped that other researchers were currently busy with something else."	"""Wiesz, jestem tutaj incognito,"" Alex powiedział i westchnął. Miał nadzieję, że inni naukowcy byli akurat zajęci czymś innym.."
LaurasLab_Relana_30	Dialogue	"I do apologize for that,"" the woman said with a smile. ""But changing your hair and eye color isn't going to fool anyone who knows you well."	"W takim razie przepraszam,"" Relana powiedziała z uśmiechem. ""Alex zmiana koloru włosów i oczu nie zmyli kogokolwiek, kto cię dobrze zna."
LaurasLab_Relana_40	Dialogue	"8 years is a long time, and not like I was particularly close to anyone back then,"" Alex said and shrugged his shoulders. ""Laura was a real slave-driver back then."	"8 lat to sporo czasu. Na dodatek nie byłem wtedy z nikim specjalnie blisko,"" Alex powiedział i wzruszył ramionami. ""Laura tego dopilnowała zlecając mi nieludzką ilość roboty."
LaurasLab_Relana_50	Dialogue	"Well, that's at least <i>one</i> thing that did not change since that time,"" The woman said with a light-hearted laugh as she looked at the mountain of work stacked in front of her. ""That was her way of showing that she could trust you. Were you able to finally make up with her?"	"No cóż, to chociaż <i>jedna</i> rzecz się nie zmieniła od tamtego czasu,"" powiedziała Relana i beztrosko się zaśmiała po spojrzeniu na ogrom pracy zgromadzony na jej biurku. ""To był jej sposób na pokazanie, że tobie ufa. W końcu udało ci się z nią pogodzić?"
LaurasLab_Relana_60	Dialogue	Not really. It's just that a more pressing issue forced us to ignore our past grievances. At least temporarily.	Nie do końca. Po prostu ważniejsze sprawy zmusiły nas do współpracy mimo problemów z przeszłości. Na razie to wystarczy.
LaurasLab_Relana_70	Dialogue	"Then you should use this opportunity to talk things out,"" the woman said as she sent Alex a concerned look. ""There's no shame in making mistakes, especially as young as you were back then. But it is shameful to run from said mistakes for years on end."	"W takim razie powinieneś skorzystać z okazji, by przedyskutować z nią to co się stało,"" Relana powiedziała i spojrzała na Alexa z nutą zmartwienia w oczach. ""Wstydem nie jest popełnianie błędów, zwłaszcza jeśli wziąć pod uwagę jak młody wtedy byłeś. Wstydem jest uciekać przed swoimi błędami przez lata."
LaurasLab_Relana_80	Dialogue	"If only things were so simple,"" Alex said with a sigh. ""I'm afraid some mistakes and some relationships are beyond simply talking things out."	"Gdyby tylko to było takie łatwe,"" Alex powiedział i westchnął. ""Obawiam się, że niektóre błędy i niektóre relacje są nie do naprawienia zwykłą rozmową."
LaurasLab_Relana_90	Dialogue	"Well, you'd be surprised. No matter how smart, Laura is still a girl,"" Relana said as she smiled once again. ""You'd do well to remember that."	"Wydaje mi się, że byś się zdziwił. Może i jest inteligentna, ale Laura mimo wszystko jest dziewczyną,"" Relana powiedziała i ponownie się uśmiechnęła. ""Lepiej, żebyś o tym nie zapomniał."
LaurasLab_Relana_100	Dialogue	"""...I'll keep that in mind,"" Alex said as he left Relana to continue her work. Conversations with her always had a way of making Alex rethink his attitude towards many different issues. And she was hardly ever wrong."	"""...Będę to miał na uwadze,"" Alex powiedział i pozwolił Relanie wrócić do swojej pracy. Rozmowy z nią zawsze sprawiały, że Alex musiał przemyśleć swoje podejście do niektórych spraw. I jej rady rzadko kiedy były błędne."
TimelyHelp_TreasureDugUp_0	Dialogue	Just like the woman said: an incredible amount of gold. Enough to save the woman's son and still have some left over. Giving the money to her would be the right thing to do.	Dokładnie jak powiedziała ta kobieta: niebywała ilość złota. Wystarczająco dużo, by uratować syna tej kobiety, i zostałoby jeszcze całkiem sporo. Należałoby oddać jej część tych pieniędzy.
TimelyHelp_TreasureDugUp_10	Dialogue	But then again... I need this money just as much, if not more. And with better equipment, I would be able to save so many more people than just one child. I should try to look at the bigger picture.	Ale z drugiej strony... potrzebuję tych pieniędzy równie mocno, albo nawet mocniej. Z lepszych ekwipunkiem byłbym w stanie uratować o wiele więcej ludzi niż jakieś jedno dziecko. Muszę na to patrzeć z szerszej perspektywy.
TimelyHelp_TreasureDugUp_20	Dialogue	Besides, it's not even the final cycle. As long as her memory gets wiped, it'll be like her kid never died anyway. What's the point of wasting the money in this cycle.	Zresztą, to nawet nie jest ostatni cykl. Tak długo jak jej pamięć zostanie wymazana, to będzie jakby jej dziecko nigdy nie umarło. Jaki jest sens marnowania pieniędzy w tym cyklu.
TimelyHelp_TreasureDugUp_30	Dialogue	Well, it might be the final cycle, but it's <i>exactly because</i> it's the final cycle that I should be mindful how I spend money. All this gold might end up saving hundreds of people in the long run. If I let my feelings get the better of me here, I'll have all of those people's blood on my hands.	Może i jest to ostatni cykl, ale to <i>właśnie dlatego</i> że jest to ostatni cykl to muszę być bardziej rozsądny w wydawaniu złota. Tyle pieniędzy może mi pozwolić na dłuższą metę uratować setki ludzi. Jeśli pozwolę by zawładnęły tutaj mną uczucia, to krew wszystkich tych ludzi będzie na moich rękach.
TimelyHelp_Regular_0	Dialogue	"""What's troubling you?"" Alex asked as he approached a middle-aged woman who looked particularly distraught. Back when he used to live here 8 years ago, she was known as an up-and-coming talented artisan. Alex wondered what happened for her to look so defeated."	"""Co cię trapi?"" zapytał Alex gdy podszedł do kobiety w średnim wieku, która wyglądała na wyjątkowo zestresowaną. Kiedy żył tutaj 8 lat temu, była znana jako wschodząca gwiazda sztuki. Alex zastanawiał się, co musiało się stać, że wygląda na tak przygwożdżoną."
TimelyHelp_Regular_10	Dialogue	"""Same as you'll see anywhere. Just your ordinary money troubles,"" the woman said with a sigh."	"""To co zwykle w takich przypadkach. Brak pieniędzy,"" kobieta powiedziała i westchnęła."
TimelyHelp_Regular_20	Dialogue	"""You don't look like someone itching to go gambling or drinking,"" Alex said as he did not let up."	"""Nie wyglądasz na kogoś pilnie potrzebującego alkoholu lub hazardu,"" powiedział Alex, nie dając za wygraną."
TimelyHelp_Regular_30	Dialogue	"Quite nosy, aren't you?"" The woman said with a defeated, self-depreciating laugh. ""My son is ill, and I don't have the money to do anything to help him."	"Mówił ci ktoś, że wścibski z ciebie gość?"" powiedziała kobieta i zaśmiała się smutno. ""Mój syn jest chory, a ja nie mam pieniędzy żeby mu jakkolwiek pomóc."
TimelyHelp_Regular_40	Dialogue	How much are you missing?	Jak dużo ci brakuje?
TimelyHelp_Regular_50	Dialogue	Probably somewhere around 100,000 gold. I don't have enough saved up, and the banks are unwilling to give out loans at the moment. According to the doctors, my son only has a few months left to live.	Coś około 100,000 złota. Nie mam wystarczająco oszczędności, a banki nie są skłonne do udzielania kredytów przy obecnej sytuacji. Według doktorów, mojemu synowi pozostało tylko kilka miesięcy życia.
TimelyHelp_Regular1_0	Dialogue	Let me solve that problem for you.	Pozwól, że rozwiąże ten problem.
TimelyHelp_Regular1_Requirement	Dialogue	Requires 100,000 gold	Wymaga 100,000 złota
TimelyHelp_Regular2_0	Dialogue	A solution to your troubles is closer than you think.	Rozwiązanie twojego problemu znajduje się bliżej niż myślisz.
TimelyHelp_Regular2_Requirement	Dialogue	Requires talking after son dies	Wymaga rozmowy po śmierci syna
TimelyHelp_Regular3_0	Dialogue	"""I don't have that kind of money right now."" *Leave*"	"""Niestety nie mam takich pieniędzy."" *Odejdź*"
TimelyHelp_Regular1_10	Dialogue	"""Let me solve that problem for you,"" Alex said as he nonchalantly handed over a heavy sack of gold to the woman."	"""Pozwól, że rozwiąże ten problem,"" powiedział Alex i nonszalancko wręczył kobiecie sakwę po brzegi wypełnioną złotem."
TimelyHelp_Regular1_20	Dialogue	"""What? How could I-"" the woman said, in disbelief of what she just received. She seemed unsure if it was okay to accept such generosity."	"""Co? Przecież nie mogę-"" powiedziała kobieta, nie wierząc w co właśnie otrzymała. Wyglądała na niepewną, czy może przyjąć aż tak hojny podarunek. "
TimelyHelp_Regular1_30	Dialogue	"Spending money to save a life is never a bad deal,"" Alex said and shrugged his shoulders. ""Besides, as far as I'm aware you're quite the skilled artisan. Now that your greatest worry is taken care of, you should be able to focus on your work."	"Ratowanie życia to jeden z najlepszych sposobów na wydawanie pieniędzy,"" powiedział Alex i wzruszył ramionami. ""Poza tym, jestem świadomy jak uzdolnioną jesteś artystką. Teraz jak już nie będziesz miała zbytnich zmartwień, powinnaś być w stanie skupić się na pracy."
TimelyHelp_Regular1_40	Dialogue	"Most certainly, good sir!"" the woman said, new-found determination blazing in her eyes. ""I'll never forget this favor. Give me a few months and I'll make sure that you won't regret helping me today!"	"Bez wątpienia! Dokładnie tak zrobię!"" powiedziała kobieta, w jej oczach zaczęła się tlić nowo-narodzona determinacja. ""Nigdy nie zapomnę tej przysługi. Daj mi kilka miesięcy, a upewnię się, że nie pożałujesz udzielonej mi pomocy!"
TimelyHelp_Regular1_50	Dialogue	"No need to feel pressured,"" Alex said with a smile. ""For now, focus on getting your son back to good health. Money-making can wait until that's taken care of."	"Nie czuj zbytniej presji,"" powiedział Alex z uśmiechem. ""Na razie skup się na przywróceniu swojego syna do zdrowia. Zarabianie pieniędzy może poczekać."
TimelyHelp_Regular2_10	Dialogue	"A solution to your troubles is closer than you think,"" Alex said with a smile. ""There's a treasure hidden under the roots of your tree. More than enough to save your son's life."	"Rozwiązanie twojego problemu znajduje się bliżej niż myślisz,"" powiedział Alex i się uśmiechnął. ""Pod korzeniami twojego drzewa zakopany jest skarb. Wystarczająco duży, by uratować życie twojego syna."
TimelyHelp_Regular2_20	Dialogue	"Truly!?"" the woman said as she could not hide her excitement. ""Since you're sharing that fact with me, I assume you don't mind if I make use of it?"	"Naprawdę!?"" powiedziała kobieta, niezdolna do ukrycia swego podekscytowania. ""Skoro dzielisz się ze mną tą informacją, to zakładam, że pozwolisz mi z niej skorzystać?"
TimelyHelp_Regular2_30	Dialogue	Be my guest.	Nie ma sprawy.
TimelyHelp_Regular2_40	Dialogue	"After no less than 10 minutes, the woman was back with a smile on her face, and a bag of money in her hands. ""Just like you told me, good sir! I definitely won't forget this favor."""	"Po mniej niż 10 minutach, kobieta wróciła z uśmiechem na twarzy i ogromną torbą pieniędzy w rękach. ""Dokładnie jak mi powiedziałeś, dobry panie! Nie zapomnę przysługi, którą mi dzisiaj wyświadczyłeś."""
TimelyHelp_Regular2_50	Dialogue	"""Glad to be of help,"" Alex said as he waved the woman goodbye. He decided to see drop by and see how well she would be doing near the end of the year."	"""Cieszę się, że mogłem pomóc,"" powiedział Alex i pożegnał kobietę. Postanowił, że sprawdzi jak dobrze będzie sobie radziła pod koniec roku."
TimelyHelp_Regular3_10	Dialogue	"""Can't say I'm surprised. Thanks for hearing me out anyway,"" the woman said as he forced himself to smile."	"""Nie powiem, żebym była zaskoczona. Ale dzięki za wysłuchanie mnie,"" powiedziała kobieta i zmusiła się do uśmiechnięcia."
TimelyHelp_Despair_0	Dialogue	"As he walked the streets of Trimvine, Alex noticed a woman drinking as if to desensitize herself to the whole world. ""What happened?"" Alex asked, although he already suspected the answer."	"Gdy szedł ulicami Trimvine, Alex spostrzegł pijącą kobietę. Wydawało się, że próbuje się znieczulić na ból tego świata. ""Co się stało?"" zapytał Alex, choć już podejrzewał, jako odpowiedź dostanie."
TimelyHelp_Despair_10	Dialogue	"Eh? Who're you?"" the woman asked, not unable to recognize Alex, or anyone else for that matter. ""Who cares anyway. Now that my son is gone, nothing matters any more."	"E? A ty to kto?"" zapytała kobieta, niezdolna do rozpoznania Alexa, ani na dobrą sprawę kogokolwiek innego. ""Zresztą bez różnicy. Mój syn nie żyje, więc mało mnie to obchodzi."
TimelyHelp_Despair_20	Dialogue	"""You seem quite wealthy for someone who tries to drink herself to death on a daily basis,"" Alex said. He noticed that her house was now decorated with a bunch of expensive trinkets. It almost felt as if the owner wanted to spend the money as frivolously as possible."	"""Wyglądasz na całkiem zamożną jak na kogoś, kto codziennie próbuję się zapić na śmierć,"" powiedział Alex. Zauważył, że jej dom jest przyozdobiony różnymi drogimi przedmiotami. Prawie jakby właściciel próbował wydać pieniądze w najbardziej frywolny sposób."
TimelyHelp_Despair_30	Dialogue	"Yep, I'm a rich woman now! For all it's worth,"" the woman said, but she was not drunk enough to force a smile on her lips. ""My child dies and the very next day, I'm suddenly one of the richest people in Trimvine. The very day when money is no longer worth shit to me."	"A jak, jestem teraz bogata! Jakby to miało znaczenie,"" powiedziała kobieta. Nie byłą wystarczająco pijana, by zmusić się do uśmiechu. ""Moje dziecko umiera i dosłownie następnego dnia staje się jedną z najbogatszych osób w Trimvine. Dokładnie tego samego dnia, gdy pieniądze przestają cokolwiek dla mnie znaczyć."
TimelyHelp_Despair_40	Dialogue	How did that happen?	Jak to się stało?
TimelyHelp_Despair_50	Dialogue	"""Well, guess I might as well tell you,"" the woman said without a care in the world. ""The tree next to my house reminded me of my boy and how I played with him, so I cut it down. I even uprooted the darn thing. And wouldn't you believe it: there was a treasure hidden there! Easily enough money to save my son!"" the woman said with a despair-filled voice."	"""W sumie to mogę nawet powiedzieć,"" rzekła kobieta niczym się nie przejmując. ""Drzewo obok mojego domu przypomniało mi o moim synu, o tym jak się tam bawiliśmy. Więc je ścięłam. Wyrwałam z korzeniami. I nie uwierzysz: głęboko pod ziemią schowany był skarb! Bez problemu wystarczająco dużo, by uratować mojego syna!"" powiedziała kobieta, jej głos wypełniony rozpaczą."
TimelyHelp_Despair_60	Dialogue	"Before long, the woman forgot what she was talking about and returned to her drinking frenzy. ""That information is useless now that the treasure is dug up. But I just happen to be the only person capable of putting that information to work."""	"Niedługo po tym kobieta zapomniała o czym mówiła i wróciła do picia alkoholu. ""Ta informacja jest bezwartościowa gdy skarb już został wykopany. Ale tak się składa, że jestem jedyną osobą która tą informację jest w stanie wykorzystać."""
TimelyHelp_Saved_0	Dialogue	"""Good sir, you came at just the right time!"" the woman said as she handed Alex a large, heavy bag. The contents were quite obvious"	"""Dobry panie, wracasz w samą porę!"" powiedziała kobieta i wręczyła Alexowi wielką, ciężką torbę. Jej zawartość była oczywista."
TimelyHelp_Saved_10	Dialogue	"""Good to see you doing well. Although I think you might have misremembered the amount I gave you,"" Alex said as he noticed that the sack was much heavier than it should be."	"""Dobrze widzieć cię w dobrym stanie. Choć widzę, że źle zapamiętałaś sumę, którą ci wręczyłem,"" powiedział Alex gdy zauważył, że sakwa była o wiele cięższa, niż być powinna."
TimelyHelp_Saved_20	Dialogue	"The bag has exactly the amount it should have,"" the woman said as she refused to take back the extra amount. ""You seem to be quite good at giving to others, but you still need to work on 'receiving from others' part, mister Alex."	"Torba zawiera dokładnie tyle, ile zawierać powinna,"" powiedziała kobieta i odmówiła zabrania dodatkowej zawartości. ""Widzę, że jesteś całkiem dobry w dawaniu innym, ale musisz jeszcze popracować nad 'otrzymywaniem od innych', panie Alex."
TimelyHelp_Saved_30	Dialogue	"""I don't recall ever introducing myself,"" Alex said as he quickly confirmed that there was nobody nearby to overhear the conversation."	"""Nie przypominam sobie przedstawiania się,"" powiedział Alex i szybko potwierdził, że w pobliżu nie było nikogo kto mógł usłyszeć rozmowę."
TimelyHelp_Saved_40	Dialogue	"Well, there's not many people who are both wealthy enough to help me, and are known for sharing their wealth so readily,"" the woman said with a smile. ""But worry not: the secret of your identity is safe with me. I know that you'll need that money much more than me."	"No cóż, niewiele jest ludzi wystarczająco bogatych by mi pomóc, a jednocześnie znanych ze swojej szczodrości,"" powiedziała kobieta i uśmiechnęła się. ""Proszę się nie martwić: twoja tożsamość pozostanie sekretem. Wiem, że te pieniądze przydadzą ci się o wiele bardziej, niż mi."
TimelyHelp_Saved_50	Dialogue	"""I can't say anything to that,"" Alex said as he finally gave up and accepted the generous gift."	"""Nie mogę zaprzeczyć,"" powiedział Alex i w końcu zgodził się przyjąć ten hojny podarunek."
TimelyHelp_Shadow_0	Dialogue	"...Ignoring me?"" the shadow said once Alex came close. ""I know that talking to empty air makes you look like you escaped from a mental hospital, but you're disguised right now, aren't you?"	"...Ignorujesz mnie?"" zapytał się cień gdy zobaczył zbliżającego się Alexa. ""Rozumiem, że gadanie z powietrzem sprawia, że wyglądasz na wariata, ale jesteś teraz incognito, nieprawdaż?"
TimelyHelp_Shadow_10	Dialogue	"""What's your business?"" Alex said as he tried too look as inconspicuous as possible."	"""Po co tutaj stoisz?"" zapytał się Alex, próbując nie wyglądać zbyt podejrzanie."
TimelyHelp_Shadow_20	Dialogue	Just wanted to teach you a bit about how this whole 'regression' thing works.	Chciałem się tylko upewnić, że rozumiesz jak działa ta cała 'regresja'.
TimelyHelp_Shadow_30	Dialogue	And why would you care about whether I'm doing well or not?	A czemu miałoby cię obchodzić czy sobie dobrze radzę?
TimelyHelp_Shadow_40	Dialogue	Whenever your Energy Core is shattered and you experience a short regression, it drains a bit of my power. I'd rather have you avoid dying as much as possible.	Bo za każdym razem, gdy niszczony jest twój Rdzeń Energii i doświadczasz krótkiej regresji, to zużywana jest moja energia. Jeśli możliwe, to wolałbym, żebyś nie ginął zbyt często.
TimelyHelp_Shadow_50	Dialogue	"""Alright, what's your wisdom then?"" Alex asked. He hardly trusted the shadowy entity, but it would not hurt to hear it out. He could then decide whether to follow its advice or not."	"""No dobra, jaką mądrością chciałbyś się ze mną podzielić?"" zapytał się Alex. Niezbyt ufał cienistemu bytowi, ale nie zaszkodziłoby go wysłuchać. Decyzję o tym, czy zaakceptować jego radę podjąć będzie mógł później."
TimelyHelp_Shadow_60	Dialogue	It's simple: gather information. In your original timeline, you went around helping random people. While I certainly respect it, it's not going to work out well for you this time around.	Jest prosta: zbieraj informacje. W twojej oryginalnej osi czasu pomagałeś losowym ludziom na lewo i prawo. Choć jest to godne szacunku, tym razem nie będzie to zbyt efektywne.
TimelyHelp_Shadow_70	Dialogue	And why would that be?	A to niby czemu?
TimelyHelp_Shadow_80	Dialogue	Do I even need to say it? There's no point in randomly helping people if they're going to forget it anyway. Instead, you should try different things, see what works and only go on your... altruistic crusade... once it actually matters: the final cycle.	Muszę to ci wyjaśniać? Nie ma sensu pomagać losowym ludziom, jeśli i tak o wszystkim zapomną. Zamiast tego powinieneś wypróbować różne scenariusze, sprawdzić co działa i dopiero udać się na swoją... altruistyczną krucjatę... kiedy to istotne: w ostatnim cyklu.
TimelyHelp_Shadow_90	Dialogue	If you're so sure of yourself, how about backing up your words with some substance? Maybe that 'True Speech' that you seem to enjoy so much?	Skoro jesteś taki pewny siebie, to może podeprzyj czymś swoje słowa? Na przykład ta 'Prawdziwa Mowa' do której masz takie zamiłowanie?
TimelyHelp_Shadow_100	Dialogue	"The entity audibly sighed, but did not refute Alex's words. ""I wanted to save my energy, not waste it needlessly, you know? But guess I need to treat it as an investment."""	"Byt głośno westchnął, ale nie zaprzeczył słowom Alexa. ""Rozmowa miała na celu oszczędzanie energii, a nie jej marnowanie. No ale potraktuję to jako inwestycję."""
TimelyHelp_Shadow_110	Dialogue	"After taking a deep breath and gathering energy, the shadow spoke up. <color=""red"">""Up ahead you'll find a woman in dire need of money. In your previous cycle, you helped her, but you will learn useful information if you ignore her this time around.""</color>"	"Po wzięciu kliku głębokim oddechów i zebraniu energii, cień przemówił: <color=""red"">""Niedaleko znajdziesz kobietę potrzebującą pieniędzy. W poprzednim cyklu pomogłeś jej, ale dowiesz się przydatnej informacji jeśli tym razem ją zignorujesz.""</color>"
TimelyHelp_Shadow_120	Dialogue	"Obviously having spent a sizable amount of energy, the shadow let out a tired sigh. ""What you do with this information is entirely up to you: I've done my job here."""	"Widocznie cień zużył sporą ilość energii, bo wydał wydał z siebie wydech pełen wycieńczenia. ""Co zrobisz z tymi faktami to twoja sprawa. Ja swoją robotę wykonałem."""
TimelyHelp_ShadowReject_0	Dialogue	Good deeds don't stop being good just because there's nobody around to remember them.	Dobre uczynki nie przestają być dobre tylko dlatego, że nie ma nikogo kto je pamiętał.
TimelyHelp_ShadowAccept_0	Dialogue	Maybe you have a point. I'll think about it.	Może masz rację. Przemyślę to sobie.
TimelyHelp_ShadowInquire_0	Dialogue	Since you're so good at using 'True Speech' at will, how about dispelling some of my doubts?	Skoro jesteś taki dobry w używaniu 'Prawdziwej Mowy', to może rozwiejesz niektóre z moich wątpliwości?
TimelyHelp_ShadowReject_10	Dialogue	"""Good deeds don't stop being good just because there's nobody around to remember them. I think it's much more likely that I'll regret not helping someone, than the other way around,"" Alex said as he steeled his resolve."	"""Dobre uczynki nie przestają być dobre tylko dlatego, że nie ma nikogo kto je pamiętał. Wydaje mi się o wiele bardziej prawdopodobne, że będę żałował nie udzielenia komuś pomocy, niż udzielenia jej,"" powiedział Alex."
TimelyHelp_ShadowReject_20	Dialogue	Suit yourself. But know that what you're doing is just worthless self-indulgence, good only for stroking your ego. If you <i>actually</i> want to help others, first learn how to do it right.	Jak tam chcesz. Ale to co robisz to tylko żałosne łechtanie swojego ego, pomocne nikomu oprócz ciebie. Gdyby <i>faktycznie</i> zależało ci na pomaganiu innym, najpierw nauczyłbyś się, jak to robić poprawnie.
TimelyHelp_ShadowReject_30	Dialogue	"""Sounds like an excuse for never helping anyone at all, telling yourself that you'll be in a better position to do it later on,"" Alex said as he walked away from the shadowy thing. He would not lend an ear to the shadow's words words any further."	"""Brzmi jak wymówka by nigdy nikomu nie pomagać, wmawiając sobie, że zawsze później będzie do tego lepsza okazja,"" powiedział Alex i odszedł od cienia. Nie miał zamiaru tracić więcej czasu, na słuchanie tego, co cień miał do powiedzenia."
TimelyHelp_ShadowAccept_10	Dialogue	Maybe you have a point. I'll think about it. Worst case scenario: I'll know not to trust you, and I'll be able to fix my mistake in future cycles.	Może masz rację. Przemyślę to sobie. W najgorszym przypadku dowiem się, że nie mogę ci ufać, a moją pomyłkę będę mógł naprawić w przyszłych cyklach.
TimelyHelp_ShadowAccept_20	Dialogue	That's what I'm saying. I know that my looks might not instill trust, but I hope judge me based on my deeds going forward.	Dokładnie o tym mówię. Rozumiem, że mój wygląd może nie napawa poczuciem zaufania, ale mam nadzieję, że będziesz mnie oceniał po czynach zamiast wyglądzie.
TimelyHelp_ShadowInquire_10	Dialogue	"Since you're so good at using 'True Speech' at will, how about confirming some of my doubts?"" Alex asked. ""For example the thing you've said before: do you <i>really</i> lose power each time I use my regression?"	"Skoro jesteś taki dobry w używaniu 'Prawdziwej Mowy', to może rozwiejesz niektóre z moich wątpliwości?"" zapytał się Alex. ""Na przykład to co przed chwilą powiedziałeś: czy <i>naprawdę</i> tracisz nieco mocy za każdym razem, gdy używam mojej regresji?"
TimelyHelp_ShadowInquire_20	Dialogue	You <i>do</i> realize that using True Speech consumes quite a bit of energy, right? I would like to avoid using it whenever possible.	<i>Zdajesz</i> sobie sprawę, że Prawdziwa Mowa zużywa sporo energii, prawda? Wolałbym z niej korzystać najmniej, jak to możliwe.
TimelyHelp_ShadowInquire_30	Dialogue	"I think gaining my trust is a worthwhile way of spending said energy, especially since you used it just now,"" Alex said and then took a good look at the shadow's body. ""And don't make excuses that you're all spent: I can clearly see that you have plenty energy left."	"Wydaje mi się, że zyskanie mojego zaufania to dobry sposób na użycie energii, zwłaszcza że dopiero co jej użyłeś,"" powiedział Alex i rzucił okiem na ciało cienia. ""I nie rób wymówek, że zużyłeś już wszystko: widzę przecież, że zostało ci całkiem sporo energii."
TimelyHelp_ShadowInquire_40	Dialogue	"Maybe, but energy isn't the only issue here,"" the shadow said as it shrugged its shoulders. ""Not all truths can be confirmed using True Speech. The thing you've just requested just happens to be one of the exceptions."	"Może i tak, ale nie tylko energia jest tutaj problemem,"" powiedział cień i wzruszył ramionami. ""Nie wszystkie prawdy mogą być potwierdzone za pomocą Prawdziwej Mowy. To o co mnie właśnie poprosiłeś należy do tych wyjątków."
TimelyHelp_ShadowInquire_50	Dialogue	In that case, use True Speech to tell me that it's a fact you <i>cannot</i> confirm using True Speech.	W takim razie użyj Prawdziwej Mowy by powiedzieć mi, że jest to fakt którego <i>nie możesz</i> potwierdzić za pomocą Prawdziwej Mowy.
TimelyHelp_ShadowInquire_60	Dialogue	"Awfully persistent, aren't you?"" the shadow said as it was obviously losing its patience. ""That's not how True Speech works. It's yet another thing one of the things I cannot confirm."	"Nieźle się z tym uparłeś, co?"" powiedział cień, ewidentnie tracąc powoli cierpliwość. ""Prawdziwa Mowa tak nie działa. To też jedna z rzeczy, których nie mogę potwierdzić."
TimelyHelp_ShadowInquire_70	Dialogue	"""Well, then use True Speech and explain to me how True Speech works,"" Alex said. He did not let show on his face, but he did not have any hopes of this working. He simply wanted to get on the shadow's nerves a little bit."	"""W takim razie użyj Prawdziwej Mowy by wyjaśnić mi, jak działa Prawdziwa Mowa,"" powiedział Alex. Nie dał tego po sobie poznać, ale nie żywił specjalnie nadziei, że się to uda. Po prostu chciał wyprowadzić ten cień z równowagi."
TimelyHelp_ShadowInquire_80	Dialogue	"""Fine. I suppose I owe you at least <i>one</i> True Speech statement if you're supposed to trust me,"" the shadow said and took a deep breath, gathering energy within its core. After a few seconds, it spoke up. <color=""red"">""True Speech can only be used to confirm facts that I've observed and believe to be true, and the only exception is confirming this rule.""</color>"	"""Niech będzie. Może i należy ci się chociaż <i>jedno</i> stwierdzenie w Prawdziwej Mowie, jeśli masz mi zaufać,"" powiedział cień i wziął głęboki wdech. W jego rdzeniu zaczęła się gromadzić energia. Po kilku sekundach przemówił. <color=""red"">""Prawdziwa Mowa może być użyta wyłącznie do potwierdzania faktów, które sam zaobserwowałem i uważam za prawdziwe, a jedynym wyjątkiem jest potwierdzenie tej reguły.""</color>"
TimelyHelp_ShadowInquire1_0	Dialogue	Alright. Guess that makes your words a bit more believable then.	No dobra. To czyni twoje słowa nieco bardziej wiarygodnymi.
TimelyHelp_ShadowInquire2_0	Dialogue	Interesting. But that isn't how True Speech is supposed to work.	Ciekawe. Ale to nie tak powinna działać Prawdziwa Mowa.
TimelyHelp_ShadowInquire2_Requirement	Dialogue	Requires knowledge of 'True Speech'	Wymagana wiedza o 'Prawdziwej Mowie'
TimelyHelp_ShadowInquire1_10	Dialogue	Alright. Guess that makes your words a bit more believable then.	No dobra. To czyni twoje słowa nieco bardziej wiarygodnymi.
TimelyHelp_ShadowInquire1_20	Dialogue	"Glad we could get that out of the way,"" the shadow said with a slight hint of irritation in his voice. ""Now do with this knowledge what you will."	"Ciesze się, że doszliśmy do konsensusu,"" powiedział cień i westchnął z nutką irytacji w głosie. ""A teraz rób z tą wiedzą, co ci się podoba."
TimelyHelp_ShadowInquire2_10	Dialogue	"Interesting. But that isn't how True Speech is supposed to work,"" Alex said as he remembered the words written in a book he read before. ""Just because a human believes a statement to be true, does not allow him to confirm it using True Speech."	"Ciekawe. Ale to nie tak powinna działać Prawdziwa Mowa,"" powiedział Alex i przypomniał sobie słowa zapisane w książce, którą wcześniej czytał. ""Tylko dlatego, że człowiek uważa stwierdzenie za prawdziwe nie wystarczy, aby móc je potwierdzić przy użyciu Prawdziwej Mowy."
TimelyHelp_ShadowInquire2_20	Dialogue	"""Well, I'm not exactly human, as you might have noticed, so there's that,"" the shadow said as it shrugged its shoulders. If it was nervous because it just made a mistake, then it did not let it show. All Alex could notice was simple, plain irritation."	"""No cóż, nie jestem tak do końca człowiekiem, jak zapewne zdążyłeś zauważyć,"" cień powiedział i wzruszył ramionami. Jeśli był zestresowany tym, że właśnie powiedział nieco za dużo, to nie dał tego po sobie poznać. Jedyne co Alex mógł odczytać z jego wizerunku to czysta irytacja."
TimelyHelp_ShadowInquire2_30	Dialogue	<i>So either he's a special kind of existence that bends the laws of True Speech... or True Speech is a special kind of mechanism that has separate rules for the thing in front of me</i>, Alex thought as he started thinking intensely.	<i>Więc albo jest jakimś specjalnym bytem, który nagina prawa Prawdziwej Mowy... albo Prawdziwa Mowa jest jakimś specjalnym mechanizmem, który ma odrębne zasady dla tego cienistego czegoś przede mną</i>, pomyślał Alex i zaczął intensywnie myśleć.
TimelyHelp_ShadowInquire2_40	Dialogue	"""Well, one way or another, I did learn an interesting fact, so I'll thank you for that,"" Alex said as a smile forced itself on his lips."	"""Tak czy inaczej, dowiedziałem się interesującego faktu, więc jestem ci za to wdzięczny,"" powiedział Alex i zmusił się do uśmiechu."
TimelyHelp_ShadowInquire2_50	Dialogue	"""You're welcome. Now stop standing around and get to work"", the shadow said. It was obviously fed up with the whole conversation, since it promptly disappeared."	"""Proszę bardzo. A teraz przestań stać w miejscu i zabierz się do roboty,"" powiedział cień, w oczywisty sposób zirytowaną całą rozmową, gdyż zaraz po tym rozpłynął się w powietrzu."
MeetingWithLaura_Dialogue1_0	Dialogue	"""8 years later, and you still didn't learn to knock."" The displeasure visible on Laura's face forecast a long and difficult conversation."	"""8 lat minęło, a ty nadal nie nauczyłeś się pukać."" Niezadowolenie widoczne na twarzy Laury prognozowało długą i niełatwą rozmowę."
MeetingWithLaura_Dialogue1_10	Dialogue	And you didn't learn how to keep your place clean. I told you so many times that you're disrespecting your guests by inviting them into a place like that.	A ty się nadal nie nauczyłaś utrzymywać porządku. Ile razy ci mówiłem, że zapraszanie gości do takiego chlewu to okaz braku szacunku?
MeetingWithLaura_Dialogue1_20	Dialogue	I have a separate mansion for inviting guests worthy of respect. Are you one?	Mam oddzielną rezydencję na zapraszanie gości godnych szacunku. Ty się za takiego uważasz?
MeetingWithLaura_Dialogue1_30	Dialogue	Feeling that the conversation was getting nowhere, Alex let out a sigh. Still, in the back of his mind he was glad. He was afraid of how awkward the meeting would be, but he ended up arguing with Laura just like in the old times.	Czując, że ich rozmowa prowadzi donikąd, Alex głęboko westchnął. Mimo to, w głębi ducha czuł ulgę. Martwił się tego, jak niezręczne to spotkanie może się okazać, ale zaczął się kłócić z Laura jak za starych, dobrych czasów. 
MeetingWithLaura_Dialogue1_40	Dialogue	By the way, mind explaining why Drake ambushed me when I was doing work in your territory? Work <i>you</i> asked me to do, even?	Tak przy okazji, mogłabyś mi wyjaśnić czemu Drake napadł na mnie kiedy wykonywałem pracy w twoim terytorium? Pracę, którą <i>ty</i> mi zleciłaś do wykonania?
MeetingWithLaura_Dialogue1_50	Dialogue	What, do you expect to waltz in here without Drake learning about it? I'm technically his advisor, and the Tonitrui family is his supporter. Hardly anything happens here without him knowing.	A co, liczyłeś że możesz tu sobie przybiec, a Drake o niczym się nie dowie? Teoretycznie jestem jego doradcą, a rodzina Tonitrui jego sprzymierzeńcem. Mało co z tego, co tutaj się dzieje nie trafia do jego uszu.
MeetingWithLaura_Dialogue1_60	Dialogue	"It made sense. But just as Alex was about to change the subject, Laura added, ""But yes, it was <i>me</i> who told him where you'll be. That's the reason why I advised you to look for another escape route."""	"Miało to sens. Ale gdy Alex miał już zmienić temat, Laura dodała, ""Ale tak, to <i>ja</i> powiedziałam mu o tym, gdzie będziesz. Dlatego właśnie doradziłam ci, żebyś znalazł alternatywną drogę ucieczki."""
MeetingWithLaura_Dialogue1_70	Dialogue	"""Couldn't you just tell me that Drake was about to ambush me?"" Alex asked without hiding his frustration."	"""A nie mogłaś mi po prostu powiedzieć, że Drake chce mnie napaść?"" Alex zapytał bez ukrywania swojej frustracji."
MeetingWithLaura_Dialogue1_80	Dialogue	"That would make you less surprised, and I certainly don't trust your acting,"" Laura said, unwilling to accept any blame in this matter. ""You should know that until the right time comes, I have no intention of showing myself as anything other than Drake's perfect servant."	"To by sprawiło, że byłbyś mniej zaskoczony, a ja z pewnością nie ufam twoim zdolnościom aktorskim,"" Laura powiedziała, nieskora do zaakceptowania jakiejkolwiek winy w tej sprawie. ""Powinieneś wiedzieć, że dopóki nie przyjdzie odpowiednia chwila, będę zawsze się prezentować jako uczynna służebnica Drake."
MeetingWithLaura_Dialogue1_90	Dialogue	And when will the right time come?	A kiedy ta chwila ma nastąpić?
MeetingWithLaura_Dialogue1_100	Dialogue	"Maybe a year from now, maybe never,"" Laura said as she shrugged her shoulders. ""That's the difficult part in dealing with someone with perfect insight into the future. You need to be willing to die without accomplishing anything, since you never know if your reality is not just his vision of the future."	"Może za rok, a może nigdy,"" Laura powiedziała i wzruszyła ramionami. ""To jest najtrudniejsza część walczenia z kimś dysponującym idealnym wejrzeniem w przyszłość. Musisz być skorym do śmierci bez osiągnięcia czegokolwiek, bo nigdy nie wiesz, czy twoja rzeczywistość to nie tylko jego wizja przyszłości."
MeetingWithLaura_Dialogue1_110	Dialogue	Didn't you mention on the phone that you had some idea of how to deal with it?	Nie wspomniałaś w naszej rozmowie przez telefon, że masz jakiś pomysł na poradzenie sobie z tym?
MeetingWithLaura_Dialogue1_120	Dialogue	I did, and with the stolen shipment you've managed to retrieve, I'm one step closer to accomplishing that. Although I'm worried that Drake might have caught on to what I'm trying to do, so I might need your help in the future.	Mam, a dzięki przesyłce którą udało ci się odzyskać jestem o krok bliżej do osiągnięcia tego. Mam niestety obawy, że Drake podejrzewa co staram się osiągnąć, więc mogę potrzebować twojej pomocy w przyszłości.
MeetingWithLaura_Dialogue1_130	Dialogue	Before we discuss any extra jobs, shouldn't you give me a reward for my latest one?	Zanim zaczniemy rozmowę o dodatkowych zadaniach nie powinnaś mnie wynagrodzić za tą niedawno wykonaną?
MeetingWithLaura_Dialogue1_140	Dialogue	Right. You wanted my help to take as many loans as possible, regardless of interest rates. Here's all I've managed to get for now.	Prawda. Chciałeś mojej pomocy, by zaciągnąć jak najwięcej długów, bez uwagi na odsetki. Masz tutaj wszystko, co udało mi się na razie zebrać.
MeetingWithLaura_Dialogue1_150	Dialogue	Isn't that way to little?	Nie za mało tego?
MeetingWithLaura_Dialogue1_160	Dialogue	I can't help it. I've been having a lot of expenses recently, and most banks are focused on supporting their associated families in the upcoming power struggle. On 10th, 20th, 30th, 40th and 50th week I'll send you all extra money I've been able to gather.	Nic nie poradzę. Miałam ostatnio sporo wydatków, a większość banków jest skupiona na wspieraniu powiązanych z nimi rodzin w zbliżającej się walce o władzę. W 10, 20, 30, 40 i 50 tygodniu wyślę ci wszystkie dodatkowe pieniądze, które uda mi się zebrać.
MeetingWithLaura_Dialogue1_170	Dialogue	Also, you can grab anything useful you find in this workshop. Just make sure you don't break anything. Nothing pisses me off more than Enforcers rampaging around, acting like they're entitled to destroy everything they can lay their hands on.	Dodatkowo, możesz sobie wziąć wszystkie użyteczne rzeczy, które znajdziesz w tej pracowni. Tylko niczego nie uszkodź. Nic mnie bardziej nie wyprowadza z równowagi jak Autarchowie którzy myślą, że mogą sobie bezkarnie niszczyć wszystko na swojej drodze.
MeetingWithLaura_Dialogue1_180	Dialogue	"""Alright, enough about the money,"" Laura said her expression turned even more serious. ""Seeing how you called me after 8 years of no contact, something massive must have happened. Although given your recent actions, I have an idea what it might have been."" Laura was not able to immediately see the drop in Alex's level, but his behavior was telling enough."	"""No dobra, wystarczy rozmowy o pieniądzach,"" Laura powiedziała, a jej wyraz twarzy stał się jeszcze bardziej poważny. ""Patrząc po fakcie, że zadzwoniłeś do mnie po 8 latach bez kontaktu, musiało cię spotkać coś szokującego. Choć po twoich ostatnich decyzjach, mam przeczucie co takiego mogło to być."" Laura nie była w stanie natychmiast dostrzec spadku poziomu u Alexa, ale jego zachowanie było wystarczającą wskazówką. "
MeetingWithLaura_Dialogue1_190	Dialogue	"""Taking high-rate loans is certainly something I would not do under normal circumstances,"" Alex said with a wry smile. He then started describing the events from last two weeks, down to the tiniest detail."	"""Zaciąganie długów o wysokim oprocentowanie zdecydowanie nie jest czymś, co robiłbym w normalnych okolicznościach,"" Alex powiedział z wymuszonym uśmiechem na twarzy. Następnie opisał wszystko co go spotkało przez ostatnie dwa tygodnie, nie pomijając żadnych istotnych szczegółów."
MeetingWithLaura_Dialogue1_200	Dialogue	Once he was done telling the story, Alex walked off and sat on one of the chairs. He knew that when Laura was focused on analysing a complicated situation, it would sometimes take minutes of complete concentration before she snapped out of it.	Kiedy skończył opowiadanie historii, Alex odszedł i usiadł na jednym z krzeseł. Wiedział, że gdy Laura była skupiona na analizowanie skomplikowanej sytuacji, czasem potrzeba było minut pełnej koncentracji zanim się ocknie.
MeetingWithLaura_Dialogue1_210	Dialogue	"After roughly 5 minutes passed, Laura finally spoke up. ""You might not realize just how big of a deal all of this is."""	"Po około 5 minutach, Laura w końcu się odezwała. ""Być może nie zdajesz sobie sprawy jak istotna rzecz się tobie przytrafiła."""
MeetingWithLaura_Dialogue1_220	Dialogue	"I do. That's why I'm here,"" Alex said as he shrugged his shoulders. ""So, any thoughts?"	"Zdaje sobie sprawę. Dlatego tutaj jestem,"" Alex powiedział i wzruszył ramionami. ""I co, jakieś przemyślenia?"
MeetingWithLaura_Dialogue1_230	Dialogue	You're not an idiot, so I don't think I need to tell you this, but the shadowy thing is definitely not to be trusted.	Nie jesteś idiotą, więc raczej nie muszę ci tego mówić, ale temu cienistemu czemuś nie można ufać.
MeetingWithLaura_Dialogue1_240	Dialogue	Obviously. Its appearance and attitude aside, it assisted Drake 10 years ago, but now it's helping me fight against him all of a sudden. It's only a matter of time before it finds someone else to take advantage of.	Rzecz jasna. Pomijając jego wygląd i osobowość, pomógł on Drake 10 lat temu. Za to teraz nagle daje mi sposób, żeby z nim walczyć. To tylko kwestia czasu zanim znajdzie sobie kogoś innego, żeby go wykorzystać.
MeetingWithLaura_Dialogue1_250	Dialogue	More importantly, the fact that it used True Speech is suspicious. Do you remember the exact wording it used?	Co ważniejsze, fakt że użył Prawdziwej Mowy jest podejrzany. Pamiętasz, jakich dokładnie słów wtedy użył?
MeetingWithLaura_Dialogue1_260	Dialogue	I know it's important, but I don't remember each word perfectly. The general gist of it was that I was the one who wished to go back in time. Also, that I will be able to turn back time 2 more times.	Wiem że to istotne, ale nie pamiętam dokładnie każdego słowa. Ogólny przekaz był taki, że to ja chciałem cofnąć się w czasie. Dodatkowo, będę mógł się cofnąć jeszcze 2 dodatkowe razy.
MeetingWithLaura_Dialogue1_270	Dialogue	"""Well, it would be difficult to remember everything word for word."" Laura thought for a moment and then raised her head, as if having decided on a course of action."	"""No nic, trudno byłoby zapamiętać wszystko co do słowa."" Laura zaczęła nad czymś intensywnie myśleć, po czym podniosła głowę, jakby podjęła decyzję co teraz zrobić."
MeetingWithLaura_Dialogue1_280	Dialogue	According to that shadowy thing, you originally teamed up with Drake, but ended up regretting your choice. We have no way of confirming that at the moment, but I'll try to figure it out.	Według tego cienistego czegoś, oryginalnie sprzymierzyłeś się z Drake, ale ostatecznie tego żałowałeś. Nie mamy obecnie jak tego sprawdzić, ale spróbuję coś z tym zrobić.
MeetingWithLaura_Dialogue1_290	Dialogue	"Figure it out? Something that happened in the future?"" Alex said with a mocking tone, but upon seeing that Laura was not joking, his expression turned serious. ""Are you actually for real? Checking a future that no longer exists?"	"Coś z tym zrobić? Z czymś co wydarzyło się w przyszłości?"" Alex powiedział z drwiącym tonem, ale gdy zobaczył że Laura nie żartowała, jego twarz nabrała poważnego wyrazu. ""Na serio? Sprawdzenie przyszłości, która już nie istnieje?"
MeetingWithLaura_Dialogue1_300	Dialogue	Checking the 'future' might be impossible, but it's another matter if it's about checking the 'past'. It all depends on what your ability actually accomplishes: whether it's 'regression' or 'perfect restoration'.	Sprawdzenie 'przyszłości' może być niemożliwe, ale co innego jeśli chodzi o sprawdzenie 'przeszłości'. Wszystko zależy od tego jak dokładnie działa twoja umiejętność: czy jest 'powrotem', czy po prostu 'perfekcyjnym odnowieniem'.
MeetingWithLaura_Dialogue1_310	Dialogue	"I never even considered it,"" Alex said, unable to hide his surprise. He then looked at Laura, his gaze filled with curiosity. ""We finally have a way to strike back against Drake's dictatorship, but you're choosing to investigate a mysterious entity instead?"	"Nigdy się nad tym nie zastanawiałem,"" Alex powiedział, niezdolny do ukrycia swojego zaskoczenia. Rzucił wtedy okiem na Laurę, jego spojrzenie pełne ciekawości. ""W końcu mamy sposób żeby przeciwstawić się dyktatorstwu Drake, ale zamiast tego decydujesz się badać jakąś tajemniczą istotę?"
MeetingWithLaura_Dialogue1_320	Dialogue	"Treat it as a sign of my trust in you,"" Laura said as she shrugged her shoulders. ""I know both of you pretty well. As long as you have a way to neutralize his precognition, you should be able to overcome him eventually. On the other hand, a completely unknown foreign entity is much more frightening."	"Potraktuj to jako oznaka mojej wiary w ciebie,"" Laura powiedziała i wzruszyła ramionami. ""Znam was obu całkiem dobrze. Wiem, że tak długo jak masz sposób na zneutralizowanie jego widzenia przyszłości, to powinieneś go prędzej czy później pokonać. Z drugiej strony, kompletnie nieznany mi byt jest o wiele bardziej niepokojący."
MeetingWithLaura_Dialogue1_330	Dialogue	Both of us might have gotten weaker, but the difference is he has a whole massive organization at his beck and call.	Może i oboje staliśmy się słabsi, ale to on ma po swojej stronie gigantyczną organizację.
MeetingWithLaura_Dialogue1_340	Dialogue	"There's a whole lot of people who want Drake gone. If you make use of that, you can neutralize that advantage,"" Laura said. ""Aside from that, you just need to make sure Drake is not able to regain much more of his power than you. I suspect his weakening is much more temporary in nature than yours."	"Jest całą rzesza ludzi, którzy chcą się pozbyć Drake. Jeśli dobrze ich wykorzystać, to zneutralizujesz jego przewagę,"" powiedziała Laura. ""Poza tym, musisz się upewnić, że Drake nie będzie w stanie odzyskać dużo więcej swojej siły niż ty. Podejrzewam, że jego osłabienie jest o wiele bardziej tymczasowe w swojej naturze niż twoje."
MeetingWithLaura_Dialogue1_350	Dialogue	And how do I accomplish that?	A jak mam to osiągnąć?
MeetingWithLaura_Dialogue1_360	Dialogue	Drake is a master of energy manipulation. He'll go to places strongly saturated with natural energy, such as the Ignis Volcano, and absorb it. If you can interrupt him once he's there, he'll restore his power much more slowly.	Drake jest mistrzem w manipulowaniu energią. Uda się do miejsc nasączonych naturalną energią, na przykład do Wulkanu Ignis, by ją pochłonąć. Jeśli udasz się tam i mu w tym przeszkodzisz, to będzie o wiele wolniej odzyskiwał pełnię mocy.
MeetingWithLaura_Dialogue1_370	Dialogue	He's decently skilled in fighting styles of all 7 families, so the way he'll fight you will change on what energy he has on hand. When facing him in the Ignis Volcano, for example, expect him to wield Ignis techniques.	Jest całkiem uzdolniony w stylach walki wszystkich 7 rodzin, więc jego sposób walki zmieni się w zależności od typu energii, który ma pod ręką. Więc na przykład w Wulkanie Ignis będzie korzystał z technik Ignis.
MeetingWithLaura_Dialogue1_380	Dialogue	Fortunately, his understanding of each fighting style is superficial, so there should be weaknesses you can exploit. You can ask me for more information or investigate on your own. In the end, if you can defeat him in Penance during the Eclipse on week 51, it'll be your victory.	Na szczęście jego wiedza na temat każdego ze stylów jest powierzchowna, więc powinny być jakieś wady które możesz wykorzystać. Możesz mnie zapytać o więcej informacji, albo samemu wszystko wybadać. Koniec końców, jeśli uda ci się go pokonać w Pokucie podczas Zaćmienia w tygodniu 51, to ty będziesz zwycięzcą.
MeetingWithLaura_Dialogue1_390	Dialogue	"""Thanks. I'll ask you if I won't know what do next,"" Alex said as he started heading towards the exit."	"""Dzięki. Udam się do ciebie jeśli nie będę wiedział, co robić dalej,"" powiedział Alex i zaczął zmierzać w stronę wyjścia."
MeetingWithLaura_Dialogue1_400	Dialogue	"And one more thing,"" Laura said as she threw a key towards Alex. ""Here's a token of gratitude for sharing this info with me. It's for my private study, so you can do some research on your own. The door's reinforced, so it wouldn't even budge in your current state."	"I jeszcze jedno,"" powiedziała Laura i rzuciła klucz w stronę Alexa. ""Oto dowód mojej wdzięczności za podzielenie się ze mną tymi informacjami. Otwiera moją prywatną bibliotekę, więc będziesz mógł nieco poczytać w swoim zakresie. Drzwi są wzmocnione, więc w twoim obecnym stanie nawet byś ich nie zadrasnął."
MeetingWithLaura_Dialogue1_410	Dialogue	I assume it's your first 'return', so you might be tempted not to bother explaining things the next time around. But remember that if you do, an appropriate reward awaits you. You probably already memorized the location of my stolen shipment, so you'd also get my financial support.	Zakładam, że to twój pierwszy 'powrót', więc następnym razem możesz nie chcieć wszystkiego mi znowu wyjaśniać. Ale pamiętaj, że jeśli to zrobisz to czeka na ciebie odpowiednia nagroda. Pewnie już zapamiętałeś położenie mojej skradzionej przesyłki, więc dostałbyś przy okazji moje wsparcie materialne.
MeetingWithLaura_Dialogue1_420	Dialogue	"""I'll keep that in mind,"" Alex said as he waved Laura goodbye. The mention of the reward was enticing, but he was not looking forward to reliving the awkwardness of their first meeting after 8 years of no contact."	"""Będę to miał na uwadze,"" Alex powiedział i pożegnał się z Laurą. Wzmianka o nagrodzie była zachęcająca, ale nie był podekscytowany możliwością ponownego przeżycia tego dosyć niezręcznego spotkania po 8 latach bez kontaktu."
LauraDialogue_Dialogue_0	Dialogue	What do you need?	Czego potrzebujesz?
LauraDialogue_DrakeCounters_0	Dialogue	Tell me more about how I can defeat Drake.	Wyjaśnij me w jaki sposób mogę pokonać Drake.
LauraDialogue_DrakeCounters_10	Dialogue	Which fighting style are we talking about here?	Mowa o którym stylu walki?
LauraDialogue_DrakeIgnis_0	Dialogue	Ignis, mounting flame.	Ignis, narastający płomień.
LauraDialogue_DrakeIgnis_10	Dialogue	When imitating Ignis fighting style, Drake will try to inflict you with as much burning as possible. As the fight goes on, your chances of victory get close to 0. Unfortunately, those kinds of burns cannot be cleansed by any item or technique, and it would go right through the defenses of a Molis warrior.	Podczas naśladowania stylu walki Ignis, Drake będzie próbował uderzyć cię możliwie największą ilością płomieni. Im dłużej trwać będzie walka, tym twoje szanse na zwycięstwo zbliżają się 0. Niestety, ten typ podpalenia nie może być zdjęty żadnym przedmiotem ani techniką, i przebiłby się wprost przez ochronę wojownika Molis.
LauraDialogue_DrakeIgnis_20	Dialogue	You mean there's absolutely no counter to it?	Twierdzisz, że nie ma sposobu, żeby to skontrować?
LauraDialogue_DrakeIgnis_30	Dialogue	"There's a counter to everything if you look hard enough,"" Laura said with a smile. ""The way Ignis flames work is that they overload your Energy Core, giving you the feeling of your body burning up from inside. To deal with that, you have to improve your energy circulation."	"Wszystko da się skontrować, jeśli będziesz szukał wystarczająco długo,"" Laura powiedziała z uśmiechem. ""Płomienie Ignis działają w ten sposób, że przeciążają twój Rdzeń Energii, sprawiając że czujesz, jakbyś palił się od środka. Żeby temu zaradzić będziesz musiał usprawnić twój przepływ energii."
LauraDialogue_DrakeIgnis_40	Dialogue	...Proprius family it is then. Nobody can manipulate energy as well as them. The problem is that I can't imagine anyone from Drake's family helping me fight against him.	...Czyli rodzina Proprius. Nikt nie manipuluje energią tak dobrze jak oni. Problemem jest fakt, że nikt z rodziny Drake raczej nie pomoże mi znaleźć sposobu, jak z nim walczyć.
LauraDialogue_DrakeIgnis_50	Dialogue	How cruel of you. Did you already forget the little sister you in the clutches of the evil Drake Proprius?	Nieładnie z twojej strony tak zapomnieć o swojej małej siostrzyczce. Nie pamiętasz, że okrutny Drake Proprius porwał ją w swoje kleszcze?
LauraDialogue_DrakeIgnis_60	Dialogue	"Elen,"" Alex said as he recalled the girl's face. He did not see her in person since she was adopted 10 years ago, but they still kept in contact. She seemed to have adapted to the Proprius family quite well. ""But my previous assessment still stands. I doubt she's going to betray her family for my sake. And I wouldn't want her to."	"Elen,"" powiedział Alex i przypomniał sobie jej twarz. Nie spotkał się z nią od kiedy została adoptowana 10 lat temu, ale nadal utrzymywali kontakt. Z ich rozmów wynikało, że całkiem dobrze się odnalazła w nowej rodzinie. ""Ale to nic nie zmienia. Nie sądzę, by miała dla mnie zdradzić swoją rodzinę. Co więcej, nie chciałbym, żeby to zrobiła."
LauraDialogue_DrakeIgnis_70	Dialogue	"You overestimate how much support Drake receives from the Proprius,"" Laura said as she waved her hand. ""There's a reason they're known as recluses, uninterested in mundane human conflicts. Besides, whether Elen supports Drake or you is a decision you should let her make on her own."	"Chyba przeceniasz jak dużo wsparcia Drake otrzymuje od rodziny Proprius,"" powiedziała Laura i machnęła ręką. ""Nie bez powodu są znani jako pustelnicy, niezainteresowani pospolitymi ludzkimi konfliktami. Poza tym, to sama Elen powinna podjąć decyzję o tym, czy wspomóc ciebie czy Drake."
LauraDialogue_DrakeIgnis_80	Dialogue	"""Alright then. I'm not expecting much, but I'll try to contact her,"" Alex said. He tried not to let it show, but he was excited to meet his little sister after all those years."	"""No dobra. Nie nastawiam się na sukces, ale skontaktuję się z nią,"" powiedział Alex. Starał się nie dać tego po sobie poznać, ale był podekscytowany na myśl o spotkaniu swojej młodszej siostry po tylu latach."
LauraDialogue_DrakeAnima_0	Dialogue	"""Anima, onslaught of weapons."" (coming in ver 0.5)"	"""Anima, nawałnica broni."" (zostanie dodany w wer 0.5)"
LauraDialogue_DrakeAnima_10	Dialogue	Proprius sages tend to scorn the usage of energy-infused weapons, treating it as barbaric and sub-optimal. That's why, even while imbued with the powers of Anima, Drake doesn't exactly 'wield' any weapon. He just controls multitude of them, treating them like an extension of his Energy Core.	Mędrcy Proprius krzywo patrzą na korzystanie z broni naładowanych energią, traktując je jako barbarzyński i nieoptymalny zwyczaj. Z tego powodu, nawet gdy jest przepełniony energią Anima, Drake teoretycznie nie 'dzierży' żadnej broni. Po prostu kontroluje całą ich masę, traktują je jako rozszerzenie swojego Rdzenia Energii.
LauraDialogue_DrakeAnima_20	Dialogue	Although that approach lacks the speed and deadliness of Anima warriors, you can't deny it <i>is</i> difficult to deal with. One misstep and you'll get overwhelmed by a bunch of weapons flying straight at you.	Temu podejściu może i brakuje prędkości i zabójczości wojowników Anima, ale trzeba przyznać, że <i>jest</i> trudne do pokonania. Jeden zły ruch i zostajesz przygnieciony nawałnicą broni lecących w twoją stronę.
LauraDialogue_DrakeAnima_30	Dialogue	What do you suggest I should do about it?	Co sugerujesz by sobie z tym poradzić?
LauraDialogue_DrakeAnima_40	Dialogue	"No matter how sturdy you get, you'd eventually end up overwhelmed. What you need to do is somehow interrupt his technique,"" Laura said as she fell deeply into thought. After half a minute, she spoke up: ""It's not public information, but someone in the Ignis family seems to have the Technique to steal techniques from others."	"Nie ważne jak wytrzymały byś się nie stał, koniec końców zostaniesz przytłoczony. Potrzebujesz sposobu na przerwanie jego techniki,"" Laura powiedziała i zaczęła nad czymś intensywnie myśleć. Po pół minuty powiedziała, ""Nie jest to wiedza dostępna publicznie, ale jest w rodzinie Ignis ktoś zdolny do wykradania cudzych technik."
LauraDialogue_DrakeAnima_50	Dialogue	Steal techniques? That's the first time I've heard of it. But is that something that can be taught? Sounds like a unique technique.	Wykradanie technik? Pierwsze słyszę. Ale czy to coś, czego można się nauczyć? Brzmi jak technika unikalna dla tej osoby.
LauraDialogue_DrakeAnima_60	Dialogue	Well, that's still your best shot. Similar to Drake, your biggest strength has always been how quickly you can pick up all sorts of different techniques. I have an inkling that you should be able to replicate that one as well.	No cóż, to twój najlepszy trop. Podobnie jak u Drake, twoją największą siłą jest to jak szybko jesteś w stanie nauczyć się różnych nowych technik. Mam przeczucie, że będziesz w stanie odtworzyć także tą.
LauraDialogue_DrakeAnima_70	Dialogue	"""Well, if you say so,"" Alex said as he sighed. He never particularly liked the Ignis family, and the feeling was mutual. But he had to leave his personal feelings aside this time around."	"""No cóż, skoro tak twierdzisz,"" powiedział Alex i westchnął. Nigdy zbytnio nie przepadał rodziny Ignis, i działało to w obie strony. Ale tym razem będzie musiał odstawić uczucia na bok."
LauraDialogue_DrakeGlacies_0	Dialogue	"""Glacies, entrapping with frost."" (coming in ver 0.6)"	"""Glacies, usidlanie mrozem."" (zostanie dodany w wer 0.6)"
LauraDialogue_DrakeGlacies_10	Dialogue	Well, this one is rather straightforward. Drake just freezes everything around him and shoots at you while you cannot do anything about it.	No cóż, ten styl nie jest zbyt skomplikowany. Drake po prostu zamraża wszystko wokół siebie i strzela do ciebie, gdy nie możesz nic na to poradzić.
LauraDialogue_DrakeGlacies_20	Dialogue	Maybe Molis might have something to help with that? They usually deal quite well with all sorts of crowd-control techniques.	Może Molis mogliby pomóc? Zwykle całkiem dobrze radzą sobie z różnego typu technikami kontroli tłumu.
LauraDialogue_DrakeGlacies_30	Dialogue	If only it were that simple. The kind of 'frost' that Drake employs is something special. Rather than just freezing your body, it's as if it slows down the time of your body. Molis tenacity isn't going to help with that.	Gdyby tylko to było takie proste. Typ 'mrozu', z którego korzysta Drake jest dosyć specjalny. Zamiast po prostu zamrażać twoje ciało, sprawia że przepływ czasu twojego ciała jest spowolniony. Wytrzymałość Molis nic tutaj nie poradzi.
LauraDialogue_DrakeGlacies_40	Dialogue	The way you put it, it sounds like there's just no way of countering it.	Wygląda na to, że nie ma sposobu na skontrowanie czegoś takiego.
LauraDialogue_DrakeGlacies_50	Dialogue	<i>Almost</i> no way. There's this funny quirk that the Royal Family possesses, remember? They're invulnerable to effects of all sorts of unique techniques.	<i>Prawie</i> nie ma sposobu. Jest taki jeden interesujący fakt jeśli chodzi o Rodzinę Królewską, co nie? Są kompletnie niewrażliwi na efekty przeróżnych unikalnych technik.
LauraDialogue_DrakeGlacies_60	Dialogue	The Royal Family!? If there ever was a unique technique that's impossible to replicate, then that's the one.	Rodzina Królewska!? Jeśli jest coś takiego, jak unikalna technika której nie da się odtworzyć, to jest nią właśnie coś takiego.
LauraDialogue_DrakeGlacies_70	Dialogue	Just so you know, there's no such a thing as a technique that's impossible to replicate. It's only a matter of difficulty. Unique abilities that you and Drake have are impossibly hard to copy, but copying them is still <i>technically</i> possible.	Wiedz na przyszłość, że nie ma czegoś takiego jak technika niemożliwa do odtworzenia. Jedynym problemem jest stopień trudności. Unikalne umiejętności, które macie ty i Drake są niemożliwie trudne do skopiowania, ale mimo wszystko skopiowanie ich jest <i>teoretycznie</i> możliwe.
LauraDialogue_DrakeGlacies_80	Dialogue	Alright then, let's say it might be somewhat possible to copy the Royal Family's technique. What of it? As far as I know, nobody from the Royal Family survived after the revolution from 50 years ago.	No dobra, to załóżmy że skopiowanie techniki Rodziny Królewskiej jest teoretycznie możliwe. Ale co z tego? Z tego co mi wiadomo to nikt z Rodziny Królewskiej nie przetrwał rewolucji 50 lat temu.
LauraDialogue_DrakeGlacies_90	Dialogue	That's the problem with you. You're competent in a bunch of different fields, but when it comes to politics you're no better than a toddler.	To jest właśnie problem z jeśli chodzi o ciebie. Jesteś obeznany w wielu różnych dziedzinach, ale jeśli chodzi o politykę to jesteś na poziomie noworodka.
LauraDialogue_DrakeGlacies_100	Dialogue	"Yeah, yeah, that's obviously why I came to you,"" Alex said without hiding his frustration. ""So what's up with the Royal Family? Was there a survivor?"	"Dlatego przyszedłem do ciebie,"" powiedział Alex nie ukrywając swej frustracji. ""No i co z tą Rodziną Królewską? Ktoś ocalał?"
LauraDialogue_DrakeGlacies_110	Dialogue	Quite a few, actually. Only one survives to this day. She completely cut herself off from politics and started training under the Anima warriors a few years back. Well, it was closer to banishment after what her family tried to do behind the scenes.	Nawet całkiem osób. Do dzisiaj żyje tylko jedna z nich. Całkowicie odcięła się od polityki i kilka lat temu rozpoczęła trening pod wojownikami Anima. W praktyce po prostu została wygnana po tym, co jej rodzina próbowała zrobić za kulisami.
LauraDialogue_DrakeGlacies_120	Dialogue	...I won't ask what happened. I have all I needed, so I guess I need to make a trip to the Anima islands.	...Nie będę pytał, co takiego zaszło. Mam wszystko, czego potrzebuję, więc udam się po prostu do wysp Anima.
LauraDialogue_DrakeMolis_0	Dialogue	"""Molis, unbreakable body."" (coming in full release)"	"""Molis, niezniszczalne ciało."" (zostanie dodany w pełnej wersji)"
LauraDialogue_DrakeMolis_10	Dialogue	Molis, is it? He'll fight you normally for the most part, but once he accumulates too much damage, he'll encase himself in a suit of invincible armor. Unless you can perform an absolutely devastating attack, he'll virtually unbeatable.	A tak, Molis? Przez większość czasu będzie z tobą walczył normalnie, ale gdy otrzyma zbyt dużo obrażeń, to otoczy się praktycznie niezniszczalną zbroją. Jeśli nie dysponujesz absolutnie potężnym atakiem, to jest nie do pokonania.
LauraDialogue_DrakeMolis_20	Dialogue	There are all kinds of different techniques that could do that, no?	Chyba jest całkiem sporo technik, które mogłyby to osiągnąć, co nie?
LauraDialogue_DrakeMolis_30	Dialogue	The issue is he can cleanse his body off all negative effects, and then minimize any damage done to him. Unless you can break past that damage reduction, even strongest techniques are going to only tickle him.	Problem jest taki, że jest w stanie oczyścić się ze wszystkich negatywnych efektów, i zminimalizować otrzymywane obrażenia. Jeśli nie będziesz w stanie przebić się przez tą redukcję obrażeń, to nawet najpotężniejsze techniki nic mu nie zrobią.
LauraDialogue_DrakeMolis_40	Dialogue	Maybe the Salutis family then? They know how the human body works inside out. They should have some way of circumventing the damage reduction.	Może rodzina Salutis w tym pomoże? Doskonale wiedzą, jak działa ludzkie ciało. Powinni mieć jakiś sposób na ominięcie redukcji obrażeń.
LauraDialogue_DrakeMolis_50	Dialogue	My thoughts exactly. The main issue is that the current Salutis family is completely under Drake's beck and call.	Dokładnie o tym myślałam. Główny problem jest taki, że obecnie rodzina Salutis jest największym sprzymierzeńcem Drake.
LauraDialogue_DrakeMolis_60	Dialogue	So I won't learn anything unless I can find someone willing to betray the family?	Więc niczego się nie nauczę, jeśli nie znajdę kogoś skłonnego do zdradzenia swojej rodziny?
LauraDialogue_DrakeMolis_70	Dialogue	Not necessarily. The Salutis family situation is a bit unique, since it consists of two branches: the assassins and the medics. It's the former that Drake has complete control over. Maybe there's a doctor who doesn't share Drake's world-view.	Niekoniecznie. Sytuacja w rodzinie Salutis jest dosyć wyjątkowa. Są podzielenie na dwie odnogi: zabójców i medyków. To tych pierwszych Drake ma pod zupełną kontrolą. Powinien być jakiś doktor, który nie podziela poglądów Drake.
LauraDialogue_DrakeMolis_80	Dialogue	Okay. Seems like I'll need to infiltrate the Salutis family territory then.	No dobra, wygląda na to, że będę musiał zinfiltrować terytorium rodziny Salutis.
LauraDialogue_DrakeSalutis_0	Dialogue	"""Salutis, certain death."" (coming in full release)"	"""Salutis, pewna śmierć."" (zostanie dodany w pełnej wersji)"
LauraDialogue_DrakeSalutis_10	Dialogue	The Salutis assassination techniques. In the hands of someone as strong as Drake, it's virtually unstoppable. He ignores armor, damage reduction and all sorts of defensive techniques. As far as I'm aware, it's impossible to avoid his most powerful attack, and receiving it means guaranteed death.	Zabójcze techniki Salutis. W rękach kogoś tak potężnego jak Drake, są praktycznie nie do zatrzymania. Przebija się przez pancerz, redukcję obrażeń i wszelkiego typu techniki defensywne. Z tego co mi wiadomo, to nie ma sposobu na uniknięcie jego najpotężniejszego ataku, a otrzymanie go to gwarantowana śmierć.
LauraDialogue_DrakeSalutis_20	Dialogue	The way you're describing it, it's just unbeatable. Why doesn't he just always use that battle style then?	Po sposobie w jaki go opisujesz, ten styl walki wydaje się nie do pokonania. Czemu nie korzysta z tych technik za każdym razem?
LauraDialogue_DrakeSalutis_30	Dialogue	Energy issues aside, it's fairly useless against groups of enemies. Also, it only truly works against someone Drake knows extremely well. And I have a feeling you fit the bill.	Pomijając kwestię energii, to te techniki są w większości bezużyteczne przeciwko grupom wrogów. Poza tym, naprawdę dobrze działają tylko przeciwko komuś, kogo Drake zna bardzo dobrze. I coś mi mówi, że ty pasujesz do tego opisu.
LauraDialogue_DrakeSalutis_40	Dialogue	How exactly? Over the course of my life I've personally met with Drake only a handful of times.	Niby jak? Przez całe życie osobiście widziałem się z Drake tylko kilka razy.
LauraDialogue_DrakeSalutis_50	Dialogue	"To think that <i>you</i> of all people cannot figure out the answer to that question,"" Laura said with a sigh. Seeing that a glint of realization flash in Alex's eyes, she gave a wry smile. ""When your ability activates, only you retain the memories of what happened."	"Kto by pomyślał, że to <i>ty</i> nie będziesz w stanie tego wywnioskować,"" powiedziała Laura i westchnęła. Widząc, że ziarno zrozumienia zaczęło kiełkować w oczach Alexa, strudzony uśmiech pojawił się na jej twarzy. ""Kiedy twoja umiejętność się aktywuje, to tylko ty zachowujesz wspomnienia tego, co się stało."
LauraDialogue_DrakeSalutis_60	Dialogue	"...And I end up pretty well acquainted with people whom I'm technically meeting for the first time in my life,"" Alex said as the understanding dawned on him. ""I must have been an important target in many of Drake's visions of the future."	"...I w ten sposób staję się całkiem dobrze zaznajomiony z ludźmi, których teoretycznie spotykam pierwszy raz w życiu,"" Alex powiedział gdy w końcu zrozumiał co Laura chciała mu przekazać. ""Musiałem być całkiem ważnym celem w wielu z wizji przyszłości, które Drake otrzymał."
LauraDialogue_DrakeSalutis_70	Dialogue	"Well, that leaves us with the problem of how to actually defeat him,"" Laura said as she pondered over something. ""Molis might be the answer after all."	"No cóż, to pozostawia nam problem tego, jak faktycznie go pokonać,"" Laura powiedziała i się nad czymś zastanowiła. ""Molis może być jedyną odpowiedzią."
LauraDialogue_DrakeSalutis_80	Dialogue	Didn't we just discuss how Drake can just pierce through any armor or damage reduction?	Czy właśnie nie dyskutowaliśmy, że Drake może się przebić przez każdy pancerz i redukcję obrażeń?
LauraDialogue_DrakeSalutis_90	Dialogue	Yes, that would stop almost every Molis family member. <i>Almost</i>. That's why you should consider reaching out to your old buddy, 'Ryker, the Undying'.	Tak, to wystarczy by powstrzymać prawie każdego członka rodziny Molis. <i>Prawie</i>. Dlatego powinieneś skontaktować się ze swoim starym znajomym, 'Nieśmiertelnym Rykerem'.
LauraDialogue_DrakeSalutis_100	Dialogue	"Right, it does sound like Ryker could survive just about anything,"" Alex said as he fell deeply into thought. ""But didn't he partner up with Drake recently? Even if we're friends, I know him well enough to say he won't betray his family's interests just for me."	"Fakt, jeśli ktoś miałby przeżyć śmiertelny atak, to jest to właśnie Ryker,"" Alex powiedział i pogrążył się w myślach. ""Ale czy nie sprzymierzył się ostatnio z Drake? Nawet jeśli jesteśmy przyjaciółmi, to znam go wystarczająco dobrze żeby wiedzieć, że nie zdradzi dla mnie swojej rodziny."
LauraDialogue_DrakeSalutis_110	Dialogue	"Just because you're friends doesn't mean you know everything about him,"" Laura said as she shot a sharp glare towards Alex. ""I think it would be rude to say much more, so I'll tell you this: find out <i>why exactly</i> did the Molis family ally itself with Drake."	"Tylko dlatego, że jesteście przyjaciółmi nie znaczy, że wiesz o nim wszystko,"" powiedziała Laura i spojrzała na Alexa z wyrzutem. ""Byłoby nieuprzejmym z mojej strony mówić cokolwiek więcej, ale powiem tyle: znajdź <i>faktyczny powód</i>, czemu rodzina Molis sprzymierzyła się z Drake."
LauraDialogue_DrakeSalutis_120	Dialogue	I'm not sure why you can't just be upfront with me, but fine. I'll visit Ryker, poke around and see what I can find.	Nie wiem czemu nie możesz powiedzieć mi tego wprost, ale w porządku. Złożę Rykerowi wizytę, popytam tu i tam i zobaczę co uda mi się odkryć.
LauraDialogue_DrakeTonitrui_0	Dialogue	"""Tonitrui, lightning speed."" (coming in full release)"	"""Tonitrui, błyskawiczna prędkość."" (zostanie dodany w pełnej wersji)"
LauraDialogue_DrakeTonitrui_10	Dialogue	Ah, the good old Tonitrui fighting style. Overwhelm you with unbeatable speed and inject electricity into your body, both in melee range and from afar. One of the harder fighting styles to defeat.	O tak, stary dobry styl walki Tonitrui. Przezwycięża cię nieporównywalną prędkością i wypełnia cię elektrycznością, zarówno z bliska jak i z daleka. Jeden z trudniejszych stylów walki do pokonania.
LauraDialogue_DrakeTonitrui_20	Dialogue	Well, you of all people should know how to counter it.	Akurat ty powinnaś wiedzieć najlepiej, jak go skontrować.
LauraDialogue_DrakeTonitrui_30	Dialogue	"""You mean getting betrayed and having my Energy Core eviscerated? It worked against me, but I'm not so sure if it'll be viable strategy against Drake,"" Laura said without hiding her animosity."	"""Zostanie zdradzonym i wypatroszenie mojego Rdzenia Energii? Zadziałało na mnie, ale nie jestem przekonana czy ta strategia będzie równie efektywna przeciwko Drake,"" powiedziała Laura nie kryjąc irytacji w swym głosie."
LauraDialogue_DrakeTonitrui_40	Dialogue	"""Yeah, yeah, my bad. Can we focus on Drake instead of digging up the past?"" Alex said and let out a tired sigh."	"""Tak, tak, moja wina. Możemy się skupić na Drake zamiast wygrzebywać problemy z przeszłości?"" powiedział Alex i głęboko westchnął."
LauraDialogue_DrakeTonitrui_50	Dialogue	"But there <i>is</i> a connection here,"" Laura said as she shrugged her shoulders. ""Glacies frost is the best fit to deal with Tonitrui speed. And just like 8 years ago, Gerrald Glacies should be the best person to come to for help."	"Ale <i>jest</i> powód by je wygrzebywać,"" powiedziała Laura i wzruszyła ramionami."" Mróz Glacies jest najlepszym sposobem, by poradzić sobie z prędkością Tonitrui. Tak jak 8 lat temu, Gerrald Glacies będzie najlepszą osobą by poprosić o pomoc."
LauraDialogue_DrakeTonitrui_60	Dialogue	"The only question is whether he'll be willing to hear me out again,"" Alex said with a wry smile. ""I can't help but think I might just be the worst person to ask him for this favor."	"Pozostaje pytanie, czy będzie skłonny znowu mnie wysłuchać,"" powiedział Alex z grymasem na twarzy. ""Coś mi się wydaje, że jestem najgorszą osobą do proszenia go o tą przysługę."
LauraDialogue_DrakeTonitrui_70	Dialogue	"If you tell him I've sent you, he should be much more agreeable,"" Laura said as she pondered something for a moment. ""If you use his guilt against him, you should be able to make him do just about anything."	"Jeśli mu powiesz, że to ja cię wysłałam, to powinien być o wiele bardziej skory do pomocy,"" powiedziała Laura po krótkim zastanowieniu się nad czymś. ""Jeśli wykorzystasz jego poczucia winy, to uda ci się go zmusić do zrobienia czegokolwiek."
LauraDialogue_DrakeTonitrui_80	Dialogue	"""Duly noted,"" Alex said as he sighed. He did not like the idea of guilt-tripping Gerrald, but he was not in a situation where he could complain."	"""Zrozumiano,"" Alex powiedział i westchnął. Niezbyt podobał mu się pomysł z wykorzystywaniem poczucia winy Gerralda, ale nie był w sytuacji, w której mógł wybrzydzać."
LauraDialogue_DrakeProprius_0	Dialogue	"""Proprius, at his strongest."" (coming in full release)"	"""Proprius, w pełni sił."" (zostanie dodany w pełnej wersji)"
LauraDialogue_DrakeProprius_10	Dialogue	And here we are. Drake Proprius at his full power, wielding both Proprius magic techniques and his unbeatable 'Precognition'. He should only go all-out during the eclipse on week 51. If you can prevent him from gathering enough strength by that time, <i>maybe</i> you'll stand a chance.	No i mamy finał. Drake Proprius w pełni mocy, dzierżący zarówno magiczne techniki Proprius, jak i swoją niepokonaną 'Prekognicję'. Powinien móc dać z siebie wszystko tylko podczas zaćmienia podczas 51 tygodnia. Jeśli nie pozwolisz mu odzyskać całej swej mocy, to <i>może</i> będziesz miał jakieś szanse. 
LauraDialogue_DrakeProprius_20	Dialogue	"""We're here to talk about how to defeat him, not how amazing he is,"" Alex said without hiding his frustration."	"""Mamy tutaj dyskutować o tym, jak go pokonać, nie o tym, jaki jest wspaniały,"" powiedział Alex bez krycia swej frustracji."
LauraDialogue_DrakeProprius_30	Dialogue	Well, there's nothing I can really say about his Proprius techniques. For the other 6, he only has a superficial grasp of the techniques and fighting styles. But as for his own family, he's definitely simply solid all-around, without any obvious weakness to take advantage of.	No cóż, nie mogę nic powiedzieć o jego technikach Proprius. Jeśli chodzi o pozostałe 6, to posiada tylko powierzchowne zrozumienie jak powinno się ich używać. Alex jeśli chodzi o jego rodzime techniki, to opanował je w zupełności, bez żadnych oczywistych słabości.
LauraDialogue_DrakeProprius_40	Dialogue	If that wasn't bad enough, he will have restored enough of his power to use 'Precognition' and completely counter your next couple of moves. Fortunately, that one has a weakness that can be taken advantage of: using <i>your</i> ability.	Gdyby tego było mało, to w tym przypadku będzie miał wystarczająco odzyskanej mocy, aby używać swojej 'Prekognicji' do kompletnego skontrowania kilka twoich następnych ruchów. Na szczęście akurat ta zdolność może być przezwyciężona w prosty sposób: poprzez użycie <i>twojej</i> umiejętności.
LauraDialogue_DrakeProprius_50	Dialogue	But I can't actively control it. If I were to be defeated, it just activates at returns me to the start of the fight. Drake might not be able to overcome my 'Regression', but I can't defeat his 'Precognition' either.	Ale nie mogę jej aktywnie kontrolować. Jeśli miałbym zostać pokonany, to po prostu aktywuje się i przywraca mnie do początku walki. Drake może i nie jest w stanie przebić się przez moją 'Regresję', ale ja też nie mogę pokonać jego 'Prekognicji'. 
LauraDialogue_DrakeProprius_60	Dialogue	That's why you'll need me. If you see me in 5-10 weeks from now on, I should be able to prepare something special. If everything goes according to plan, we should end up developing something that neutralizes Drake's 'Precognition' entirely. Maybe to the point that it actually works against him.	Od tego masz mnie. Jeśli wpadniesz do mnie za jakieś 5-10 tygodni, to przygotuję coś specjalnego. Jeśli wszystko pójdzie zgodnie z planem, to uda mi się stworzyć coś, co zupełnie zneutralizuje 'Prekognicję' Drake. Być może do tego stopnia, że obróci się przeciwko niemu.
LauraDialogue_DrakeProprius_70	Dialogue	Sounds interesting. I'll be looking forward to that then.	Brzmi interesująco. Z niecierpliwością będę czekał, by zobaczyć co to takiego.
LauraDialogue_Shop_0	Dialogue	*Buy previously owned weapon*	*Kup poprzednio posiadaną broń*
LauraDialogue_Shop_10	Dialogue	Could you make equipment that I used to own?	Mogłabyś zrobić ekwipunek, który kiedyś posiadałem?
LauraDialogue_Shop_20	Dialogue	I can recreate the basic frame, but you'll have to upgrade it on your own.	Mogę odtworzyć ogólny zarys, ale ulepszaniem będziesz się musiał zająć sam.
LauraDialogue_Shop_30	Dialogue	OpenShop	OpenShop
LauraDialogue_Study_0	Dialogue	Are you not afraid that Drake or his henchmen will enter your study?	Nie boisz się, że Drake albo jego najemnicy wejdą do twojej czytelni?
LauraDialogue_Study_Requirement	Dialogue	Requires checking Laura's study	Wymaga sprawdzenia czytelni Laury
LauraDialogue_Study_10	Dialogue	"""Are you not afraid that Drake or his henchmen will enter your study?"" Alex asked as he recalled 'the Device' sitting in on full display in the room."	"""Nie boisz się, że Drake albo jego najemnicy wejdą do twojej czytelni?"" Alex zapytał się gdy sobie przypomniał o 'Urządzeniu' stojącym w widocznym miejscu pokoju."
LauraDialogue_Study_20	Dialogue	Well, it's true that his Salutis spies are spread all over the world, but no, I'm not afraid.	No cóż, to prawda, że jego szpiedzy Salutis są aktywni wszędzie na świecie. Mimo to, nie powiem, żebym się bała.
LauraDialogue_Study_30	Dialogue	And why is that?	A to niby czemu?
LauraDialogue_Study_40	Dialogue	Because he's not using them to search for information, but to confirm if everything is going according to his predictions. As long as he never sees a vision of the future where I betray him, he won't even consider the possibility of that happening.	Bo nie używa tych szpiegów do szukania informacji, tylko do potwierdzenia, że jego wizje przyszłości są nadal aktualne. Tak długo jak nie zobaczy wizji, w której go zdradzam, to nawet nie rozważy możliwości, że mogłabym to zrobić.
LauraDialogue_Study_50	Dialogue	The thing about powerful abilities such as 'precognition' is that they make you blind to other possibilities. You start completely relying on them, not even entertaining the idea of using more conventional means of gathering information.	Ciekawą właściwością tak potężnych umiejętności jak 'prekognicja' jest to, że czynią cię ślepym na inne możliwości. Zaczynasz być od nich kompletnie zależny, nie rozważając nawet innych, bardziej konwencjonalnych sposobów pozyskiwania informacji.
LauraDialogue_Study_60	Dialogue	"""That's an interesting point. I never thought about it like that,"" Alex said. In the back of his mind, he had a gnawing suspicion that he himself might not be immune to such complacency."	"""To ciekawa obserwacja. Nigdy tak o tym nie myślałem,"" powiedział Alex. Z tyłu głowy miał przeczucie, że sam nie był odporny na takie krytyczne niedopatrzenia."
Back	Dialogue	*Back*	*Wróć*
End	Dialogue	"""See you later."" *End Dialogue*"	"*""Do zobaczenia."" *Zakończ Dialog*"
Leave	Dialogue	*Leave*	*Odejdź*
LauraDialogue_0_10b	Dialogue	Hey, about what happened 8 years ago...	
LauraDialogue_0_10b/0	Dialogue	"""Yeah? What about it?"" Laura asked. She could not conceal the glint of anticipation that flashed in her eyes."	
LauraDialogue_0_10b/10	Dialogue	We've already talked about it, didn't we? For once, make good use of your Technique and don't force me to listen to you a second time. There's at least one other me awaiting to hold this miserable conversation.	
LauraDialogue_0_10b/20	Dialogue	"We've discussed all we needed to discuss. And I have to say, I'm quite satisfied with the result,"" Laura said with a genuine smile on her face. ""Now we can focus on the task at hand: stopping Drake."	
LauraDialogue_0_10b/30	Dialogue	We've already talked about it, didn't we? And you apparently managed to mess it up <i>three</i> times in a row. That somehow makes it even more pathetic.	
LauraDialogue_0_30a	Dialogue	I still don't think it was my fault. You were acting completely out of line, and how should I have known that Gerrald would end up frying your Energy Core?	
LauraDialogue_0_30a/0	Dialogue	"""Oh, I see? Not sure why you're telling me this, but sure."" Judging from Laura's expression, she was certainly not impressed."	
LauraDialogue_0_30a/10	Dialogue	I'm saying this because 8 years already passed, but you're still pissed off at something you have no business being pissed off about. So can we just put that behind us?	
LauraDialogue_0_30a/20	Dialogue	"""You put that behind you as soon as it happened, judging from how quickly you ran off and cut all contact,"" Laura said as she sent Alex a glare filled with pure hostility the likes of which he never witnessed before."	
LauraDialogue_0_30a/30	Dialogue	"""You're free to feel however you want. I have no control over that. But that also works the other way around. I have the right to be as pissed of as I want, and it's none of your business."" Judging from Laura's expression, Alex did not just burn a bridge: he obliterated it out of existence."	
LauraDialogue_0_30a/40	Dialogue	"Uh..."" Alex grumbled, caught completely off-guard by Laura's aggressiveness. ""But we're still cooperating against Drake, right?"	
LauraDialogue_0_30a/50	Dialogue	"""Yes, Alex. Yes we are. Although you're giving your best to make me feel like letting Drake win would be the better alternative over working with you."" Laura said. By now she was no longer angry, just disappointed."	
LauraDialogue_0_30a/60	Dialogue	"Seeing Alex's reaction, Laura simply sighed. ""Just get out of my sight. And don't mention this ever again."""	
LauraDialogue_0_30b	Dialogue	Just wanted to say sorry.	
LauraDialogue_0_30b/0	Dialogue	"""Sorry for what? Everything?"" Laura said as she had to stop herself from laughing. However, judging from her eyes, she did not seem in a particularly great mood."	
LauraDialogue_0_30b/10	Dialogue	Well... pretty much, yeah.	
LauraDialogue_0_30b/20	Dialogue	"Alex..."" Laura said and let out an exasperated sigh. ""I'm not your mother, so I'm not going to pat you on the head and say that it's the thought that counts. I appreciate your... good intentions, so let me be upfront about it: to me, it's more important to hear that you know what you did wrong, not a throw-away apology."	
LauraDialogue_0_30b/30	Dialogue	Can't you just tell me what hurt you the most?	
LauraDialogue_0_30b/40	Dialogue	"""I could... but then you'd just turn back time and apologize for that. And I think that'd be unfair towards my other self, who would think you actually put some effort into figuring things out,"" Laura said with a bitter smile on her face."	
LauraDialogue_0_30b/50	Dialogue	"""You're such a pain, you know that?"" Alex said and let out an exhausted sigh."	
LauraDialogue_0_30b/60	Dialogue	"""I know. But what can I do: that's the way I am. And it's not like we need to get along in order to cooperate."" Laura said as she shrugged her shoulders with a smirk on her face."	
LauraDialogue_0_30c	Dialogue	I'm sorry for not trusting you back then. In the end, it's my fault Gerrald ended up doing what he did.	
LauraDialogue_0_30c/0	Dialogue	"Somewhat taken off-guard by Alex's statement, Laura started at him for a couple of seconds, before finally letting out a sigh. ""This is so... frustrating,"" she said as she tousled her hair."	
LauraDialogue_0_30c/10	Dialogue	"""What? Was that not it?"" Alex said with genuine concern in his voice."	
LauraDialogue_0_30c/20	Dialogue	"""No, but it certainly should have been. That's what makes it so annoying,"" Laura said with a bitter smile. ""See: it might not seem like it at a first glance, but I've actually done quite a lot of growing up during the last 8 years."	
LauraDialogue_0_30c/30	Dialogue	And you might find it difficult to believe, but I actually <i>agree</i> with the decision you made back then. I was acting like a spoiled, entitled 'Awakened' brat, the type I now hate the most. I deserved to be put in place, and you had no way of knowing what the consequences would be.	
LauraDialogue_0_30c/40	Dialogue	"So you hate me for a different reason than that?"" Alex asked, completely flabbergasted. ""Because of what I did, you lost all your powers! You were looking forward to being a Enforcer so much, and I've ruined it all! You can't tell me you don't hate me for that!"	
LauraDialogue_0_30c/50	Dialogue	"When you put it that way, it sounds quite unbelievable, doesn't it?"" Laura said as she showed a bitter smile while wearing a defeated expression. ""I know that I'm acting stupid, so I don't blame you for not understanding."	
LauraDialogue_0_30c/60	Dialogue	"""Can I get a clue at least?"" Alex pleaded."	
LauraDialogue_0_30c/70	Dialogue	"Trying to have another go at it? Okay then,"" Laura said as she seemed to have cheered up a bit. ""Recall one important fact: back when you were adopted into the Tonitrui family, you did not swear you would never go against me. Quite the opposite, in fact. The reason I'm annoyed is because you broke a different promise."	
LauraDialogue_0_30c/80	Dialogue	"""Guess I'll need to refresh my memories,"" Alex murmured as he started straining his brain, trying to recall the memories he forced himself to forget for the last 8 years. "	
LauraDialogue_0_30d	Dialogue	I'm sorry for running away back then. I was too ashamed to show my face in front of you, but I should have taken responsibility for my actions. And most importantly, I should have not left you when you were at your most vulnerable.	
LauraDialogue_0_30d/0	Dialogue	"Laura froze in place. She blinked a couple times, not taking her eyes off Alex. Finally, she spoke up: ""How many cycles did it take?"" But then, she quickly stopped herself. ""Actually, never mind. I don't want to know. It might ruin the moment."""	
LauraDialogue_0_30d/10	Dialogue	"""Oh, and sorry that it took me 8 years to figure it out,"" Alex said as he let out a bitter laugh and scratched his head."	
LauraDialogue_0_30d/20	Dialogue	"Well, you were always slow-witted when it comes to this sort of stuff,"" Laura said. Looking at her smile, it felt as if a great burden was removed from her shoulders. ""It might have been petty, but thanks for indulging me. I really needed to hear that."	
LauraDialogue_0_30d/30	Dialogue	"Well, now that my silliness is out of the way, we can focus our full attention on Drake,"" Laura said as she pumped her fist, an uncharacteristically energetic gesture when coming from her. ""And Alex."	
LauraDialogue_0_30d/40	Dialogue	"""Yeah?"" Alex asked, curious she might ask of him in this situation."	
LauraDialogue_0_30d/50	Dialogue	"""Don't you dare get yourself killed. I want you alive and in perfect condition once everything's over,"" Laura said. Judging from her expression, she fully meant every single word."	
LauraDialogue_0_30d/60	Dialogue	"""Guess it'll be back to being a workshop assistant for me,"" Alex murmured with a sigh. For some reason, he could not wipe a smirk off his face."	
IgnisManor_Interactables_0	Dialogue	Alright, guess I should meet the Ignis leader. Now that I'm opposing Drake, we're technically on the same side, so won't hurt to get that point across.	No dobra, powinienem spotkać się z przywódcą Ignis. Skoro już jestem przeciwko Drake, to jesteśmy teoretycznie po tej samej stronie, więc nie zaszkodzi go o tym poinformować.
IgnisManor_Interactables_10	Dialogue	Alright, guess I should meet the Ignis leader. Now that I'm opposing Drake, we're technically on the same side, so won't hurt to get that point across.	No dobra, powinienem spotkać się z przywódcą Ignis. Skoro już jestem przeciwko Drake, to jesteśmy teoretycznie po tej samej stronie, więc nie zaszkodzi go o tym poinformować.
IgnisManor_Guard1_0	Dialogue	Mind letting me through? I have important business with Blaine Ignis.	Mógłbyś mnie przepuścić? Mam ważne sprawy do obgadania z Blaine-m Ignis.
IgnisManor_Guard1_10	Dialogue	"And you are?"" the man asked as he quickly estimated Alex's power. ""I only heard about one appointment today, and that's already taken care of."	"A ty to kto?"" mężczyzna zapytał się, jednocześnie szybko szacując siłę Alexa. ""Słyszałem o tylko jednym spotkaniu zaplanowanym na dzisiaj, i już się ono odbywa."
IgnisManor_Guard1_20	Dialogue	Alex Wester, at your service. As you may suspect, I have some really urgent business inside the Manor.	Alex Wester, do usług. Jak możesz się zapewne domyślić, mam pewne ważne sprawy do załatwienia wewnątrz Dworu.
IgnisManor_Guard1_90	Dialogue	"Well, you certainly look the part in terms on strength,"" the man said, having finished assessing Alex's level. ""I wouldn't be able to stop you from going in even if I tried. Just remember: there are much stronger guys inside, so make sure not to make any trouble."	"No cóż, faktycznie wyglądasz odpowiednio jeśli chodzi o siłę,"" mężczyzna powiedział gdy skończył szacować poziom Alexa. ""Nie byłbym w stanie cię powstrzymać przed wejściem nawet gdybym próbował. Tylko pamiętaj: w środku jest wiele ludzi silniejszych ode mnie, więc nie szukaj kłopotów."
IgnisManor_Guard1_30	Dialogue	"Having finished assessing Alex's level, the man snorted. ""Spies sure are not what they used to be. If you're gonna pretend to be Alex Wester, you should at least look the part."""	"Skończywszy ocenianie poziomu Alexa, mężczyzna prychnął. ""Szpiedzy to już nie to, co kiedyś. Jeśli masz zamiar się podawać za Alexa Westera, to chociaż postaraj się nieco go przypominać."""
IgnisManor_Guard1_40	Dialogue	"""Look, I have my circumstances,"" Alex said with a sigh. He considered explaining his loss of power, but quickly realized it would be futile. Going through official appointment process would take him weeks, so there was only one thing left to do."	"""Mam swoje okoliczności, dobra?"" Alex powiedział i westchnął. Chwilowo rozważał wyjaśnienie swojej utraty siły, ale szybko zdał sobie sprawę, że nic by to nie dało. Próba załatwienia sprawy oficjalną drogą zajęłaby tygodnie, więc była tylko jedna rzecz, którą Alex mógł zrobić w tej sytuacji."
IgnisManor_Guard1_50	Dialogue	How about this: you're obviously quite strong, so you wouldn't be beaten by just a random spy, right? So if I defeat you here and now, then that should prove I'm Alex Wester.	Co ty na to: jesteś faktycznie całkiem silny, więc nie dałbyś się pokonać byle losowemu szpiegowi, prawda? Więc jeśli pokonam cię tu i teraz, to powinno to udowodnić moją tożsamość.
IgnisManor_Guard1_60	Dialogue	"""If you actually beat me, wouldn't that prove you're a threat that shouldn't be allowed inside?"" the man asked, but the way he reached for his weapon proved he was looking forward to Alex's proposal."	"""Jeśli naprawdę uda ci się mnie pokonać, to nie udowodniłoby to, że jesteś zagrożeniem którego nie należy wpuszczać do środka?"" zapytał mężczyzna. Jednakże sposób w jaki sięgał po broń zdradził jego pozytywne nastawienie odnośnie propozycji Alexa."
IgnisManor_Guard1_70	Dialogue	"""Even Drake at his full power wouldn't be stupid enough to assault Ignis Manor while three Family Heads are inside. And I'm certainly nowhere near that level right now,"" Alex said as he prepared to fight. All he needed was the guard's consent."	"""Nawet Drake u szczytu siły nie byłby tak głupi, żeby atakować Dwór Ignis gdy trzy Głowy Rodziny są w środku. A mi z pewnością brakuje obecnie do tego poziomu,"" Alex powiedział i zaczął się przygotowywać do walki. Jedyne czego potrzebował, to zgody strażnika."
IgnisManor_Guard1_80	Dialogue	"""You've got me there. I will be honest: I always wanted to test my skills against the famous Alex Wester. Who would have thought that the opportunity would come to me on its own."" It seemed the guard was now convinced about Alex's identity, but the fight needed to be won nonetheless."	"""No cóż, trudno się z tym kłócić. Będę szczery: zawsze chciałem zmierzyć się ze sławnym Alexem Westerem. Kto by pomyślał, że okazja do zrobienia tego przyjdzie do mnie sama z siebie."" Jak się okazało, strażnik był już przekonany odnośnie tożsamości Alexa, ale nadchodzący pojedynek mimo wszystko musiał zostać wygrany."
IgnisManor_Guard2_0	Dialogue	"Despite your looks, you do pack a punch. Fine then, go inside,"" the man said as he opened the heavy doors leading into the Manor. ""Just remember: stick to the lowest floor, and don't cause trouble. There are more than enough guards to handle you."	"Mimo obecnego stanu to trzeba przyznać, że potrafisz porządnie przyłożyć. Niech będzie, właź do środka,"" powiedział mężczyzna i otworzył ciężkie drzwi prowadzące do środka Dworu. ""Tylko pamiętaj: trzymaj się najniższego piętra i nie sprawiaj kłopotów. Mamy wystarczająco strażników, żeby sobie z tobą poradzić."
IgnisManor_Guard2_10	Dialogue	"""I'll keep that in mind,"" Alex said with a wry smile."	"""Będę miał to na uwadze,"" powiedział Alex i zmusił się do uśmiechu."
IgnisManor_Colten1_0	Dialogue	"""There's an important meeting inside. No interruptions allowed,"" said a man in high-quality plate armor. Alex had a strong feeling that he knew him from somewhere."	"""W środku odbywa się ważne spotkanie. Przerywanie go nie jest dozwolone,"" powiedział mężczyzna w wysokiej jakości zbroi płytowej. Alex miał mocne przeczucie, że skądś go kojarzył."
IgnisManor_Colten1_10	Dialogue	In a flash of sudden insight, Alex realized who the man was. Colten, son of the current Ignis leader. And also a prick who lied on a mission report, attributing all of Alex's successes to himself, while blaming all of the errors on him.	W nagłym przypływie olśnienia, Alex zdał sobie sprawę z kim miał do czynienia. Colten, syn obecnego przywódcy Ignis. Dodatkowo bydlak, który skłamał na raporcie z misji, przypisując sobie wszystkie sukcesy Alexa, oraz obwiniając go za wszystkie swoje błędy.
IgnisManor_Colten1_20	Dialogue	An important discussion is being held inside, and the son of current Ignis leader is left standing outside? Looks like falsifying reports wasn't enough to make you relevant.	W środku odbywa się ważna narada, a syn obecnego przywódcy Ignis stoi na zewnątrz? Wygląda na to, że fałszowanie raportów nie wystarczyło, by zrobić z ciebie kogoś ważnego.
IgnisManor_Colten1_30	Dialogue	"Alex Wester."" Colten only now seemed to have realized Alex's identity. ""Or are you, actually? The Alex Wester I remember was not this weak."	"Alex Wester."" Colten najwidoczniej dopiero teraz zdał sobie sprawę, z kim rozmawia. ""Ale czy na pewno on? Koniec końców, Alex Wester którego pamiętam nie był takim słabeuszem."
IgnisManor_Colten1_40	Dialogue	"""Yeah, yeah. Stuff happened. That's something for me to discuss with the important people <i>behind</i> these doors,"" Alex said as he tried not to lose his patience. "	"""Tak, tak. Przydarzyło mi się to i owo. Przedyskutuję to z ważnymi osobami znajdującymi się <i>za</i> tymi drzwiami,"" Alex powiedział, starając się nie tracić cierpliwości."
IgnisManor_Colten1_50	Dialogue	"Seems like you're still holding a grudge over what happened in Penance last month,"" Colten said with an overblown sigh. ""Look: regular, ignorant people are going to hate you anyway because of Drake's prophecy. So don't get in the way of people who can actually benefit from an improved public opinion."	"Wygląda na to, że nadal nie możesz przeboleć tego, co stało się w ostatnim miesiącu w Pokucie,"" Colten powiedział i nie omieszkał teatralnie westchnąć. ""Prawda jest taka, że przeciętni, ignoranccy ludzie i tak cię będą nienawidzić z powodu przepowiedni Drake. Więc bądź tak miły, i nie wchodź w drogę ludziom, którzy mogą nadal skorzystać z poprawionej opinii publicznej."
IgnisManor_Colten1_60	Dialogue	"""That's a poor excuse for falsifying official documents,"" Alex said, desperately trying to keep his cool."	"""Słaba wymówka dla fałszowania oficjalnych dokumentów,"" Alex powiedział, desperacko starając się trzymać emocje na wodzy."
IgnisManor_Colten1_70	Dialogue	"Didn't know you were such a stickler for rules, mr 'Core Reaper',"" Colten said without hiding his disdain. ""If you're so hung-up over the past, how about we solve it the Enforcer way?"	"Nie wiedziałem, że tak blisko twojemu sercu są oficjalne zasady, panie 'Żniwiarzu Rdzeni',"" powiedział Colten nie kryjąc swej pogardy. ""Skoro tak bolą cię wydarzenia z przeszłości, to może rozwiążmy to tak, jak na Autarchów przystało?"
IgnisManor_Colten1_80	Dialogue	How exactly?	Niby jak?
IgnisManor_Colten1_90	Dialogue	There's a formation of red rocks near the training grounds, used for settling personal grudges. Fight me there, and if you win, I'll officially revise the documents I've... touched up a bit.	Przy polu do ćwiczeń jest formacja czerwonych skał, której używamy do rozwiązywania sporów inter-personalnych. Pokonaj mnie tam, a oficjalnie poprawie dokumenty które nieco... zmieniłem.
IgnisManor_Colten1_100	Dialogue	"Interesting,"" Alex said as he watched Colten closely. It was obviously an opportunistic attempt to abuse Alex's temporary loss of power. However, even in this state Alex should have been strong enough to deal with Colten, so something seemed slightly off. ""And what if you win?"	"Ciekawe,"" powiedział Alex nie spuszczając oczu z Coltena. Nie było wątpliwości, że była to oportunistyczna próba wykorzystania chwili słabości Alexa. Mimo wszystko, nawet w obecnym stanie Alex powinien być wystarczająco silny, by poradzić sobie z Coltenem. Coś było nie tak. ""A co jeśli ty wygrasz?"
IgnisManor_Colten1_110	Dialogue	"<i>Alex Wester</i> considering the possibility of losing? How the time have changed,"" Colten said as he chuckled. ""Don't worry, I simply want to test myself against one of the strongest Enforcers of current generation. Quite normal for a member of the Ignis family, isn't it?"	"<i>Alex Wester</i> rozważający możliwość porażki? Kiedyś to było nie do pomyślenia,"" powiedział Colten i się zaśmiał. ""Bez obaw, po prostu chcę spróbować sił przeciwko jednemu z najsilniejszych Autarchów obecnej generacji. Dosyć normalne dla członka rodziny Ignis, nieprawdaż?"
IgnisManor_Colten1_120	Dialogue	"Normally, Alex would have agreed, but Colten was obviously far from just a regular Ignis family member. If he was to take up Colten on his wager, Alex would need to come well-prepared. ""For now, I have more important things to do. But if I have some time left, I might take you up on your offer."""	"W normalnych okolicznościach, Alex zgodziłby się bez wahania, ale Colten zdecydowanie nie był normalnym członkiem rodziny Ignis. Jeśli miałby wziąć udział w zaproponowanym pojedynku, Alex musiałby przyjść odpowiednio przygotowanym. ""Na obecną chwilę mam ważniejsze rzeczy do załatwienia. Jeśli zostanie mi nieco wolnego czasu, to może rozważę twoją ofertę."""
IgnisManor_Colten1_130	Dialogue	"""Happy to hear that. I'll be eagerly waiting,"" Colten said as he headed outside the manor, leaving the way into the meeting room wide open."	"""Miło mi to słyszeć. Będę czekał z niecierpliwością,"" powiedział Colten i wyruszył na zewnątrz dworu. Droga do pokoju spotkań była otwarta."
IgnisManor_Colten2_0	Dialogue	"So you're here,"" Colten said with a mysterious smile. ""Let's see if your confidence is well-founded."	"A więc przyszedłeś,"" powiedział Colten. Na ustach miał tajemniczy uśmiech. ""Sprawdźmy, czy twoja pewność siebie jest ugruntowana w rzeczywistości."
IgnisManor_Colten2_10	Dialogue	"""Not even considering the idea that I came here to have a peaceful conversation?"" Alex said as he eyed the weapon Colten was now proudly brandishing."	"""Nawet nie rozważasz możliwości, że przyszedłem by po prostu porozmawiać,"" Alex powiedział i rzucił okiem na broń, którą Colten trzymał już w gotowości."
IgnisManor_Colten2_20	Dialogue	"The strong prey on the weak. That's the most important rule of Ignis family. If you truly came here to learn about us, you should follow our example,"" Colten said as he prepared to strike. But before doing that, he paused for a moment and added. ""In other words, if you're so ass-pained about getting your pathetic achievement stolen, try and make me regret it."	"Silni żerują na słabszych od siebie. To najważniejsza zasada rodziny Ignis. Jeśli faktycznie jesteś tu by się czegoś o nas nauczyć, to rób tak jak my,"" Colten powiedział i przygotował się by zacząć walkę. Ale przed tym, zatrzymał się na chwilę i dodał. ""Innymi słowy, skoro tak bardzo cię boli fakt, że ukradłem twoje żałosne osiągnięcia, to spraw bym tego pożałował."
IgnisManor_Colten2_30	Dialogue	"""If my achievement is pathetic, why bother stealing it?"" Alex said as he also took out his weapon, refusing to let Colten's provocation get to him."	"""Skoro są żałosne, to czemu miałbyś je kraść?"" powiedział Alex i także wyciągnął swą broń, ignorując prowokację Coltena."
IgnisManor_Colten2_40	Dialogue	"But just as he was about to take a step forward, flames erupted behind Alex's back. A stone half-circle combined with previously prepared wall of flames. It seemed like an area crafted specially to accommodate Colten's special energy-draining technique. ""So that's why you chose this place instead of the usual one,"" Alex said as he clicked his tongue."	"Ale w momencie gdy już miał zrobić krok naprzód, płomienie wystrzeliły za plecami Alexa. Półkrąg złożony z kamieni w połączeniu z ognistą ścianą. Wyglądało na to, że ta arena była specjalnie przygotowana by wspomóc specjalną technikę Coltena do wykradania energii. ""Więc to dlatego nalegałeś na to miejsce zamiast to normalne,"" Alex powiedział i westchnął."
IgnisManor_Colten2_50	Dialogue	"""Blame yourself for falling into an obvious trap,"" Colten said with a smile. ""I never pick fights I cannot win."" With those words serving as the starting gong, the duel between Alex and Colten finally began."	"""Wiń samego siebie za wejście w tak oczywistą pułapkę,"" Colten powiedział z uśmiechem na twarzy. ""Nidy nie podejmuję walki, której nie mogę wygrać."" Te słowa sygnalizowały początek pojedynku pomiędzy Alexem i Coltenem."
IgnisManor_Colten2_60	Dialogue	Just as he was about to take a step forward, flames erupted behind Alex's back. But now that the stone half-circle was tampered with, Colten's energy-stealing technique was much less effective.	Ale w momencie gdy już miał zrobić krok naprzód, płomienie wystrzeliły za plecami Alexa. Na szczęście teraz gdy pół-okrąg został sabotowany, technika kradzieży energii używana przez Coltena była o wiele mniej skuteczna.
IgnisManor_Colten2_70	Dialogue	"Seeing what happened, Colten clicked his tongue. ""Guess I should have seen that coming,"" he said with a resigned expression. ""Just to make sure, you <i>do</i> remember that this is just a friendly, non-lethal duel, right? If the heir to the Ignis family were to be seriously hurt, the political fallout would be immense."""	"Widząc co się stało, grymas zagościł na twarzy Coltena. ""Może powinienem się był tego spodziewać,"" powiedział z niemrawą miną. ""Tylko się upewniam, ale <i>pamiętasz</i>, że to tylko przyjacielski, niegroźny pojedynek, prawda? Gdyby dziedzic rodziny Ignis doznał kontuzji, to polityczne konsekwencje byłyby dosyć znaczące."""
IgnisManor_Colten2_80	Dialogue	"""The strong prey on the weak,"" Alex said as he brandished his weapon with a smile."	"""Silni żerują na słabszych od siebie,"" Alex powiedział z uśmiechem na twarzy i przygotował broń."
IgnisManor_Colten2_90	Dialogue	...That bastard actually killed me. Wasn't this supposed to be a non-lethal duel?	...Ten drań mnie zabił. To nie miał być przypadkiem bezkrwawy pojedynek?
IgnisManor_Meeting_0	Dialogue	"...So we can't count on the support of the Molis family?"" said Blaine. He was the current leader of the Ignis family, rumored to be in the top 10 strongest Enforcers. He could hardly hide his surprise once he saw who opened the doors leading to the meeting room. ""Alex Wester? What bring you here?"	"...Więc nie możemy liczyć na wsparcie od rodziny Molis?"" powiedział Blaine. Był obecnym przywódcą rodziny Ignis, rzekomo jednym z 10 najsilniejszych Autarchów. Nie udało mu się ukryć zaskoczenia gdy zobaczył kto stoi w drzwiach wejściowych. ""Alex Wester? A co cię tu sprowadza?"
IgnisManor_Meeting_10	Dialogue	"I have some interesting facts to share,"" Alex said as he threw a glance in the direction of the Glacies and Anima family leaders. ""Is it safe to assume everyone gathered here is determined to oppose Drake to the bitter end?"	"Mam kilka ciekawych faktów, którymi pragnę się podzielić,"" powiedział Alex i rzucił okiem na przywódców rodziny Glacies i Anima. ""Mogę wyjść z założenia, że wszyscy tutaj zgromadzeni zamierzają sprzeciwiać się Drake do samego końca?"
IgnisManor_Meeting_20	Dialogue	"Correct you are. As much as I hate all of you Enforcers, Drake is in a league of his own,"" said Gerrald, the head of the Glacies Family. There was a hint of disdain in his voice. ""I can't just keep hiding in Glacies stronghold when the fate of the whole continent hangs in the balance."	"Zgadza się. Żadnych Autarchów nie darzę specjalną sympatią, ale Drake jest w tej kwestii nieprześcigniony,"" powiedział Gerrald, głowa rodziny Glacies. W jego głosie można było wyczuć nutkę pogardy. ""Nie mogę po prostu chować się w fortecy Glacies, kiedy los tego kontynentu jest zagrożony."
IgnisManor_Meeting_30	Dialogue	"Likewise, the circumstances have forced me to finally come out of my seclusion,"" spoke Maginhart, the leader of the Anima family. Gender unknown, face unknown, age unknown, and even the voice sounded like not something coming from a human. Maginhart has always been one of the world's greatest mysteries. ""As long as Drake Proprius remains standing, you can consider myself to be your ally."	"Podobnie i w moim przypadku: okoliczności zmusiły mnie do wyjścia z cienia historii,"" powiedział Maginhart, przywódca rodziny Anima. Płeć nieznana, twarz nieznana, wiek nieznany, i nawet jego głos brzmi jak coś nie pochodzącego od człowieka. Maginhart zawsze był jedną z największych tajemnic tego świata. ""Tak długo jak Drake Proprius pozostaje przy władzy, możesz uważać mnie za sojusznika."
IgnisManor_Meeting_40	Dialogue	"""I see. In that case I need to share some news,"" Alex said and recounted all that happened to him in the last few weeks. He knew he was taking a risk by revealing all of this sensitive information, but he could not hope to overcome Drake by playing it safe."	"""Dobrze wiedzieć. W takim razie muszę się podzielić pewnymi wieściami,"" powiedział Alex i opowiedział o wszystkim co spotkało go w przeciągu ostatnich kilku tygodni. Wiedział, że podejmuje pewne ryzyko wyjawiając tak istotne informacje, ale nie miał szans pokonać Drake kompletnie unikając ryzyka."
IgnisManor_Meeting_50	Dialogue	"Once Alex was finished, Blaine was the first to speak up. ""I see. You originally chose Drake, as expected. My main question is: what proof do we have that you're not just spying on Drake's behalf?"""	"Gdy Alex skończył mówić, nadeszła kolej Blaine-a by przemówić. ""Rozumiem. Poprzednio wybrałeś Drake, co mnie specjalnie nie dziwi. Moje główne pytanie jest następujące: jaki mamy dowód na to, że nie jesteś po prostu szpiegiem na usługach Drake?"""
IgnisManor_Meeting_60	Dialogue	"While I cannot affirm every single word that came out of his mouth, there was certainly some truth to mr Alex's words,"" Maginhart interceded before Alex could defend himself. ""I have the power to detect the shadow-gifted, such as Drake Proprius himself. And mr Alex's words perfectly fit with what I can see regarding his body."	"Choć nie mogę w pełni potwierdzić ani zaprzeczyć każdemu słowu, który wyszło z ust pana Alexa, to jest w nich z pewnością sporo prawdy,"" Maginhart wtrącił się zanim Alex mógł się zacząć bronić. ""Mam moc wykrywania obdarzonych-przez-cień, na przykład samego Drake Proprius. A słowa pana Alexa idealnie zgadzają się z tym, co mogę dostrzec odnośnie jego ciała."
IgnisManor_Meeting_70	Dialogue	"That's my first time hearing about you having that sort of power,"" Blaine said without hiding his surprise. ""But then again, there's hardly anything I <i>do</i> know in that regard, so I'll just need to take a risk and trust you, Maginhart."	"Pierwsze słyszę o posiadaniu przez ciebie tego typu mocy,"" Blaine powiedział nie ukrywając zaskoczenia. ""Ale znowu trzeba przyznać, że mało co <i>wiem</i> jeśli chodzi o ciebie, Maginhart, więc chyba muszę zaryzykować i po prostu ci zaufać."
IgnisManor_Meeting_80	Dialogue	"It's not a matter of trust, but usefulness,"" Gerrald said as he waved his hand with an annoyed expression. ""We're all here to use each other anyway. So let's use Alex for all he's worth, and let him use us in return."	"To nie kwestia zaufania, tylko przydatności,"" Gerrald powiedział i machnąć ręką z irytacją na twarzy. ""Przecież zebraliśmy się wszyscy tutaj, żeby się nawzajem wykorzystywać. Więc użyjmy Alexa najlepiej jak potrafimy, i vice versa."
IgnisManor_Meeting_90	Dialogue	"Perhaps you're right,"" Blaine said as he pondered something for a moment. ""Having Alex Wester on our side certainly enhances our combat power. While it's a shame he lost most of his power, having someone able to counteract Drake's 'Precognition' more than makes up for it."	"Może masz rację,"" Blaine powiedział i przez chwilę się nad czymś zastanowił. ""Mieć Alexa Westera po naszej stronie z pewnością wzmocni nasz potencjał bojowy. Choć szkoda całej utraconej przez niego mocy, to posiadanie kogoś zdolnego do pokonania 'Prekognicji' Drake to wyśmienita wymiana."
IgnisManor_Meeting_100	Dialogue	"I'll need your help in that regard,"" Alex said. It was not yet time to reveal that Laura was actually on their side, but he could still use the information he received from her. ""I need to stop Drake from regaining his power before the Eclipse, but he'll have a lot of bodyguards around him. I need the opportunity to fight him one-on-one."	"W tej kwestii będę potrzebował nieco pomocy,"" powiedział Alex. Nie nadeszła jeszcze pora by ujawnić, że Laura jest tak naprawdę po ich stronie, ale nadal mógł wykorzystać informacje, które od niej otrzymał. ""Muszę powstrzymać Drake przed odzyskaniem zbyt dużej siły przed Zaćmieniem, ale będzie miał ze sobą sporą obstawę. Potrzebuję szansy, na zmierzenie się z nim jeden-na-jednego."
IgnisManor_Meeting_110	Dialogue	"That certainly makes sense,"" Maginhart said as they seemed to be calculating something for few moments. ""It would be prudent to decrease Drake's combat power before the final clash in Penance."	"Niewątpliwie, brzmi to sensownie,"" powiedział Maginhart i przez chwilę wydawał się coś sobie kalkulować. ""Byłoby rozsądnym z naszej strony zmniejszyć potencjał bojowy Drake przed ostatecznym starciem w Pokucie."
IgnisManor_Meeting_120	Dialogue	"Alright, we'll iron out the details later,"" Blaine said as he stretched his body, obviously tired from the unexpectedly prolonged meeting. ""All you need to worry about is taking down Drake. We'll take care of getting you to him."	"No dobra, detale przedyskutujemy później,"" Blaine powiedział i przeciągnął się, niewątpliwie zmęczony tym przedłużonym spotkaniem. ""Jedyne, czym musisz się martwić, to jak pokonać Drake. My zajmiemy się tym, jak cię przed niego dostać."
IgnisManor_Meeting_130	Dialogue	"To have a chance against him, I'll need to learn about different types of energy,"" Alex said as he remembered what Laura told him. ""One of the reasons why I'm here today is to acquire the Ignis energy."	"Żeby mieć na niego szansę, będę potrzebował nauczyć się o wielu różnych typach energii,"" Alex powiedział gdy przypomniał sobie słowa Laury. ""Jeden z głównych powodów mojej wizyty tutaj to pozyskanie energii Ignis."
IgnisManor_Meeting_140	Dialogue	"That doesn't sound like a task for one afternoon,"" Blaine said with a healthy dose of scepticism in his voice. ""Then again, you didn't become a top Enforcer by playing by the same rules as everyone else. From what I recall, your greatest asset was always how quickly picked up new Techniques."	"To nie brzmi jak zadanie na jedno popołudnie,"" Blaine powiedział ze zdrową dozą skeptycyzmu w głosie. ""Ale trzeba przyznać, że nie stałeś się jednym z najlepszych Autarchów poprzez granie według tych samych zasad, co wszyscy inni. Z tego co pamiętam, to twoim największym atutem zawsze było jak szybko jesteś w stanie przyswoić nowe Techniki."
IgnisManor_Meeting_150	Dialogue	"Seemingly having made up his mind on something, Blaine spoke up. ""Fine then. Meet me in my room and we'll discuss the details. I never thought I'd need to willingly share the Ignis power with an outsider, but extreme circumstances call for extreme measures."""	"Najwidoczniej podjąwszy decyzję, Blaine przemówił. ""Niech będzie. Spotkaj się ze mną w moim pokoju a przedyskutujemy szczegóły. Nigdy nie myślałem, że będzie się dzielił siłą Ignis z kimś z zewnątrz, ale wyjątkowe sytuacje wymagają wyjątkowych środków."""
IgnisManor_InviteAssassinToDuel_0	Dialogue	Alex stumbled upon a slightly open patch of land in the forest. He spied a mysterious object under one of the trees. He felt instinctively drawn to it.	Alex zawędrował do nieco odsłoniętego fragmentu lasu. Z daleka dostrzegł dziwny obiekt lezący pod jednym z drzew. Czuł nieodzowną chęć podejścia do niego.
IgnisManor_InviteAssassinToDuel_10	Dialogue	However, the understanding of Ignis energy he acquired thus far allowed him to know one thing: in situations like these, one should watch his back even more than usual.	Jednakże wiedza o energii Ignis którą jak dotąd zdobył nauczyła go jednego: w takich sytuacjach należy pilnować swoich pleców jeszcze bardziej niż zwykle.
IgnisManor_InviteAssassinToDuel_11	Dialogue	However, Alex's deforestation efforts in this area allowed him to see the trap coming from mile away.	Jednakże wycinka lasu, którą Alex przeprowadził w tym obszarze pozwoliła mu z daleka dostrzec zbliżające się zagrożenie.
IgnisManor_InviteAssassinToDuelBackstabbed_0	Dialogue	Investigate the object.	Zbadaj obiekt.
IgnisManor_InviteAssassinToDuelBackstabbed_10	Dialogue	Alex decided to walk up to the strange object and investigate it closely. After all, it might give him further insight into Ignis energy.	Alex postanowił podjeść do dziwnego obiektu i zbadać go z bliska. Koniec końców, być może dałby on wgląd w energię Ignis.
IgnisManor_InviteAssassinToDuelBackstabbed_20	Dialogue	"But just as Alex was about to pick up the object, he felt something piercing his back. ""Quite gullible, aren't you?"" Voice came from behind Alex."	"Ale gdy Alex miał już podnosić obiekt, poczuł przeszywający ból pod żebrem. ""Bardziej naiwny niż myślałem."" Głos dobiegał zza pleców Alexa."
IgnisManor_InviteAssassinToDuelBackstabbed_30	Dialogue	"Before Alex could strike the assailant, the man held up a vial. ""An antidote to the poison you were just injected with."""	"Zanim Alex mógł uderzyć napastnika, mężczyzna uniósł w górę fiolkę. ""Antidotum na truciznę, którą ci właśnie zaaplikowałem."""
IgnisManor_InviteAssassinToDuelBackstabbed_40	Dialogue	"""...What's the deal with you?"" Alex asked as he grit his teeth. He could feel his body growing weaker. He did not expect to be back-stabbed and poisoned in the home of the self-proclaimed noble knights."	"""...Co tobie odbiło?"" Alex zapytał się i zacisnął zęby. Czuł, że jego ciało powoli stawało się słabsze. Nie spodziewał się zostać dźgniętym w plecy i otrutym w domu samozwańczych szlachetnych rycerzy."
IgnisManor_InviteAssassinToDuelBackstabbed_50	Dialogue	"""I'm simply preparing for our upcoming duel,"" the man said. Despite wearing a helmet, Alex could feel that he was grinning wildly. ""Because we <i>are</i> going to fight on the arena, aren't we?"" he added as he once again shook the vial with the antidote."	"""Po prostu szykuję się na nasz nadchodzący pojedynek,"" powiedział mężczyzna. Mimo założonego hełmu dało się wyczuć, że mężczyzna był uśmiechnięty od ucha do ucha. ""Bo <i>będziemy</i> walczyć na arenie, prawda?"" zapytał i raz jeszcze uniósł fiolkę z antidotum."
IgnisManor_InviteAssassinToDuelBackstabbed_60	Dialogue	"""...If it's a fight you were looking for, then you've found it,"" Alex said as he grit his teeth. He was determined to beat up this guy no matter the state his body was currently in."	"""...Skoro chcesz walki, to ją dostaniesz,"" powiedział Alex i raz jeszcze zacisnął zęby. Był zdeterminowany by pokonać faceta stojącego przed nim niezależnie od tego, w jak opłakanym stanie jego ciało by się znalazło."
IgnisManor_InviteAssassinToDuelAvoided_0	Dialogue	Investigate the object, but watch your back.	Zbadaj obiekt, ale pilnuj pleców.
IgnisManor_InviteAssassinToDuelAvoided_10	Dialogue	"The object was an obvious trap. With the assassin's trick seen through, the attack was foiled before it even started. ""Are you sure you're in the right Family? Assassination is the domain of the Salutis."""	"Przedmiot był oczywistą pułapką. Przejrzawszy sztuczkę niedoszłego zabójcy, atak został zablokowany zanim nawet miał szansę zostać wyprowadzony. ""Czy na pewno jesteś w odpowiedniej Rodzinie? Ataki od tyłu są domeną Salutis."""
IgnisManor_InviteAssassinToDuelAvoided_20	Dialogue	"Shut up. An outsider like you wouldn't understand,"" the man said in a disgruntled voice. ""Even without the poison, I'm still more than strong enough for the likes of you."	"Zamknij się. Ktoś z poza Rodziny nigdy nie zrozumie,"" powiedział z trudem mężczyzna. ""Nawet bez trucizny jestem wystarczająco silny, by poradzić sobie z takimi jak ty."
IgnisManor_InviteAssassinToDuelAvoided_30	Dialogue	"""Well, you'll have a chance to prove it. And no, you don't get a say in the matter, even if I have to drag to the arena,"" Alex said with a grin."	"""No cóż, w takim razie dam ci okazję się wykazać. I nie: nie masz prawa odmowy. Zmierzymy się na arenie, choćbym musiał cię tam zaciągnąć na siłę,"" powiedział Alex nie ukrywając szerokiego uśmiechu."
IgnisManor_InviteAssassinToDuelWalkAway_0	Dialogue	Leave for now.	Odejdź na razie.
IgnisManor_InviteAssassinToDuelWalkAway_10	Dialogue	Alex decided to leave this place alone for now. He might come back once he understood Ignis energy a bit better.	Alex postanowił zostawić na razie to miejsce. Być może wróci tu, gdy lepiej zrozumie energię Ignis.
IgnisManor_Interactions_0	Dialogue	Interrupting an important meeting without contacting us in advance? You Enforcers are a lovely bunch, but you in particular are definitely in a league of your own.	Przerywanie ważnego spotkania bez wcześniejszego uprzedzenia nas? Wy Autarchowie jesteście uroczą zgrają, ale ty wyróżniasz się nawet pośród nich.
IgnisManor_Interactions_10	Dialogue	Now that we've secured your assistance, our struggle against Drake Proprius seems much more reasonable. You have my thanks, Alex.	Potwierdziwszy twój udział, nasza walka z Drake Propriusem wydaję się znacznie bardziej sensowna. Moja wdzięczność nie zna granic, Alex.
IgnisManor_Interactions_20	Dialogue	I apologize, but only the lowest floor is open to the general public.	Proszę mi wybaczyć, ale tylko najniższe piętro jest otwarte dla ludzi z zewnątrz.
IgnisManor_Interactions_25	Dialogue	Stay where you belong: the lowest floor.	Zostań tam gdzie twoje miejsce: na najniższym piętrze.
IgnisManor_Interactions_30	Dialogue	Duels are the only reason why I live near this depressing place. Nothing beats a showdown where both sides give their all.	Pojedynki to jedyny powód, czemu żyje blisko tego przygnębiającego miejsca. Nic tak nie pobudza jak dwie strony ścierające się ze sobą.
IgnisManor_Interactions_40	Dialogue	I don't know much about fighting, but I can tell passion when I see it.	Niewiele wiem o sztukach walki, ale potrafię dostrzec, gdy ktoś wykazuje się prawdziwą pasją.
IgnisManor_Interactions_50	Dialogue	Interested in participating in the Ignis Duels? Just find a suitable opponent, and you can face each other in the arena.	Zainteresowany udziałem w Pojedynkach Ignis? Znajdź odpowiedniego oponenta, a będziecie mogli bez przeszkód zmierzyć się na arenie.
IgnisManor_Interactions_60	Dialogue	If you're looking for someone to fight, ask the Knights gathered around the arena.	Jeśli szukasz kogoś do walki, to po prostu popytaj się Rycerzy zebranych wokół areny.
IgnisManor_Interactions_65	Dialogue	Once you get used to being looked own on, working in this place is not that bad. The pay's nice and all.	Kiedy już przyzwyczaisz się do pogardy, z jaką się na ciebie tutaj niektórzy patrzą, to praca tutaj nie jest zła. Przynajmniej dobrze płacą.
IgnisManor_Interactions_66	Dialogue	You won't believe, but the Ignis loons don't actually punish betrayal, spying and other such things. Supposedly makes the 'Ignis energy stronger' or something like that. Sounds like complete idiocy to me.	Pewnie nie uwierzysz, ale świry Ignis nie karzą za zdradę, szpiegostwo i inne takie rzeczy. Ponoć sprawia, że 'energia Ignis staje się silniejsza' albo coś takiego. Jak dla mnie brzmi jak kompletna głupota.
IgnisManor_Interactions_67	Dialogue	I got caught stealing from the kitchen supplies recently. You won't believe it, but somehow I'm still employed and faced no repercussions. Don't ask me how, I don't get it either.	Ostatnio przyłapano mnie na wykradaniu rzeczy z kuchni. Nie uwierzysz, ale jakoś nadal jestem tutaj zatrudniony i nie poniosłem żadnych konsekwencji. Nie pytaj się mnie jak: sam nie mam pojęcia.
IgnisManor_Interactions_70	Dialogue	I used to duel a lot, but I just can't stand how the Ignis flames feel. It's not even the heat: it feels <i>wrong</i>, like your Energy Core is being squeezed.	Kiedyś sporo się pojedynkowałem, ale po prostu nie znoszę uczucia płomieni Ignis. Nawet nie chodzi o sam żar: po prostu czuję się <i>nie tak</i>, jakby ktoś ściskał mój Rdzeń Energii.
IgnisManor_Interactions_75	Dialogue	I'm not in the mood for a fight, but ask the girl standing next to me. For some reason, she is always raring and ready to go whenever a challenger appears.	Nie mam teraz nastroju na walkę, ale zapytaj się dziewczyny stojącej obok mnie. Z jakiegoś powodu zawsze jest chętna i gotowa na każde wyzwanie.
IgnisManor_Interactions_80	Dialogue	Just mindlessly repeating a motion might seem stupid to someone like you, Alex, but us normal people have our own way of getting stronger.	Po prostu powtarzanie tego samego ruchu może ci się wydawać głupie, Alex, ale normalni ludzie tacy jak my mamy własne sposoby samodoskonalenia się.
IgnisManor_Interactions_90	Dialogue	Once your life is on the line, the only thing you can trust is the techniques you've trained all your life. The movements you've conditioned your body to follow through countless repetition.	Gdy twoje życie jest zagrożone, to jedyną rzeczą na której możesz polegać, to techniki które wyćwiczyłeś przez swoje życie. Ruchy, które zmusiłeś swoje ciało do wyuczenia się poprzez niezliczone powtórzenia.
IgnisManor_Interactions_91	Dialogue	I was always awesome at using ranged weapons, but that wouldn't get me far in this place. And so here I am, swinging this thing around.	Zawsze byłem uzdolniony jeśli chodzi o broń zasięgową, ale daleko by mnie to tutaj nie zaprowadziło. No więc jestem tutaj, machając tym żelastwem.
IgnisManor_Interactions_92	Dialogue	989... 990... 991... No, my form was off on that last one, let's start over from the beginning. 1... 2... 3...	989... 990... 991... Nie, moja forma była nieodpowiednia przy tym ostatnim, powinienem zacząć od początku. 1... 2... 3...
IgnisManor_Interactions_93	Dialogue	Wake up. Practice. Duel. Eat. Go to sleep. Repeat. When I was young, I always wondered why Ignis knights seem so eager to go on missions. I think I have my answer now.	Pobudka. Ćwiczenie. Pojedynek. Jedzenie. Pójście spać. I od nowa. Gdy byłem młody to zastanawiałem się, czemu rycerze Ignis tak chętnie udają się na misje. Chyba mam już na to odpowiedź.
IgnisManor_Interactions_100	Dialogue	Ignis armor provides defense not only from physical trauma, but also Ignis flames themselves. I've heard it's supposed to prevent novices from getting hurt by their own techniques.	Zbroja Ignis zapewnia ochronę nie tylko przed typowymi uszkodzeniami, ale też przed samymi płomieniami Ignis. Z tego co słyszałem, to ma to na celu chronienie nowicjuszy przed ich własnymi technikami.
IgnisManor_Interactions_105	Dialogue	All I ever hear are complaints, but I actually kinda enjoy the flora around here. It's nice from time to time, although I wouldn't want to spend my entire life here.	Jedyne co zawsze słyszę w tej kwestii to narzekanie, ale mi tam odpowiada okoliczna flora. Jest przyjemna od czasu do czasu, choć z pewnością nie chciałbym tutaj spędzić całego życia.
IgnisManor_Interactions_110	Dialogue	...It doesn't change the fact I find it difficult to accept. Colten as the future head of the Ignis family? He'll be the downfall of this family, mark my words.	...Nie zmienia to faktu, że trudno mi to zaakceptować. Colten jako przyszła głowa rodziny Ignis? Zaprowadzi ją na sam dół, zapamiętaj moje słowa.
IgnisManor_Interactions_120	Dialogue	...Who else if not him? He's one of the strongest compared to knights around his age. And surely you aren't suggest that Nathalie girl.	...Kto inny jeśli nie on? Jest jednym z najsilniejszych w porównaniu do rycerzy w jego wieku. I chyba nie sugerujesz tej całej Nathalie?
IgnisManor_Interactions_130	Dialogue	We're supposed to be training right about now, but let's face it: swinging your sword like an idiot won't magically make you able to overcome Drake's precognition.	Powinniśmy właśnie trenować, ale powiedzmy sobie szczerze: machanie mieczem jak idiota nie sprawi magicznie, że będziemy w stanie pokonać prekognicję Drake.
IgnisManor_Interactions_131	Dialogue	I've heard that a high-quality set of Ignis armor is hidden somewhere around the Manor grounds. Never was able to find it myself, but maybe the quartermaster has more clues regarding that.	Słyszałem o wysokiej jakości zbroi Ignis schowanej gdzieś w ziemi w okolicach Dworu. Nigdy nie udało mi się jej znaleźć samemu, ale może kwatermistrz ma więcej wskazówek w tej kwestii.
IgnisManor_Interactions_132	Dialogue	When I was patrolling around the training grounds a few weeks ago, I saw someone running away with a shovel. Maybe there is something hidden around there if you look hard enough.	Gdy patrolowałem plac treningowy kilka tygodni temu, to zauważyłem kogoś uciekającego z łopatą. Może jest tam coś zakopanego jeśli poszukasz wystarczająco mocno.
IgnisManor_Interactions_133	Dialogue	I know Blaine is the first head to live this long, but who ever heard of an Ignis Family leader preparing a successor? How things have changed since 50 years ago.	Rozumiem, że Blaine jest pierwszą głową żyjącą tak długo, ale kto kiedykolwiek słyszał o przywódcy Rodziny Ignis przygotowującym sobie następcę? Jak sprawy się zmieniły w porównaniu do 50 lat temu. 
IgnisManor_Interactions_140	Dialogue	Fascinating, aren't they? Those exhibits make me feel like there's more to Ignis history than meets the eye.	Fascynujący, nieprawdaż? Te eksponaty sprawiają, że czuję, że w historii Ignis jest więcej niż widać na pierwszy rzut oka.
IgnisManor_Interactions_141	Dialogue	To be honest with you, I only come here to show myself off to my superiors. The place gives me a bad feeling, like I'm watching a desecrated corpse or something.	Jeśli mam być z tobą szczery, to przychodzę tu tylko po to, żeby pokazać się moim przełożonym. To miejsce napełnia mnie złym przeczuciem, jakbym przyglądał się zbezczeszczonemu trupowi albo coś.
IgnisManor_Interactions_142	Dialogue	Don't you ever wonder how it's possible that we only have 200 years of recorded history? Surely something must have happened before that, right?	Nigdy nie zastanawia cię jak to jest możliwe, że mamy tylko 200 lat zapisanej historii? Z pewnością coś musiało być przed tym, prawda?
IgnisManor_Interactions_150	Dialogue	Alright. With this, this place's energy draining should be much less noticeable.	No dobra. Dzięki temu wysysanie energii w tym miejscu powinno być o wiele mniej zauważalne.
IgnisManor_Interactions_160	Dialogue	And that's another one. Defeating Colten will be much easier now.	No i następny. Pokonanie Coltena powinno być teraz o wiele łatwiejsze.
IgnisManor_Interactions_170	Dialogue	That makes three. I wonder if there's any other place I could access.	No to już trzy. Ciekawe czy są jeszcze jakieś miejsca, do których jestem w stanie znaleźć dostęp.
IgnisManor_Interactions_180	Dialogue	Great! This is as far as sabotaging this place will get me. I think it's time to face off against Colten.	Nieźle! To już wszystko, co tutaj mogę osiągnąć sabotażem. Pora na bliższe spotkanie z Coltenem.
IgnisManor_Interactions_190	Dialogue	This was stuck here for quite a long time. Guess nobody is going to come back for it, so might as well take it myself.	To tkwiło tutaj przez całkiem długi czas. Raczej nikt tutaj już po to nie wróci, więc równie dobrze mogę to sobie wziąć.
IgnisManor_Interactions_200	Dialogue	High quality Ignis gear just buried in the ground. Finders keepers I guess.	Wysokiej jakości zbroja Ignis zakopana w ziemi. Znalezione, nie kradzione.
IgnisManor_Interactions_210	Dialogue	He's out cold. Doesn't seem like his life is in any danger.	Jest obecnie niekontaktowy, ale nie wygląda, jakby jego życiu cokolwiek zagrażało.
IgnisManor_Interactions_220	Dialogue	Interesting. An Ignis knight is buried here, seems to have been recently killed by Ignis flames. It does make me wonder why he's hidden in a place like this.	Ciekawe. Zakopany tutaj jest rycerz Ignis, wygląda na zabitego całkiem niedawno przez płomienie Ignis. Zastanawia mnie, czemu jest schowany w takim miejscu.
IgnisManor_Interactions_230	Dialogue	Hiding money in a public place like this? I guess the Ignis people don't frequent their library too often.	Chowanie pieniędzy w publicznym miejscu takim jak to? Wygląda na to, że członkowie Ignis rzadko uczęszczają do swojej biblioteki.
IgnisManor_SwordGraves_0	Dialogue	A line of grave-like monuments stand silently in the forest clearing that leads into the Ignis manor. Alex can feel a silent pressure emanating from the steel blades, perhaps an echo of the determination that their wielders once possessed.	Szereg grobo-podobnych monumentów w milczeniu stoi na polanie leśnej prowadzącej na dwór Ignis. Alex czuję cichą presję emanującą ze stalowych ostrzy, być może echo determinacji, z którą je niegdyś dzierżyli ich właściciele.
IgnisManor_SwordGraves_10	Dialogue	Although not typically interested in such things, even Alex knows the identity of those monuments: the sword monuments. For some reason, the ground in the Ignis territory supposedly rejects and burns any Ignis energy that is buried in it, dead bodies included.	Choć zwykle niezbyt zainteresowany takimi rzeczami, to nawet Alex zna tożsamość tych monumentów: miecze-monumenty. Z jakiegoś powodu ziemia w terytorium Ignis ponoć odrzuca i spala cokolwiek zakopanego w niej, co posiada energię Ignis. Martwe ciała są w to wliczone.
IgnisManor_SwordGraves_20	Dialogue	As such, Ignis knights have to work hard in order to obtain a grave monument in the Ignis territory. One has to forge a powerful sword, coat it in their energy and plunge it into the hostile ground.	Z tego powodu rycerze Ignis muszą sobie zapracować na uzyskanie grobowego monumentu w terytorium Ignis. Należy wpierw wykuć sobie potężny miecz, otoczyć go swoją energią i wetknąć w nieprzychylnie nastawioną ziemię.
IgnisManor_SwordGraves_30	Dialogue	The sword in the middle represents the Ignis Family founder, who created the first monument. In 200 years that passed since his time, only six family heads out of fourteen were strong enough to follow in his footsteps and leave their mark here. Incidentally, Blaine is one of them, and the sword on the far right belongs to him.	Miecz po środku reprezentuje założyciela Rodziny Ignis, który stworzył pierwszy monument. W przeciągu 200 lat, które minęły od jego czasów, tylko sześcioro głów rodziny z czternastu było wystarczająco silnych by podążyć jego śladami i zostawić tutaj swój ślad. Tak się składa, że Blaine jest jednym z nich, a miecz najdalej po prawej należy do niego.
IgnisManor_Duel_0	Dialogue	This person seems like they might be up for fighting it out in the arena.	Ta osoba wygląda, jakby miała mieć ochotę na walkę na arenie.
IgnisManor_Duel_1	Dialogue	*Challenge to a non-lethal duel*	*Wyzwij na pojedynek do utraty przytomności*
IgnisManor_Duel_10	Dialogue	A fight, is it? Count me in. I haven't had a good duel in a while.	Walka? Z wielką chęcią. Od dawna nie stoczyłem dobrego pojedynku.
IgnisManor_Duel_20	Dialogue	A duel? Okay, I suppose I need to test myself once in a while.	Pojedynek? Niech będzie. Raz na jakiś czas muszę sprawdzić swoje umiejętności.
IgnisManor_Duel_30	Dialogue	Alright, I was just about done eating. Time to burn some calories.	Niech będzie, skończyłem już jeść. Teraz pora spalić nieco kalorii.
IgnisManor_Duel_40	Dialogue	A duel? As long as you're fine with me bringing along my knight in shining armor.	Pojedynek? Tak długo jak nie przeszkadza ci, że wezmę ze sobą mojego rycerza w lśniącej zbroi.
IgnisManor_Duel_50	Dialogue	There's an order to everything. First defeat at least 3 of our knights, then come back to me. They should be somewhere around the arena, and one of them is hiding in the forest, only willing to duel something who can find him.	We wszystkim należy zachować odpowiedni porządek. Najpierw pokonaj przynajmniej 3 z moich rycerzy, a następnie wróć do mnie. Powinni być w okolicy areny, a jeden z nich chowa się w lesie, skłonny do walki tylko z kimś, kto go jest w stanie znaleźć.
IgnisManor_Duel_60	Dialogue	Fair enough, you have indeed proven yourself sufficiently capable. Let us relocate to the arena.	Niech będzie, pokazałeś na co cię stać. Przenieśmy się więc na arenę.
IgnisManor_DuelQuips_Swordmaster_0	Dialogue	The renowned Alex Wester, although visibly weakened, now facing off against our local master of the heavy blade! Let the duel commence!	Znany wszystkim Alex Wester, choć ewidentnie osłabiony, będzie się mierzył z naszym okolicznym mistrzem ciężkiego ostrza! Niech rozpocznie się walka!
IgnisManor_DuelQuips_Swordmaster_10	Dialogue	As it turns out, three weapons are better than one! Local Ignis knights, please take notes!	Wygląda na to, że trzy bronie są lepsze niż jedna! Rycerze Ignis, zanotujcie to sobie!
IgnisManor_DuelQuips_Swordmaster_20	Dialogue	Our local hero showing us exactly why heavy weapons are the Ignis tradition! What a spectacular victory!	Nasz okoliczny bohater pokazuje nam dokładnie dlaczego ciężkie bronie są tradycją Ignis! Cóż za wspaniałe zwycięstwo!
IgnisManor_DuelQuips_Lancer_0	Dialogue	Alex Wester is now facing off against Adrianna Hawkstrider! For anyone not in the know, I mean the guy with lots of weapons and the girl with two spears.	Alex Wester mierzy się teraz z Adrianną Hawkstrider! Dla nieobeznanych: chodzi mi o gościa z wieloma broniami i dziewczynę z dwoma włóczniami.
IgnisManor_DuelQuips_Lancer_1	Dialogue	How many times did I tell you not to introduce me by that stupid name!?	Ile razy powtarzałam, żebyś nie przedstawiał mnie za pomocą tego idiotycznego imienia!?
IgnisManor_DuelQuips_Lancer_10	Dialogue	Alex Wester emerges victorious! Unsurprising given his fierce reputation, although he did seem a bit off his game today.	Alex Wester odnosi zwycięstwo! Nie dziwi mnie to zważając na jego reputację, choć dzisiaj wydawał się być nieco mniej dominujący.
IgnisManor_DuelQuips_Lancer_20	Dialogue	What an upset! Our dearest Adrianna Hawkstrider manages to emerge victorious against all odds! All those years of training and duels seem to finally be paying off!	Cóż za niespodzianka! Nasza najdroższa Adrianna Hawkstrider mimo wszystko odniosła zwycięstwo! Te długie lata treningu i pojedynków w końcu zaczynają się zwracać!
IgnisManor_DuelQuips_Cannonier_0	Dialogue	Master of all sorts techniques, all sorts of weaponry faces off against master of the giant cannon! Let's see if the duel ends as soon as Alex closes the distance!	Mistrz przeróżnych technik i przeróżnych broni zmierzy się z mistrzem armaty! Zobaczmy, czy pojedynek zakończy się w momencie, gdy Alex dostanie się do przeciwnika!
IgnisManor_DuelQuips_Cannonier_1	Dialogue	...Let's see him try.	...Może sobie próbować.
IgnisManor_DuelQuips_Cannonier_10	Dialogue	Aaaand it's over! Maybe fighting against a ranged combatant in a small, closed-off arena wasn't too fair after all!	Iiiii po wszystkim! Być może walka przeciwko specjaliście zasięgowym w małej, zamkniętej arenie nie była zbyt sprawiedliwa!
IgnisManor_DuelQuips_Cannonier_20	Dialogue	Aaaand it's over! Maybe fighting against a ranged combatant in an arena with no cover whatsoever wasn't too fair after all!	Iiiii po wszystkim! Być może walka przeciwko specjaliście zasięgowym w arenie bez żadnej osłony nie była zbyt sprawiedliwa!
IgnisManor_DuelQuips_Pyromancer_0	Dialogue	You don't see this one often! One against two, it seems like mr Alex Wester is here to prove that strength in numbers is no strength at all!	Nieczęsto jest nam dane to zobaczyć! Jeden przeciwko dwóm, wygląda na to,że pan Alex Wester jest tutaj by udowodnić, że przewaga liczebna to żadna przewaga!
IgnisManor_DuelQuips_Pyromancer_10	Dialogue	Alex Wester wins, what a surprise! Well not really. Maybe if our local pyromancer had more defenses aside from her white-armored knight.	Alex Wester wygrywa, cóż za zaskoczenie! No, może niezupełnie. Może gdyby nasza okoliczna piromantka miała więcej ochrony poza swym rycerzem w białej zbroi.
IgnisManor_DuelQuips_Pyromancer_11	Dialogue	...Shut up. Not everyone can withstand walking around in those sweltering tin cans.	...Zamknij się. Nie każdy jest w stanie wytrzymać chodzenie w tych ołowianych puszkach.
IgnisManor_DuelQuips_Pyromancer_20	Dialogue	And so the pair of lovebirds claim their victory! How honorable of a duel that was is up to debate, but a win is a win!	A więc papużki nierozłączki odnoszą zwycięstwo! Honorowość tego pojedynku można poddać w wątpliwość, ale wygrana to wygrana!
IgnisManor_DuelQuips_Assassin_0	Dialogue	Colten's underling finally makes his appeareance in the arena! Let's see if he managed to backstab his opponent ahead of time today!	Sługus Coltena w końcu pojawia się na arenie! Zobaczmy, czy dzisiaj udało mu się wbić nóż plecy przeciwnika przed startem pojedynku!
IgnisManor_DuelQuips_Assassin_1	Dialogue	Ignorant plebian. I'm simply following the methods described in the official Ignis knight manual.	Ignorancki plebejusz. Po prostu trzymam się metod opisanych w oficjalnym poradniku rycerzy Ignis.
IgnisManor_DuelQuips_Assassin_10	Dialogue	And we have our winner! As it turns out, backstabbing someone in a small, closed-off arena wasn't that easy after all! Not for the lack of trying, though!	No i mamy naszego zwycięzcę! Wygląda na to, że wbijanie noża w plecy w małej, zamkniętej arenie nie było takie łatwe! Choć można docenić starania!
IgnisManor_DuelQuips_Assassin_11	Dialogue	Foul-mouthed... ignoramus... Just wait until lord Colten takes control. I'll have this place cleaned off scum like you.	Wulgarny... idiota... Tylko poczekaj, aż lord Colten przejmie kontrolę. Wyczyszczę to miejsce z tobie podobnych szumowin.
IgnisManor_DuelQuips_Assassin_20	Dialogue	And so the famous Alex Wester falls! Guess not even strongest Enforcers can overcome a well-timed stab in the back! Other Ignis knights, please take notes!	Sławny Alex Wester został pokonany! Wygląda na to, że nawet najpotężniejszy Autarcha nie może przezwyciężyć noża w plecach! Rycerze Ignis, zanotujcie to sobie!
IgnisManor_DuelQuips_Assassin_21	Dialogue	The result was obvious from the start. The official Ignis knight manual never led me astray.	Wynik był oczywisty od samego początku. Oficjalny poradnik rycerza Ignis nigdy mnie jeszcze nie zawiódł.
IgnisManor_DuelQuips_Captain_0	Dialogue	And for what no doubt is going to be the crowing moment of the day, a duel between the world-renowned Alex Wester and captain of the Ignis knights! May the best Enforcer win!	A teraz moment, który niewątpliwie będzie ukoronowaniem dnia: pojedynek między dobrze znanym Alexem Wester i kapitanem rycerzy Ignis! Niech lepszy Autarcha wygra!
IgnisManor_DuelQuips_Captain_10	Dialogue	Aaaaand the victory goes to Alex Wester! Truly remarkable performance! Boy am I glad to have hear that we're on the same side now!	Iiiii zwycięstwo zdobywa Alex Wester! Cóż za wspaniały występ z jego strony! Mogę odetchnąć z ulgą po usłyszeniu, że teraz jesteśmy po tej samej stronie! 
IgnisManor_DuelQuips_Captain_20	Dialogue	As it turns out, despite the earlier losses, the Ignis knights are not done just yet! A big applause for our one and only captain!	Wygląda na to, że mimo wcześniejszych porażek, rycerze Ignis jeszcze nie wypowiedzieli ostatniego słowa! Duży aplauz dla naszego jedynego kapitana!
IgnisManor_Blaine1_0	Dialogue	"I do wonder what that business of yours might be,"" Blaine said as he eyed Alex with apparent curiosity. ""Is it about what Colten did during that co-op mission last month?"	"Zastanawia mnie, z jaką sprawą do mnie przychodzisz,"" Blaine powiedział i rzucił na Alexa okiem nie ukrywają ciekawości. ""Czy chodzi o to, co Colten zrobił podczas waszej wspólnej misji miesiąc temu?"
IgnisManor_Blaine1_10	Dialogue	"I wasn't going to bring that up, but since you were nice enough to do that on your own, let's go over it,"" Alex said. He flashed a wry smile and spoke his mind. ""Falsifying official mission documentation for his own personal gain? What's wrong with your son?"	"Nie miałem zamiaru poruszać tego tematu, ale skoro tak uprzejmie go podjąłeś, to może się nim zajmijmy,"" powiedział Alex. Pokazał wymuszony uśmiech i powiedział, co miał na myśli, ""Fałszowanie oficjalnej dokumentacji misji dla własnego zysku? Co jest nie tak z twoim synem?"
IgnisManor_Blaine1_20	Dialogue	"It might not be the moral thing to do, but I think it certainly makes sense,"" Blaine said, unfazed by Alex's anger. ""In fact, I was the one who raised him to act like that."	"Może nie jest to specjalnie szlachetny czyn, ale wydaje mi się, że ma on sens,"" powiedział Blaine, nie zrażając się złością Alexa. ""Prawdę mówiąc, to ja go tak wychowałem."
IgnisManor_Blaine1_30	Dialogue	"Well, I certainly did not see that one coming,"" Alex said, unable to maintain a straight face. ""I thought you officially endorse a knightly code of conduct? Chivalry, noblesse oblige and all that stuff?"	"No cóż, tego się nie spodziewałem,"" powiedział Alex, nie będąc w stanie zachować kamiennej twarzy. ""Myślałem, że oficjalnie popieracie honorowe zachowania? Rycerskość, noblesse oblige i tak dalej?"
IgnisManor_Blaine1_40	Dialogue	"There is a difference between what is Ignis official stance, and what we actually do,"" Blaine said in a completely unapologetic tone. ""Since its inception, the objective of the Ignis family was to maintain order and rule over the masses. That's the reason why I told Colten to do what he did."	"Jest różnica między tym, co Ignis popiera oficjalnie, a co robi faktycznie,"" Blaine powiedział bez jakiegokolwiek wstydu. ""Od swego początku, celem rodziny Ignis było zachowanie porządku i zarządzanie masami. To jest powód, czemu Colten akurat tak postąpił."
IgnisManor_Blaine1_50	Dialogue	'You need to steal achievements so you can look competent in the eyes of others', is what you're saying?	'Należy kraść osiągnięcia, żeby móc wydawać się kompetentnym w oczach innych'. To próbujesz mi powiedzieć?
IgnisManor_Blaine1_60	Dialogue	"Pretty much,"" said Blaine and shrugged his shoulders. ""What the people want is a powerful, infallible hero. Someone they can idolize and follow. Every member of the Ignis family strives to become such an existence, without being picky about their methods. That has been the Ignis way since the family's very founding."	"W sumie to tak,"" powiedział Blaine i wzruszył ramionami. ""Ludzie chcą silnego, niezawodnego bohatera. Kogoś, za kim mogą podążać i idealizować. Każdy członek rodziny Ignis stara się kimś takim zostać, bez zważania na sposoby. W ten sposób rodzina Ignis operowała od samego powstania."
IgnisManor_Blaine1_70	Dialogue	"""Sounds like the family has been founded on some pretty messed up values then,"" Alex said without hiding his disgust."	"""Więc wygląda na to, że ta rodzina została postawiona na dosyć przegniłych fundamentach,"" powiedział Alex bez ukrywania swego obrzydzenia."
IgnisManor_Blaine1_80	Dialogue	"I won't deny that,"" Blaine said with a wry smile on his face. ""But do tell me this, Alex: do you actually care about what others think about you? Do you care about the opinion of the masses?"	"Nie zamierzam się z tym kłócić,"" powiedział Blaine z grymasem na twarzy. ""Ale powiedz mi, Alex: czy ciebie właściwie obchodzi, co inni o tobie myślą? Czy interesuje cię opinia publiczna?"
IgnisManor_BlaineWhoCaresAboutPublic_0	Dialogue	I certainly don't care about it.	Niespecjalnie mnie obchodzi.
IgnisManor_BlaineWhoCaresAboutPublic_10	Dialogue	"""I certainly don't,"" said Alex as he shrugged his shoulders."	"""Niespecjalnie,"" powiedział Alex i wzruszył ramionami."
IgnisManor_BlaineWhoCaresAboutPublic_20	Dialogue	"I thought as much,"" Blaine said with a smile. ""That's the case for most Enforcers, but they tend to be completely self-centered. And why wouldn't they be? With the power they wield, their word is law. They do not, and should not, care about what some random, powerless people have to say about their actions."	"Tak myślałem,"" Blaine powiedział z uśmiechem na twarzy. ""Autarchowie na ogół właśnie tacy są, skupieni tylko na sobie. No bo czemu miałoby być inaczej? Dzierżąc taką moc, ich słowo jest prawem. Nie obchodzi ich i obchodzić nie powinno, co jakiś losowy, bezsilny człowiek pomyśli sobie o ich poczynaniach."
IgnisManor_BlaineWhoCaresAboutPublic_30	Dialogue	"That's not the way I would put it,"" Alex said as he felt somewhat offended. ""It's just nobody knows the full story, so as long as I do the things I know to be right, I don't particularly worry about what someone might say about me."".	""W ten sposób bym tego nie ujął,"" powiedział Alex, czując się nieco obrażonym. ""Po prostu nikt nie zna wszystkich faktów, więc tak długo jak robię rzeczy, które wiem że są dobre, to nie obchodzi mnie co ktoś inny może o mnie powiedzieć."	
IgnisManor_BlaineWhoCaresAboutPublic_40	Dialogue	"I didn't expect you to be so good at hiding ugly truths behind pretty words,"" Blaine said and shrugged his shoulders. ""What it boils down to is that you don't need public opinion to keep doing what you're doing, but Colten certainly does. Appearances are everything in the Ignis family."".	""Nie spodziewałem się, że jesteś tak dobry w ubieraniu brzydkich prawd w ładne słowa,"" powiedział Blaine i wzruszył ramionami. ""Koniec końców, ty nie potrzebujesz dobrej opinii publicznej by robić to co robisz. Colten za to wręcz przeciwnie. Pozory są wszystkim dla rodziny Ignis."	
IgnisManor_BlaineWhoCaresAboutPublic_50	Dialogue	"""Doesn't change the fact it was an asshole thing to do,"" Alex said as he refused to just accept such infuriating rationale."	"""Nie zmienia to faktu, że postąpił jak skończony dupek,"" powiedział Alex, nie akceptując tak frustrującego toku myślenia."
IgnisManor_BlaineWhoCaresAboutPublic_60	Dialogue	"Fair enough. But that does make things easier,"" Blaine said with a smile. ""This moves us from discussing morals, to discussing reparations. And the latter is infinitely easier."	"Trudno się z tym nie zgodzić,"" powiedział Blaine z uśmiechem na twarzy. ""Ale to przenosi nas z dyskusji o moralności do dyskusji o zadośćuczynieniu. A to drugie jest o wiele prostsze."
IgnisManor_BlaineCareAboutPublic_0	Dialogue	I do, in fact, care about public opinion.	W sumie to tak: zależy mi na opinii publicznej.
IgnisManor_BlaineCareAboutPublic_10	Dialogue	"""I do, in fact,"" Alex said. He refused to accept Blaine's twisted logic."	"""W sumie to tak,"" powiedział Alex. Nie miał zamiaru akceptować pokrętnej logiki Blaine-a."
IgnisManor_BlaineCareAboutPublic_20	Dialogue	"Well, in that case I judged you wrong,"" Blaine said with a completely nonplussed attitude. ""You see, most Enforcers tend to be completely self-centered. And why wouldn't they be? With the power they wield, their word is law. They do not, and should not, care about what some random, powerless people have to say about their actions."".	""No cóż, w takim razie źle cię oceniłem,"" powiedział Blaine i westchnął bez specjalnych emocji. ""Bo widzisz, większość Autarchów jest kompletnymi egocentrykami. No bo czemu mieliby nie być? Dzierżąc taką moc, ich słowa są prawem. Nie obchodzi ich i obchodzić nie powinno, co jakiś losowy, bezsilny człowiek pomyśli sobie o ich poczynaniach."	
IgnisManor_BlaineCareAboutPublic_30	Dialogue	That kind of attitude is what led Drake to try becoming an absolute ruler. If you ask me, it's irresponsible to just do whatever you want just because you were born stronger than others.	Takie nastawienie zaprowadziło Drake do próby zostania władcą absolutnym. Jeśli spytać mnie, to jest to kompletnie nieodpowiedzialne by robić co ci się żywnie podoba tylko dlatego, że urodziłeś się silniejszym od innych.
IgnisManor_BlaineCareAboutPublic_40	Dialogue	"Color me surprised,"" Blaine said with a smile. ""Given Drake's prophecy, you were the <i>last</i> person I expected to hear those words from. Or are you perhaps trying to overcompensate for what you could have been?"" Seeing Alex's quickly deteriorating expression, Blaine quickly waved his hand. ""Anyway, let's talk about how to pay you back for the injustice you have suffered."	"Proszę, proszę,"" powiedział Blaine z uśmiechem na twarzy. ""Biorąc pod uwagę przepowiednię Drake, ty jesteś <i>ostatnią</i> osobą od której spodziewałem się to usłyszeć. Czyżbyś przesadnie rekompensował to, kim mogłeś zostać?"" Widząc szybko pogarszający się wyraz twarzy Alexa, Blaine szybko machnął ręką. ""Tak czy inaczej, porozmawiajmy o tym jak zadośćuczynić tobie za poniesione szkody."
IgnisManor_Blaine1_90	Dialogue	"After thinking for a few seconds, Blaine added. ""Feel free to take anything valuable you find on the first floor and outside. Judging from your actions thus far, I trust you won't do anything unreasonable."""	"Po krótkim namyśle, Blaine zdecydował. ""Nie krępuj się i bierz wszystkie wartościowe rzeczy, które znajdziesz na pierwszym piętrze i na zewnątrz. Sądząc po twoich dotychczasowych poczynaniach, to nie powinieneś zrobić nic głupiego."""
IgnisManor_Blaine1_100	Dialogue	"Alex was positively surprised. He had already resigned himself not to get any compensation for Colten's actions, so even this small gesture was more than he expected. ""On a different note, I did mention that I need to stop Drake from regaining his power, right? And according to my research, Ignis energy gives me the best chance of overcoming Drake's Anima fighting style."""	"Alex był pozytywnie zaskoczony. Mentalnie był już przygotowany, by nie otrzymać żadnej rekompensaty za czyn Coltena, więc nawet ten mały gest to było więcej, niż się spodziewał. ""Tak przy okazji, to wspominałem, że muszę powstrzymać Drake przed odzyskaniem siły, prawda? I według moich badań, to energia Ignis daje mi najlepsze szanse na pokonanie jego stylu walki Anima."""
IgnisManor_Blaine1_110	Dialogue	"""I did hear you're quite talented when it comes to replicating different energies. I certainly did not expect that a day would come when you would lay your eyes upon the Ignis fighting style,"" Blaine said as he pondered something for a moment."	"""Słyszałem, że jesteś całkiem utalentowany jeśli chodzi o replikację różnych energii. Zdecydowanie nie spodziewałem się, że nadejdzie dzień, gdy zwrócić wzrok w kierunku stylu walki Ignis,"" powiedział Blaine i chwilę się nad czymś zastanowił."
IgnisManor_Blaine1_120	Dialogue	"After a few seconds, Blaine spoke up. ""'Plundering' lies at the very core of Ignis techniques. Stealing heat, stealing energy, stealing techniques: plundering in any form."""	"Po kilku sekundach, Blaine powiedział,""'Grabież' leży u podstaw technik Ignis. Wykradanie ciepła, wykradanie energii, wykradanie technik: grabież w każdej postaci."""
IgnisManor_Blaine1_130	Dialogue	"I see. Any further explanation would be counterproductive, it seems,"" Alex said with a smile. ""Since I have access to the first floor, I'll research the rest on my own."	"Skoro tak, to dalsze wyjaśnienia byłyby anty-produktywne,"" powiedział Alex i uśmiechnął się. ""Skoro mam dostęp do pierwszego piętra, to dalsze badania przeprowadzę na własną rękę"
IgnisManor_Blaine1_140	Dialogue	"Impressive. You catch on surprisingly quickly,"" Blaine said with a hint of respect in his voice. ""Personally, I recommend dueling: seeing the Ignis techniques up close should give you a significant boost. Once you feel like you're getting the hang of it, meet me near the entrance."	"Jestem pod wrażeniem. Szybko pojmujesz,"" Blaine powiedział nie ukrywając lekkiego podziwu. ""Osobiście polecam pojedynkowanie się: ujrzenie technik Ignis z bliska powinno ci mocno pomóc. Gdy już będziesz czuł, że zaczynasz pojmować, to znajdź mnie niedaleko wejścia."
IgnisManor_Training_0	Dialogue	Not gonna lie, swinging my weapon here makes me feel... reinvigorated. Maybe following the Ignis training routine will help me gain some insight.	Nie będę ukrywał, machanie tutaj moją bronią sprawia że czuję się... pobudzony. Może naśladowanie metod treningowych Ignis pomoże mi lepiej zrozumieć ich techniki.
IgnisManor_Training_10	Dialogue	It feels like I just absorbed some sort of... ancient feelings, long-forgotten techniques. But I don't think training here will bring my any further benefit.	Czuję się, jakbym właśnie wchłonął jakieś... antyczne uczucia, długo zapomniane techniki. Ale nie sądzę, żeby trenowanie tutaj miało mi od teraz przynieść jakiekolwiek korzyści.
IgnisManor_Training_20	Dialogue	[D][Heavy]Heavy Weapon Damage permanently increased by 10%.	[D][Heavy]Obrażenia Ciężką Bronią na stale zwiększone o 10%.
IgnisManor_Nathalie_0	Dialogue	Sad, isn't it? A whole plot of land dedicated to nurturing plants, with not a single healthy plant to be found.	Przykre, nieprawdaż? Wielkie pole przeznaczone pod uprawę roślin, ale nie można tutaj znaleźć ani jednej zdrowej rośliny.
IgnisManor_NathalieIntroduction_0	Dialogue	What's your name?	Jak ci na imię?
IgnisManor_NathalieIntroduction_10	Dialogue	What's your name?	Jak ci na imię?
IgnisManor_NathalieIntroduction_20	Dialogue	I'm Nathalie Ignis, but I doubt that remembering my name would benefit you in any way. And yours?	Nathalie Ignis, choć wątpię, żeby pamiętanie mojego imienia miało przynieść ci jakiekolwiek korzyści. A ty kim jesteś?
IgnisManor_NathalieIntroduction_30	Dialogue	"""Alex Wester. And when remembering people's names, I don't take cost-benefit analysis into consideration,"" Alex said and showed a wry smile at the girl's peculiar words."	"""Alex Wester. I jeśli chodzi o zapamiętywanie imion, to nie kieruje się analizą kosztów i zysków,"" powiedział Alex i wzruszył ramionami słysząc tak nietypowe słowa."
IgnisManor_NathalieIntroduction_40	Dialogue	Not quite how I expected you to be, mr 'Core Reaper'.	Nie tak sobie ciebie wyobrażałam, panie 'Żniwiarzu Rdzeni'.
IgnisManor_NathalieIntroduction_50	Dialogue	"""Spare me that nickname,"" Alex said as he tried to stop himself from cringing. The public would often bestow particularly powerful Enforcers with an alias based on their lineage or used techniques. The input of the person being gifted said title was never considered in the creative process."	"""Zlituj się z tym tytułem,"" powiedział Alex i ledwo powstrzymał się przed wzdrygnięciem. Opinia publiczna często nadawała przydomki wyjątkowo silnym Autarchom. Na ogół te tytuły były powiązane z pochodzeniem lub używanymi technikami. Opinia osoby obdarzanej tytułem nigdy nie grała roli w procesie twórczym."
IgnisManor_NathalieIntroduction_60	Dialogue	"Why? I think it's wonderful,"" Nathalie said as she chuckled softly. ""Others earn nicknames based on their family or strength, but yours was earned through a way of life. A way of life that you have no reason to be ashamed of."	"Czemu? Uważam, że to całkiem wspaniały tytuł,"" Nathalie powiedziała i lekko się zaśmiała. ""Inni zdobywają swoje przydomki przez siłę swoją lub ich rodziny, ale twój został zyskany przez sposób bycia. Przez decyzje, których nie musisz się wstydzić."
IgnisManor_NathalieIntroduction_70	Dialogue	"Well, I guess it's certainly better than 'Grim Reaper', in more ways than one,"" Alex said with a sigh. ""But that does make me wonder: why does it feel like you're ashamed of your own name?"	"No cóż, lepsze to niż 'Ponury Żniwiarz', z wielu powodów,"" Alex powiedział i nie omieszkał westchnąć. ""Ale zastanawia mnie jedno: czemu mam wrażenie, że akurat ty się wstydzisz własnego imienia?"
IgnisManor_NathalieIntroduction_80	Dialogue	"""Because I have my suspicions as to what carrying the 'Ignis' name actually means,"" Nathalie said. Her face was marred by a peculiar sadness."	"""Ponieważ mam własne podejrzenia odnośnie tego, co noszenie imienia 'Ignis' faktycznie oznacza,"" powiedziała Nathalie. Na jej twarzy gościł nietypowy smutek."
IgnisManor_NathalieAskAboutPlants_0	Dialogue	Why are the plants around here so... red and lifeless?	Czemu rośliny w tej okolicy są takie... czerwone i bez życia?
IgnisManor_NathalieAskAboutPlants_10	Dialogue	"""Why are the plants around here so... lifeless?"" Alex asked as he glanced at the flowerbeds. Grey and crimson were the dominating colors as far as eye could see. The only living form thriving around here were the red trees, and Alex could tell at a glance they were not good for the land."	"""Czemu rośliny w tej okolicy są takie... czerwone i bez życia?"" zapytał Alex po rzuceniu okiem na kwietniki. Szary i szkarłatny były dominującymi kolorami w zasięgu wzroku. Jedyną formą życia prosperującą w tej okolicy były czerwone drzewa, a Alex na pierwszy rzut oka widział, że nie były dobre dla gruntu."
IgnisManor_NathalieAskAboutPlants_20	Dialogue	"The answer to that question is both extremely simple and extremely complex."" Nathalie said after pondering for a short while. ""Which version do you wish to hear?"	"Odpowiedź na to pytanie jest zarówno niezwykle prosta jak i niezwykle skomplikowana,"" powiedziała Nathalie i przez chwilę się zastanowiła. ""Którą wersję chciałbyś usłyszeć?"
IgnisManor_NathalieAskAboutPlantsShort_0	Dialogue	Quick and concise please.	Poproszę szybko i zwięźle.
IgnisManor_NathalieAskAboutPlantsShort_10	Dialogue	Quick and concise please. I'm not planning to take up gardening any time soon.	Poproszę szybko i zwięźle. Nie planuję w najbliższym czasie podejmować ogrodnictwa.
IgnisManor_NathalieAskAboutPlantsShort_20	Dialogue	"I can certainly see that,"" Nathalie said with a slightly forced smile. ""Basically, the whole Ignis region is overrun by a torrent of negative energy that originates from the Ignis Volcano. That's how it has always been, and that's how it will remain,"" Nathalie said with a heavy voice. ""The only healthy plant I've been able to cultivate is this tree, but it would wither if I ever missed a day of supplying it with my energy."	"Jest to zrozumiałe,"" Nathalie powiedziała z nieco wymuszonym uśmiechem. ""Ogólnie rzecz biorąc, cały region Ignis jest przepełniony potokiem negatywnej energii wypływającej z Wulkanu Ignis. Było tak od zawsze, i zapewne tak pozostanie w najbliższej przyszłości,"" powiedziała Nathalie i głęboko westchnęła. ""Jedyną zdrową rośliną, którą byłam w stanie tutaj wyhodować jest to drzewo. Ale gdybym choć jeden dzień nie przelała mu swojej energii, to od razu by zwiędło."
IgnisManor_NathalieAskAboutPlantsLong_0	Dialogue	Give me the long version.	Daj mi dłuższą wersję.
IgnisManor_NathalieAskAboutPlantsLong_10	Dialogue	Give me the long version. I'm not in a hurry anywhere.	Daj mi dłuższą wersję. Nigdzie mi się nie spieszy.
IgnisManor_NathalieAskAboutPlantsLong_20	Dialogue	"I'm happy to oblige,"" Nathalie said. She tried not to show it, but it was obvious she was happy to find someone interested in what she had to say. ""I've spent most of my life taking care of and studying plants. Over the years, I've come to a conclusion: the Ignis region used to be much more habitable sometime around 200 years ago."	"Z wielką chęcią,"" powiedziała Nathalie. Próbowała nie dać tego po sobie poznać, ale ewidentnie miło jej było znaleźć kogoś zainteresowanego tym, co ma do powiedzenia. ""Większość życia spędziłam studiując rośliny. Przez lata doszłam do pewnego wniosku: region Ignis był o wiele bardziej sprzyjający życiu około 200 lat temu."
IgnisManor_NathalieAskAboutPlantsLong_30	Dialogue	"200 years? That would place it around the creation of Penance,"" Alex said. That remark piqued his interest. ""How did you figure that out?"	"200 lat? To by oznaczało, że miało było to około wtedy, gdy zbudowana została Pokuta,"" powiedział Alex. Ta informacja wzbudziła jego ciekawość. ""Jak ci się udało do tego dojść?"
IgnisManor_NathalieAskAboutPlantsLong_40	Dialogue	There is perfectly healthy ground hidden underneath a layer of ash and malevolent energy covering the land. I measured the rate at which that energy accumulates and calculated how many years it took for it to grow to that size.	Pod spodem warstwy popiołu i nieprzyjaznej energii pokrywającej grunt znajduje się w pełni zdrowa ziemia. Zmierzyłam prędkość, z jaką ta energia się kumuluje i obliczyłam, ile lat zajęło urośnięcie do tego rozmiaru.
IgnisManor_NathalieAskAboutPlantsLong_50	Dialogue	Any idea where all that energy is originating from?	Jakieś pomysły skąd cała ta energia może pochodzić?
IgnisManor_NathalieAskAboutPlantsLong_60	Dialogue	The Ignis Volcano itself. There is <i>something</i> stuck up there that keeps spewing all that fiery miasma. I have no combat talent whatsoever, so I could never get close to that place myself to confirm what it is.	Z Wulkanu Ignis. Tam jest <i>coś</i> co wypluwa cały ten ogień. Mi brak jakichkolwiek zdolności bojowych, więc nigdy nie miałam okazji by się tam dostać i sprawdzić czym to coś jest.
IgnisManor_NathalieAskAboutPlantsLong_70	Dialogue	Interesting. Maybe I'll check it out myself if I have the chance. Can't promise that I'll be able to fix whatever I find there, but I should at least be able to give you some more information.	Ciekawe. Może sam to sprawdzę, jeśli będę miał okazję. Choć nie mogę obiecać, że będę w stanie naprawić to co tam zastanę bez dodatkowych informacji.
IgnisManor_NathalieAskAboutPlantsLong_80	Dialogue	"""I'd be extremely grateful, Alex."" Nathalie said without hiding her anticipation."	"""Byłabym bardzo wdzięczna, Alex,"" powiedziała Nathalie w oczywisty sposób wyczekując tego dnia."
IgnisManor_NathalieAskAboutFamily_0	Dialogue	So you're Colten's sister?	Więc jesteś siostrą Coltena?
IgnisManor_NathalieAskAboutFamily_10	Dialogue	"""So you're Colten's sister?"" Alex asked as he recalled the unlikable man's face."	"""Więc jesteś siostrą Coltena?"" zapytał Alex po przypomnieniu sobie pewnej niezbyt przychylnej twarzy."
IgnisManor_NathalieAskAboutFamily_20	Dialogue	"Technically. You wouldn't learn that from him, though,"" Nathalie said with a sigh. ""I'm somewhat of a black sheep of the family in his eyes. Once he takes over the leader position, I'm probably going to get expelled."	"Teoretycznie. Choć od niego byś się tego nie dowiedział,"" powiedziała Nathalie i westchnęła. ""W mojej rodzinie jestem swego rodzaju czarną owcą. Gdy przejmie kontrolę nad Ignis, to zapewne mnie stąd wygna."
IgnisManor_NathalieAskAboutFamily_30	Dialogue	"""Where's all that disdain coming from?"" Anyone Colten disliked must have been a good person in Alex's book."	"""Skąd się bierze cała ta pogarda?"" W oczach Alexa, ktokolwiek nielubiany przez Coltena musiał być dobrą osobą."
IgnisManor_NathalieAskAboutFamily_40	Dialogue	"""He believes that all Ignis needs is strength and fame, and over my life I contributed neither of these,"" Nathalie said as she let out a tired sigh."	"""Wierzy, że jedyne czego potrzebuje Ignis to siła i sława, a ja przez moje życie nie dostarczyłam żadnej z tych rzeczy,"" Nathalie powiedziała i ciężko westchnęła."
IgnisManor_NathalieAskAboutFamily_50	Dialogue	"Seems like a pretty short-sighted way of viewing the world,"" Alex said as he contemplated for a moment. ""Does Blaine share his opinion?"	"Wydaje mi się to być dosyć prymitywnym sposobem patrzenia na świat,"" powiedział Alex i przez chwilę się zastanowił. ""Czy Blaine podziela jego opinię?"
IgnisManor_NathalieAskAboutFamily_60	Dialogue	Oficially, he has to put up a strong front for the other Ignis knights. It's just how being the Ignis leader works. But privately, he's quite supportive of me.	Oficjalnie musi pokazać się z mocnej strony przed innymi rycerzami Ignis. Po prostu tak działa bycie przywódcą Ignis. Ale w życiu prywatnym wspiera mnie całkiem często.
IgnisManor_NathalieAskAboutFamily_70	Dialogue	"""Being supportive in secret doesn't sound like being supportive at all,"" said Alex, utterly unconvinced."	"""Wspieranie tylko prywatnie to prawie jak nie wspieranie w ogóle,"" powiedział Alex, zupełnie nieprzekonany."
IgnisManor_NathalieAskAboutFamily_80	Dialogue	"I understand what you mean, but Ignis is quite unlike any other family you know,"" Nathalie said with a sad smile. ""Leading it is an ordeal I certainly don't envy. Unfortunately, that's just how it has been since its very inception."	"Rozumiem, o co ci chodzi, ale Ignis to zupełnie odmienna rodzina od innych,"" Nathalie powiedziała ze smutnym wyrazem twarzy. ""Przewodzenie jej to wysiłek, którego zupełnie nie zazdroszczę. Niestety ta rodzina tak wyglądała od samego momentu powstania."
IgnisManor_NathalieAskAboutIgnis_0	Dialogue	Can you tell me something about Ignis energy?	Możesz mi coś powiedzieć o energii Ignis?
IgnisManor_NathalieAskAboutIgnis_10	Dialogue	I'm currently trying to get better at controlling Ignis energy. Is there anything you could tell me about it?	Staram się obecnie stać lepszym w kontrolowaniu energii Ignis. Czy jest coś, co możesz mi o tym powiedzieć?
IgnisManor_NathalieAskAboutIgnis_20	Dialogue	"""Quite interesting that you ask someone who has no talent in energy control,"" Nathalie said without hiding her surprise."	"""Dosyć interesujące, że pytasz się kogoś kto zupełnie nie ma talentu w kontrolowaniu energii,"" powiedziała Nathalie nie ukrywając zaskoczenia."
IgnisManor_NathalieAskAboutIgnis_30	Dialogue	"There are plenty of knights around here, and every single one seems to be handling the flames through instinct,"" Alex said as he scratched his head in frustration. ""When you want to handle all different kinds of energy, you can't just keep relying on that. Listening to the perspective of someone who's an 'outsider' and an 'insider' to the Ignis family is priceless."	"Pełno tutaj rycerzy, ale każdy z nich kontroluje swoje płomienie kompletnie instynktownie,"" powiedział Alex drapiąc głowę z frustracji. ""Gdy próbujesz kontrolować całą masę różnych energii, to nie możesz na tym polegać. Wysłuchanie perspektywy kogoś, kto jest jednocześnie 'spoza' i 'wewnątrz' rodziny Ignis może być bezcenne."
IgnisManor_NathalieAskAboutIgnis_40	Dialogue	"How intriguing. And not entirely without merit,"" Nathalie said as she seemed slightly impressed. ""If you ask for my honest opinion, then there seems to be a certain dissonance hidden at the root of the Ignis energy. It's most profound in the leaders of the family, but all the knights who copy it end up copying this peculiarity as well."	"Intrygujące. I ma to całkiem sens,"" powiedziała Nathalie nieco pod wrażeniem. ""Jeśli zależy ci na mojej szczerej opinii, to wewnątrz energii Ignis zaklęty jest pewien dysonans. Najbardziej da się to zauważyć w przywódcach Ignis, ale rycerzy którzy ich kopiują także wykazują tą osobliwość."
IgnisManor_NathalieAskAboutIgnis_50	Dialogue	"A dissonance?"" Alex muttered to himself. This word perfectly encompassed the bad feeling he got whenever he analyzed the Ignis flames. ""Like a combination of chivalry and betrayal..."	"Dysonans?"" Alex mamrotał do siebie. To słowo idealnie oddawało złe uczucie które go przepełniało za każdym razem, gdy analizował płomienie Ignis. ""Niczym kombinacja rycerskości i zdrady..."
IgnisManor_NathalieAskAboutIgnis_60	Dialogue	"""That's exactly it!"" Nathalie said obviously overjoyed. ""I thought I was going crazy when nobody in this place knew what I was talking about. It's like you took a proud, unbending knight and mixed him together with a pragmatic asshole-"" Nathalie said, but quickly shut her mouth once she realized the faux pas she committed."	"""Dokładnie tak!"" powiedziała Nathalie ewidentnie rozradowana.""Zawsze wydawało mi się, że zwariowałam gdy nikt w tym miejscu nie wiedział, o czy mówię. Trochę tak, jakby wziąć dumnego, nieugiętego rycerza i zmieszać go z pragmatycznym dupkiem-"" Nathalie powiedziała, lecz szybko zdała sobie sprawę z popełnionego faux pas."
IgnisManor_NathalieAskAboutIgnis_70	Dialogue	"""Don't worry, there's nobody spying on us here. And I'm not the gossiping type,"" Alex said and waved his hand."	"""Bez obaw, nikt nas tutaj nie podsłuchuje. A ja nie jestem skory do plotkowania,"" Alex powiedział i machnął ręką."
IgnisManor_NathalieAskAboutIgnis_80	Dialogue	"...You have my thanks,"" Nathalie said as she quickly composed herself. ""Anyway, I think that's the reason why I never really meshed well with the Ignis energy. And the reason why I never became an Enforcer. Not to mention the messed up 'Inheritance Ceremony'."	"...Jestem wdzięczna,"" powiedziała Nathalie i szybko się opanowała. ""Tak czy inaczej, wydaje mi się, że to dlatego nigdy specjalnie nie opowiadała mi energia Ignis. I dlatego nie zostałam Autarchą. Nie mówiąc już o tej obrzydliwej 'Ceremonii Dziedziczenia'."
IgnisManor_NathalieAskAboutIgnis_90	Dialogue	"Inheritance Ceremony?"" Alex inquired as he tried to recall if he heard anything about it. ""Does the Ignis family have its own special ritual?"	"'Ceremonii Dziedziczenia?"" Alex zapytał się i starał się przypomnieć, czy kiedyś już o tym słyszał. ""Rodzina Ignis ma jakiś swój specjalny rytuał?"
IgnisManor_NathalieAskAboutIgnis_100	Dialogue	"I'll admit, I'm surprised it's not common knowledge even to the outside world,"" Nathalie said with a complicated expression. ""Let me just say this: my father is the 18th head of the Ignis family, but not a single time has that position been acquired in a non-lethal manner."	"Przyznam, że dziwię się że to nadal nie jest wiedza powszechna w zewnętrznym świecie,"" powiedziała Nathalie ze niemrawą miną. ""Powiem tylko tyle: mój ojciec jest 18-tą głową rodziny Ignis, ale ta pozycja ani razu nie została przekazana bez rozlewu krwi."
IgnisManor_NathalieAskAboutIgnis_110	Dialogue	If Colten's going to inherit the position, he'll need to fight for it. But Blaine obviously knows that, so shouldn't he be able to do something about it?	Jeśli Colten chce odziedziczyć pozycję, to będzie musiał o nią walczyć. Ale Blaine oczywiście o tym wie, więc nie powinien czegoś z tym zrobić?
IgnisManor_NathalieAskAboutIgnis_120	Dialogue	"Obviously he could. But having acquired the position in the exact same way, do you think he feels could do that?"" Nathalie said with a bitter expression. ""I don't know about previous family heads, but my father feels duty-bound to be back-stabbed and have his position taken away from him. Until that happens, he will not obstruct Colten in any way."	"Oczywiście, że mógłby. Ale czy myślisz, że po uzyskaniu tej pozycji w dokładnie ten sam sposób czuje się uprawniony do robienia czegokolwiek?"" powiedziała Nathalie z grymasem na twarzy. ""Nie wiem nic o poprzednich przywódcach, ale mój ojciec czuje się zobowiązany do przekazania pozycji poprzez otrzymanie noża w plecy. Dopóki to się nie stanie, to w żaden sposób nie przeszkodzi Coltenowi."
IgnisManor_NathalieAskAboutIgnis_130	Dialogue	"And I thought the obnoxious behavior was the Ignis family's greatest problem,"" Alex said with a sigh. His understanding of the Ignis energy grew by leaps and bounds, but his willingness to use it dropped sharply. ""Still, the back-stabbing is only half of what the Ignis energy is composed of. Then what about the chivalrous part?"	"A ja myślałem, że nieznośny sposób bycia to największy z problemów rodziny Ignis,"" powiedział Alex i westchnął. Jego zrozumienie energii Ignis rosło w zaskakującym tempie, ale jego chęć do korzystania z niej malała równie szybko. ""No ale wbijanie noża w plecy stanowi tylko połowę energii Ignis. A skąd się bierze w takim razie rycerskość?"
IgnisManor_NathalieAskAboutIgnis_140	Dialogue	"I'm afraid I don't know,"" Nathalie said as she seemed lost in thoughts for a moment. ""There are enough clues in the manor to come up with a hypothesis, but I feel the only way to learn the answer is by going to the source."	"Tego niestety nie wiem,"" powiedziała Nathalie i przez chwilę głęboko nad czymś myślała. ""W głównym budynku jest wystarczająco wskazówek, aby wysunąć hipotezę, ale mam przeczucie, że poznać odpowiedź będzie można tylko u źródła tej energii."
IgnisManor_NathalieAskAboutIgnis_150	Dialogue	"""The Ignis Volcano,"" Alex muttered. In the end, there was a limit to how much he could improve by staying here. If he wanted to truly make the Ignis flames his own, a different stage was required."	"""Wulkan Ignis,"" wymamrotał Alex. Koniec końców był limit tego, co mógł osiągnąć pozostając tutaj. Jeśli chciał stać się prawdziwym mistrzem płomienia Ignis, wymagana będzie zmiana lokalizacji."
IgnisManor_IgnisMausoleumRock_0	Dialogue	Following words are written under this exhibit: 'This ore mined from around the Ignis Volcano is extremely energy resistant. While too heavy to be used for crafting armor, it can be used to create a barrier that prevents energy from leaking out. As long as the construction is performed flawlessly, such a wall can completely isolate energy within its confines.'	Następujące słowa są napisane pod eksponatem: 'Ten minerał został wykopany z okolic Wulkanu Ignis jest niezwykle odporny na energię. Choć zbyt ciężki by użyć do stworzenia zbroi, może być wykorzystany do stworzenia bariery nie przepuszczającej energii. Tak długo jak konstrukcja jest wykonana bez usterek, to taka ściana jest w stanie kompletenie odciąć energię wewnątrz swego obrębu.'
IgnisManor_IgnisMausoleumRock_10	Dialogue	"'Flawlessly', eh?"" Alex said as inspiration dawned on him. ""In other words, as long as you introduce a flaw, the energy-blocking effect would be greatly diminished."	"'Bez usterek', czyż nie?"" Alex powiedział pod napływem inspiracji. ""Innymi słowy, tak długo jak wprowadzi się usterkę, to efekt blokowania energii byłby mocno zmniejszony."
IgnisManor_ColtenRock_0	Dialogue	Alright, now the half-circle of stones is incomplete. Colten's technique should not be as effective.	No dobra, teraz pół-okrąg kamieni jest niekompletny. Technika Coltena nie powinna być już tak skuteczna.
IgnisManor_IgnisMausoleumPotion_0	Dialogue	This exhibit describes the difficulties of creating healing potions in the times of the Ignis progenitor, almost 200 years ago. It goes into great detail about what kinds of plants and methods were used despite the limited knowledge and scarcity of ingredients.	Ten eksponat opisuje trudności w tworzeniu mikstur leczących w czasach założyciela Ignis prawie 200 lat temu. Wdano się tutaj w dokładne szczegóły tego, jakich roślin i metod użyto mimo ograniczonej wiedzy i braku składników.
IgnisManor_IgnisMausoleumPotion_10	Dialogue	There's something to be learned from this. Maybe I should use some of that when I prepare my own healing potions.	Całkiem sporo mogę się z tego nauczyć. Może powinienem użyć tego, gdy będę przygotowywał mikstury.
IgnisManor_IgnisMausoleumFlower_0	Dialogue	This exhibit describes the difficulty of growing plants in the climate of the Ignis Volcano and its vicinity. Only the black and red 'Ash trees' are able to survive, while all other flora withers within days of being planted.	Ten eksponat opisuje trudności związane z uprawą roślin w klimacie Wulkanu Ignis i jego okolicach. Tylko czarno-czerwone 'Popiołowe drzewa' są w stanie tutaj przeżyć, a pozostała flora usycha w przeciągu dni od zasadzenia.
IgnisManor_IgnisMausoleumFlower_10	Dialogue	Judging from the direction of the energy, the source of the problem lies at the top of the Ignis Volcano. I never had a reason to go there, so no idea what secret it might be hiding.	Sądząc po kierunku pochodzenia energii, to źródło problemu leży gdzieś u szczytu Wulkanu Ignis. Nigdy nie miałem powodu, żeby tam iść, więc nie mam pojęcia co może się tam znajdować.
IgnisManor_IgnisMausoleumUltimateMaterial_0	Dialogue	This exhibit does not have any historical significance, simply describing what an Ultimate Crafting Material is, and how expensive and valuable it actually is.	Ten eksponat nie ma specjalnej wartości historycznej, po prostu opisuje czym jest Ostateczny Materiał Rzemieślniczy oraz jego niebagatelną wartość.
IgnisManor_IgnisMausoleumUltimateMaterial_10	Dialogue	Guess they have nobody powerful enough to make use of that material. So instead of letting it rot in the warehouse, they display it to show off their wealth. For now, unfortunately I wouldn't be able to make great use of it either.	Najwidoczniej nie mieli nikogo wystarczająco silnego by wykorzystać ten materiał. Zamiast zostawić go by gnił w magazynie to wystawili go tu by pokazać jacy są zamożni. Na razie niestety ja też nie miałbym z niego wielkiego pożytku.
IgnisManor_IgnisMausoleumArmour_0	Dialogue	This exhibit is the authentic armor used by the first leader of the Ignis family 200 years ago. It became the basis on which all future sets of Ignis armor were created.	Ten eksponat to oryginalna zbroja używana przez pierwszego przywódcę rodziny Ignis 200 lat temu. Stanowi on wzorzec, na podstawie którego wszystkie przyszłe wersje zbroi Ignis były projektowane.
IgnisManor_IgnisMausoleumArmour_10	Dialogue	"Something just doesn't feel right about this one,"" Alex muttered to himself as he strained his eyes. He channeled energy through his eyes and analyzed the structure of the armor. ""This thing is certainly 200 years old, but if it belonged to the progenitor of Ignis energy, why was it crafted <i>specifically</i> to counter Ignis flames?"	"Coś mi tutaj nie pasuje,"" Alex powiedział do siebie i przyjrzał się bliżej. Napełnił swoje oczy energią i przeanalizował strukturę zbroi. ""To faktycznie ma 200 lat, ale jeśli należało do protoplasty energii Ignis, to czemu zostało stworzone <i>specyficznie</i> by kontrować płomienie Ignis?"
IgnisManor_IgnisMausoleumArmour_20	Dialogue	A novice might need some assurance in order not to be burned by his own technique, but this piece is focused <i>entirely</i> on counter-acting Ignis flames, with almost no defensive capabilities aside from that. That's not something a self-proclaimed progenitor of the Ignis energy would ever wear.	Początkujący może i potrzebuje ochrony przed poparzeniem się własną techniką, ale ta zbroja jest skupiona <i>w pełni</i> na kontrowaniu płomieni Ignis, poza tym nie posiadających prawie żadnych właściwości defensywnych. To nie jest coś, co rzekomy twórca energii Ignis miałby nosić.
IgnisManor_IgnisMausoleumArmour_30	Dialogue	"Not to mention just how much flames this armor actually suffered from,"" Alex said as he grimaced, almost bumping his nose into the glass from observing the armor too closely. ""Some restoration work was done on it, but I can tell: this armor withstood an onslaught of hostile flames. But there's no mention of any strong flame users from 200 years ago aside from the leader himself."	"Nie mówiąc już o tym, jak wiele płomieni ta zbroja zablokowała,"" Alex powiedział z grymasem, prawie uderzając nosem o szybę od zbyt bliskiej obserwacji. ""Wykonano tu nieco napraw, ale jestem w stanie powiedzieć: ta zbroja przeciwstawiła się istnej nawałnicy wrogich płomieni. Ale nie ma wzmianki o żadnych potężnym użytkowniku płomieni sprzed 200 lat. Poza samą pierwszą głową Ignis."
IgnisManor_IgnisMausoleumWeapon_0	Dialogue	This exhibit is the authentic weapon wielded by the first leader of the Ignis family, before he switched to the 'Plunderer' greatsword that is being used by Ignis family leaders to this day.	Ten eksponat jest autentyczną bronią dzierżoną przez pierwszego przywódcę rodziny Ignis, zanim zaczął używać wielkiego ostrza 'Grabieżcy' z którego przywódcy Ignis korzystają do dzisiaj.
IgnisManor_IgnisMausoleumWeapon_10	Dialogue	...I don't buy it. I'm pretty good at weapon crafting myself, and I can tell this is just a poorly made 'replica'. The creator just saw the weapon and tried to recreate the appearance rather than functionality. That leaves me with two questions: what happened to the original, and why is this replica displayed here as if it's the real thing?	...Niezbyt chce mi się w to wierzyć. Sam jestem całkiem niezły w obróbce broni, i dla mnie jest oczywistym, że to po prostu słabo wykonana 'replika'. Twórca po prostu zobaczył broń, a następnie próbował odtworzyć jej funkcjonalność. To pozostawia dwa pytania: co stało się z oryginałem, oraz czemu ta replika jest tutaj wystawiona tak, jakby była autentyczna?
IgnisManor_IgnisMausoleumWeapon_20	Dialogue	"Focusing intently on the weapon, Alex felt like he slightly understood the intent buried deep within the energy used to create the greatsword. ""A sense of pride... conquest? Is this like 'spoils of war' of some kind? But why did Ignis progenitor feel like that about his own weapon? Moreover, why lie about this being the real thing?"""	"Skupiając się na broni, Alex poczuł, że nieco zrozumiał intencję schowaną głęboko w energii użytej do wytworzenia tego ostrza. ""Poczucie dumy... i podboju? Swojego rodzaju 'łupy wojenne'? Ale czemu protoplasta Ignis miałby tak się czuć wobec własnej broni? Nie mówiąc już o tym, że czemu miałby kłamać o autentyczności tej repliki?"" "
IgnisManor_IgnisMausoleumWeapon_30	Dialogue	A slight suspicion started growing in Alex's heart, but he did not yet have sufficient evidence to propose a hypothesis.	Lekkie zwątpienie zakiełkowało w sercu Alexa, ale na razie brak mu było wystarczających dowodów na wystawienie hipotezy.
IgnisManor_QuartermastersNotes_0	Dialogue	At a first glance, this seems like a regular list of items available in the Ignis Manor armory. But as he keeps flipping the pages, Alex finds stumbles upon an interesting excerpt.	Na pierwszy rzut oka wygląda to na zwykłą listę inwentarzu dostępnego w zbrojowni Dworu Ignis. Ale po przewertowaniu kilku stron, Alex napotkał dosyć ciekawą wzmiankę.
IgnisManor_QuartermastersNotes_10	Dialogue	As it turns out, there was a traitor among the ranks of the Ignis knights. He tried to smuggle a high-quality set of Ignis armor out of the mansion, but was only partially successful. He was caught before finishing the trade, so the location of stolen goods is a mystery.	Wygląda na to, że w szeregach rycerzy Ignis był zdrajca. Próbował przeszmuglować wysokiej jakości zbroję Ignis do innego miasta, ale udało mu się to tylko częściowo. Został złapany zanim dokończył sprzedaż, więc obecna lokalizacja skradzionych dóbr pozostaje tajemnicą.
IgnisManor_QuartermastersNotes_20	Dialogue	Interesting. Based on the tone of this document, he's not being treated like a traitor. The investigators only got some vague clues from him regarding the locations: 'in four corners, four arrows mark the spot'. Somehow, it feels like he's treating this like a game.	Ciekawe. Po tonie wykorzystanym w tym dokumencie wynika, że nie jest traktowany jak zdrajca. Oficerzy śledczy wyciągnęli z niego tylko niejasne wskazówki odnośnie lokacji: 'w czterech rogach, cztery strzałki wskazują miejsce'. Mam wrażenie, że facet traktuje to jako zabawę.
IgnisManor_BlaineNotYet_0	Dialogue	How is it, Alex? Were you able to take the Ignis power as your own?	I jak tam Alex? Udało ci się okiełznać moc Ignis?
IgnisManor_BlaineNotYet_10	Dialogue	Somewhat. But I still feel like I need a bit more time to figure things out.	W pewnym stopniu. Ale nadal potrzebuję nieco czasu, żeby lepiej wszystko zrozumieć.
IgnisManor_BlaineNotYet_20	Dialogue	Alright. Once you feel like you're finished, meet me here. I'll be in charge of your final test.	Gdy poczujesz, że jesteś gotowy, to przyjdź do mnie. Przeprowadzę twój ostateczny test.
IgnisManor_BlaineWrapUp_0	Dialogue	"""Admiring your work?"" Alex asked as he walked up to Blaine, who was intensely staring at the 'Monument' that he created many years ago."	"""Podziwiasz swoją robotę?"" Alex zapytał Blaine gdy do niego podszedł. Mężczyzna intensywnie wpatrywał się w 'Monument' który stworzył wiele lat temu."
IgnisManor_BlaineWrapUp_10	Dialogue	"Quite the opposite,"" Blaine said as he let out a tired sigh. ""You see, this is something I created when I was young and impulsive. All my life, I've been taught that this land is the enemy, from whom you're supposed to take by force. And so I, just like my predecessors, forcefully created a 'Monument' here."	"Wręcz przeciwnie,"" Blaine powiedział i westchnął głęboko. ""To jest coś, co stworzyłem będąc młodym i impulsywnym dzieciakiem. Całe moje życie nauczano mnie, że ta ziemia jest moim wrogiem, że muszę od niej wyciągać wszystko siłą. Więc i ja, tak jak moi poprzednicy, siłą stworzyłem sobie tutaj 'Monument'."
IgnisManor_BlaineWrapUp_20	Dialogue	"""But now, after all these years, your opinion changed?"" Alex asked. He always viewed Ignis family, and especially Blaine himself, as utterly inflexible, incapable of such a drastic shift in perception."	"""Ale po tylu latach masz już inną opinię?"" zapytał Alex. Zawsze postrzegał rodzinę Ignis, a zwłaszcza samego Blaine-a, jako kompletenie zatwardziałych i niezdolnych do tak drastycznej zmiany światopoglądowej."
IgnisManor_BlaineWrapUp_30	Dialogue	"I'm somewhat of a special case, you see,"" Blaine said with a sad smile on his face. ""Due to our special... 'circumstances'... the Ignis Family leaders hardly ever fill their position for more than 10 years. However, thanks to the power I was born with, I'm now on my 13th year of filling the position."	"Jestem dosyć specyficznym przypadkiem,"" powiedział Blaine ze smutnym uśmiechem na twarzy. ""Ze względu na nasze specjalne... 'okoliczności'... przywódcy rodziny Ignis rzadko kiedy sprawują swoją funkcję dłużej niż 10 lat. Lecz dzięki sile z którą się urodziłem, jestem teraz na moim 13 roku piastowania tego stanowiska."
IgnisManor_BlaineWrapUp_40	Dialogue	So you're saying that you have an unique perspective. One that none of the family leaders before you were afforded?	Więc twierdzisz, że masz unikalną perspektywę, której inni przywódcy nigdy nie mieli szansy zobaczyć?
IgnisManor_BlaineWrapUp_50	Dialogue	"Nothing so grand,"" Blaine replied with a somewhat forced laugh. ""It's just..."" he added and hesitated for a moment. ""When you're young, the whole world seems so simple. You know exactly what's right and what's wrong. But as you grow older and experience different things, that worldview starts cracking."	"Nic tak wielkiego,"" Blaine odpowiedział z nieco wymuszonym śmiechem. ""Po prostu..."" dodał i przez chwilę się zawahał. ""Kiedy jesteś młody, to cały świat wydaje się taki prosty. Wiesz dokładnie co jest dobre, a co złe. Ale gdy stajesz się starszy i nabierasz doświadczeń, to ten punkt widzenia zaczyna się załamywać."
IgnisManor_BlaineWrapUp_60	Dialogue	"Then what was the stuff you told me before?"" Alex asked, taken off-guard to some extent. ""You sounded awfully sure of yourself back then."	"W takim razie co z tym wszystkim, o czym mi wcześniej mówiłeś?"" zapytał Alex, nieco zbity z tropu. ""Wtedy brzmiałeś całkiem pewny siebie."
IgnisManor_BlaineWrapUp_70	Dialogue	"Back then, I faced you as the Ignis family leader. Right now, I was just having a brief conversation as just Blaine."" After a short moment of contemplation, Blaine was then back to his usual, confident self. ""But that's enough about me. Tell me, Alex, were you able to take the Ignis power as your own?"	"Wtedy rozmawiałeś z przywódcą rodziny Ignis. Teraz masz przed sobą zwykłego Blaine-a."" Po krótkim przemyśleniu, Blaine powrócił do swojej normalnej, pewnej siebie wersji. ""Ale wystarczy gadania o mnie. Powiedz mi, Alex, czy udało ci się okiełznać moc Ignis?"
IgnisManor_BlaineWrapUp_80	Dialogue	"""Yeah. I feel like I have a pretty good idea of what it's all about,"" Alex said, compiling everything he learned about Ignis history and Ignis energy itself over his stay here."	"""Tak. Czuję, że zaczynam pojmować, o co w tym wszystkim chodzi,"" powiedział Alex. Zebrał w głowie wszystko, czego się nauczył o historii Ignis i energii Ignis podczas swego pobytu tutaj."
IgnisManor_BlaineWrapUp_90	Dialogue	"""And? What do you think?"" Blaine asked. He seemed surprisingly interested in Alex's answer, waiting for his input with bated breath."	"""I jak? Do jakiego wniosku doszedłeś?"" zapytał Blaine. Wydawał się zaskakująco zainteresowany odpowiedzią Alexa, wyczekując jej z zapartym tchem."
IgnisManor_BlaineWrapUpNoChoice_0	Dialogue	"""Ignis had no choice but to become ruthless."" *[Heavy]Heavy Weapon Backstabs now apply [Burn]Burn equal to 5% of [HS]Heavy Weapon Stagger*"	"""Ignis nie mieli wyboru: musieli być bezlitośni."" *Ataki w Plecy [Heavy]Ciężką Bronią teraz nakładają [Burn]Podpalenie w ilości 5% [HS]Zachwiania Ciężką Bronią.*"
IgnisManor_BlaineWrapUpNoChoice_10	Dialogue	"""The Ignis territory is ruthless, and the Ignis knights had to become just as ruthless in order to survive,"" Alex said as he put his feelings into words."	"""Terytorium Ignis jest bezlitosne, więc rycerze Ignis musieli być bezlitośni, aby przeżyć,"" powiedział Alex gdy udało mu się przelać swoje uczucia w słowa."
IgnisManor_BlaineWrapUpNoChoice_20	Dialogue	"We had no choice... is it?"" Blaine muttered to himself, contemplating something deeply. ""Perhaps it's true that <i>we</i>, born into this era no longer had a choice. But what about our founder? Did she not have a choice either?"	"Twierdzisz że... nie mieliśmy wyboru?"" Blaine powiedział sam do siebie, głęboko coś rozważając. ""Być może to prawda, że <i>my</i>, urodzeni w tych czasach nie mieliśmy wyboru. Ale co z naszą założycielką? Czy ona też nie miała wyboru?"
IgnisManor_BlaineWrapUpNoChoice_30	Dialogue	"Perhaps. I would need to meet her to know,"" Alex said as he shrugged his shoulders. ""I don't know anywhere near enough about the first family leader to make judgments. But from what I can see, her actions did allow you to survive even in this environment."	"Być może. Musiałbym ją spotkać, żeby się dowiedzieć,"" powiedział Alex i wzruszył ramionami. ""Daleko mi do wiedzy, która pozwoliłaby mi kogokolwiek tutaj oceniać. Ale z tego co o niej wiem, to jej poczynania pozwoliły wam przetrwać mimo tego środowiska."
IgnisManor_BlaineWrapUpNoChoice_40	Dialogue	"With his eyes closed, Blaine was lost in thoughts for a moment. Finally, he sighed and spoke up. ""If this was the final exam for the position of 'Ignis Knight', that answer would have earned you full marks. You came to the same conclusion as I did back during my youth."" Despite his words, Alex got the feeling that Blaine was hoping to hear a different answer."	"Przez moment Blaine rozważał coś z zamkniętymi oczami. W końcu westchnął i powiedział, ""Gdyby to był ostateczny egzamin na pozycję 'Rycerza Ignis', to ta odpowiedź zdobyłaby tobie maksimum punktów. Doszedłeś do tej samej konkluzji, jak ja za mojej młodości."" Mimo jego słów, przez chwilę Alex miał wrażenie, że Blaine pragnął usłyszeć inną odpowiedź."
IgnisManor_BlaineWrapUpBetrayal_0	Dialogue	"""I suspect that Ignis flames do not originate in betrayal: it was actually the creator of Ignis flames who was betrayed."" *All [Burn]Burn you apply is increased by 10%. You take gain 5% reduced [D]Damage from [Burn]Burning enemies.*"	"""Podejrzewam, że płomienie Ignis nie pochodzą ze zdrady: to twórca płomieni Ignis został zdradzony."" *Całe [Burn]Podpalenie które nakładasz jest zwiększone o 10%. Otrzymujesz 5% zmniejszone [D]Obrażenia od [Burn]Podpalonych wrogów.*"
IgnisManor_BlaineWrapUpBetrayal_10	Dialogue	"""I suspect that Ignis flames do not originate in betrayal: it was actually the creator of Ignis flames who betrayed,"" Alex proclaimed once he compiled everything he knew about Ignis history."	"""Podejrzewam, że płomienie Ignis nie pochodzą ze zdrady: to twórca płomieni Ignis został zdradzony,"" powiedział Alex gdy zebrał w jedno wszystko co wiedział o historii Ignis."
IgnisManor_BlaineWrapUpBetrayal_20	Dialogue	"...Interesting,"" Blaine said, keeping his eyes closed. ""In the manual for Ignis family leaders, such an answer is described as 'sacrilege', and is grounds for immediate expulsion from the Ignis family."" Despite his harsh words, Blaine actually smiled as he added, ""But you are not an Ignis family member, nor do you have any intention of joining it. As such, might I ask you to explain further?"	"...Ciekawe,"" powiedział Blaine, jego oczy wciąż zamknięte. ""W poradniku dla przywódców rodziny Ignis, podanie takiej odpowiedzi jest określone jako 'bluźnierstwo', i można na tej podstawie wydalić kogoś z rodziny Ignis."" Mimo wypowiadanych słów, Blaine miał uśmiech na twarzy. ""Ale ty nie jesteś członkiem rodziny Ignis i nie masz zamiaru do niej dołączać. Więc czemu nie? Kontynuuj."
IgnisManor_BlaineWrapUpBetrayal_30	Dialogue	"Somewhat taken off-guard by Blaine's accommodating attitude, Alex said, ""The armor and sword in the mausoleum. The fact Ignis energy is rooted in the idea of 'betrayal' even more so than 'plunder'. And finally, the Ignis Volcano that keeps spewing energy, as if unable to tolerate the Ignis family itself."""	"Nieco zbity z tropu przez uprzejme nastawienie Blaine-a, Alex powiedział, ""Zbroja i miecz w mauzoleum. Fakt, że energia Ignis ma swoje źródło w 'zdradzie' bardziej niż w 'grabieży'. I w końcu fakt, że Wulkan Ignis cały czas wypluwa energię, tak jakby nie mógł znieść istnienia rodziny Ignis."""
IgnisManor_BlaineWrapUpBetrayal_40	Dialogue	"Having finished listing off all the evidence he had gathered, Alex gave his verdict: ""All of those point towards one conclusion. The actual source of the Ignis flame was a strong Enforcer who was then betrayed, and had his power stolen from him. The person who then proclaimed himself to be the Ignis family founder."""	"Po wymienieniu wszystkich dowodów, które zebrał, Alex wydał swój werdykt: ""Wszystko to prowadzi do jednego wniosku. Faktycznym źródłem płomieni Ignis jest jakiś potężny Autarcha, który został zdradzony i jego siła została skradziona. Osoba, która tego dokonała następnie nazwała siebie założycielem rodziny Ignis."""
IgnisManor_BlaineWrapUpBetrayal_50	Dialogue	"Despite hearing such harsh accusations aimed at the noble history of the family he was leading, Blaine had a perfectly calm expression. ""I see. That's certainly one interesting theory,"" Blaine said without batting an eye. ""But then, what do you want us to do about it? Those are events that transpired 200 years ago. None of us had anything to do with it, so why must we still suffer the consequences?"""	"Mimo usłyszenia takich zarzutów w kierunku szlachetnej historii rodziny, której przewodził, wyraz twarzy Blaine-a pozostawał zupełnie spokojny. ""A więc tak. Dosyć ciekawa teoria,"" powiedział Blaine bez mrugnięcia okiem. ""W takim razie co sugerujesz, że powinniśmy z tym zrobić? To wydarzenia sprzed 200 lat. Żadna żyjąca osoba nie miała z tym nic wspólnego, więc czemu mielibyśmy odczuwać konsekwencje?"""
IgnisManor_BlaineWrapUpBetrayal_60	Dialogue	"Although not responsible for the original sin itself, you <i>are</i> the ones propagating it,"" Alex said with a harsh tone. For a moment, he could feel the ground between him stirring, as if adding weight to his accusation. ""You hide the truth and promote 'betrayal' as a virtue."	"Może i nie jesteście odpowiedzialni za oryginalny grzech, ale <i>jesteście</i> tymi, którzy go kontynuują,"" powiedział Alex nie ustępując. Przez chwilę czuł ziemię drżącą pod jego stopami, jakby chciała dodać wagi jego zarzutom. ""Ukrywacie prawdę i promujecie 'zdradzanie innych'."
IgnisManor_BlaineWrapUpBetrayal_70	Dialogue	"Even though it felt as if the whole land was accusing him, Blaine seemed unshaken. ""That's the best way of passing our Ignis flame to the future generations. Of course, I am no exception."" After a few moments of awkward silence, Blaine let out a heavy sigh. ""What od you expect me to say? 'I back-stabbed and betrayed all my life, but now that it's my turn to get stabbed, how about we stop that silly tradition?'"""	"Mimo faktu, że można było odnieść wrażenie, że cała okoliczna ziemia go oskarżała, to Blaine zachował spokój. ""To najlepszy sposób przekazywania naszych płomieni Ignis przyszłym pokoleniom. Rzecz jasna, mnie też to się tyczy."" Po kilku chwilach niezręcznej ciszy, Blaine westchnął głęboko. ""Czemu spodziewasz się ode mnie usłyszeć? 'Zdradzałem innych całe życie, ale skoro teraz moja kolej na bycie zdradzonym, to może przestańmy kontynuować tą głupią tradycję?"""
IgnisManor_BlaineWrapUpBetrayal_80	Dialogue	"""So that's the reason? You're keeping up this farce out of guilt, or sense of responsibility?"" Alex asked as he found himself flabbergasted."	"""Więc to jest powód? Podtrzymujesz tą farsę przez poczucie winy, przez to, że czujesz się odpowiedzialny?"" Alex powiedział, nie wiedząc kompletnie co innego dodać."
IgnisManor_BlaineWrapUpBetrayal_90	Dialogue	"That's right,"" Blaine said with a stern expression. ""Every Ignis leader is a back-stabber, and it happened countless times over Ignis history that they tried to change the tradition once they got the position. You can guess how well that went."	"Zgadza się,"" Blaine powiedział z niemrawym wyrazem twarzy. ""Każdy przywódca Ignis zdradza innych. W historii Ignis wielokrotnie zdarzało się, że przywódca próbował zmienić tą tradycję gdy już objął stanowisko. Możesz zgadnąć, jak to się zawsze kończyło."
IgnisManor_BlaineWrapUpBetrayal_100	Dialogue	"""And just when I thought Ignis family couldn't get any more messed up..."" Alex said with a sigh. He found himself at a loss, unsure as to how to tackle this issue."	"""A już myślałem, że ta rodzina nie może być bardziej nienormalna..."" Alex powiedział i westchnął. Nie miał pojęcia, od której strony miałby się zabrać za walkę z tym problemem."
IgnisManor_BlaineWrapUpBetrayal_110	Dialogue	"The solution is simple,"" Blaine said with a smile. ""Someone from outside the Ignis family needs to put a stop to this cycle of betrayal. If the Ignis energy that is passed from one leader to another is stolen and taken to the outside world, the Inheritance Ceremony will lose its purpose. And so I ask you, mr Alex Wester,"" Blaine said as he looked at Alex with a burning gaze, ""are you willing to take from me before I'm back-stabbed and stolen from?"	"Rozwiązanie jest proste,"" Blaine powiedział z uśmiechem. ""Ktoś spoza rodziny Ignis musi zakończyć ten krąg zdrady. Jeśli energia Ignis, która jest przekazywana z pokolenia na pokolenie w ramach 'Ceremonii Dziedziczenia' zostanie skradziona i wyniesiona poza ten region, to rytuał straci swój cel. A więc stąd moja prośba, panie Alex Wester,"" Blaine powiedział i spojrzał na Alexa niezwykle intensywnym wzrokiem, ""czy zabierzesz moją energię, zanim zostanę zdradzony i zostanie ona skradziona?"
IgnisManor_BlaineWrapUpBetrayal_120	Dialogue	"Before he could even start thinking about an answer, Alex could feel the Ignis energy residing within the land stirring in response. It was clearly rejecting Blaine's proposal. And if Ignis energy itself was reluctant, then there was no point in Alex agreeing. ""Doesn't seem like violence is the right solution to your problem. At the very least if it's towards you,"" Alex said and shrugged his shoulders."	"Zanim Alex mógł się zastanowić nad odpowiedzią, poczuł jak energia Ignis zgromadzono głęboko pod ziemią trzęsie się w odpowiedzi. Ewidentnie nie zgadzała się na propozycję Blaine-a. A skoro sama energia Ignis była niechętna, to Alex nie miał żadnego powodu, by tą ofertę akceptować. ""Wygląda na to, że przemoc nie jest rozwiązaniem tego problemu. Z pewnością jeszcze jest wystosowana wobec ciebie,"" Alex powiedział i wzruszył ramionami."
IgnisManor_BlaineWrapUpBetrayal_130	Dialogue	"""That I did not expect. In that case, I can only wait and see what kind of future awaits this family,"" Blaine said an turned his melancholic gaze towards the Ignis manor."	"""Tego się nie spodziewałem. Pozostaje zobaczyć, jaka przyszłość czeka tą rodzinę,"" Blaine powiedział i zwrócił oczy pełne melancholii w stronę dworu Ignis."
IgnisManor_BlaineWrapUp_100	Dialogue	"""Well, one way or another, you've arrived at your own conclusion. All that's left is to put it to a test,"" Blaine said as he took out his greatsword, 'The Plunderer'."	"""Tak czy inaczej, doszliśmy do pewnej konkluzji. Teraz pozostaje ją tylko wypróbować w walce,"" Blaine powiedział i wyciągnął swoje wielkie ostrze, 'Grabieżcę'."
IgnisManor_BlaineWrapUp_110	Dialogue	"Up until recently, I would have been delighted to face off against you, Blaine,"" Alex said with a wry smile. ""But I don't think the current me will pose much of a challenge."	"Jeszcze niedawno z chęcią przyjąłbym wyzwanie, Blaine,"" Alex powiedział z wymuszonym uśmiechem. ""Ale obawiam się, że w obecnej formie nie będę dla ciebie specjalnym wyzwaniem."
IgnisManor_BlaineWrapUp_120	Dialogue	"""The purpose of this duel isn't to feed my own ego. I won't go all-out,"" Blaine said as he took a step towards Alex, thus signaling the start of the final exam."	"""Celem tego pojedynku nie jest zaspokojenie mojego ego. Nie mam zamiaru dać z siebie wszystkiego,"" Blaine powiedział i zrobił krok w stronę Alexa, sygnalizując początek ostatecznego testu."
IgnisManor_BlaineWrapUp2_0	Dialogue	"Seemingly satisfied with Alex's performance, Blaine gave an affirming nod. ""And with this, a spark of your own Ignis flame should have been born."" Indeed, with each clash of their weapons, Alex could feel something bubbling within his soul, being forcibly brought to the surface. And now, it was fully awakened."	"Widocznie usatysfakcjonowany tym co Alex pokazał, Blaine skinął głową. ""W ten sposób iskierka twojego własnego płomienia Ignis powinna zostać zaogniona."" Faktycznie, z każdym zderzeniem broni Alex czuł coś kipiącego wewnątrz jego duszy, siłą wyciągane na powierzchnię. I w tym momencie było to w pełni przebudzone."
IgnisManor_BlaineWrapUp2_10	Dialogue	"""So betrayal isn't the only way to inherit the flame, is it?"" Alex asked as he examined his new-found power with great satisfaction."	"""A więc zdrada nie jest jedynym sposobem, by odziedziczyć ten płomień?"" Alex zapytał i z wielką satysfakcją zbadał swój nowo-stworzony płomień."
IgnisManor_BlaineWrapUp2_20	Dialogue	"""For anyone not named 'Alex Wester', only back-stabbing would bring about such rapid improvement,"" Blaine said with a sigh. Seeing an outsider master the Ignis energy at such incredible pace must have been quite aggravating."	"""Dla każdego, kto nie nazywa się 'Alex Wester' tylko zdrada może przynieść aż tak szybkie efekty,"" Blaine powiedział i westchnął. Irytującym musiało być oglądanie, jak ktoś z zewnątrz w tak zatrważającym tempie opanowuje energię Ignis."
IgnisManor_BlaineWrapUp2_30	Dialogue	"""With this, I should be able to at least partially off-set Drake's Anima powers,"" Alex muttered to himself. He was far from truly mastering the Ignis flame, but he could feel that he did everything he could in this place and time."	"""Dzięki temu powinienem być w stanie chociaż częściowo przeciwdziałać siłom Anima, których używa Drake,"" Alex powiedział sam do siebie. Daleko mu było do prawdziwego mistrzostwa płomienia Ignis, ale czuł, że zrobił już wszystko co mógł w tym miejscu i czasie."
IgnisManor_AskAboutBook_0	Dialogue	"I'm looking for something that would help me better understand the Ignis energy. But all I've found so far are fairy tales and propaganda pieces,"" Alex said with a sigh as he talked to a friendly looking elderly woman. ""Do you have any recommendations?"	"Poszukuję czegoś, co pomogłoby mi lepiej zrozumieć energię Ignis. Na razie jedyne co znalazłem, to bajki i propagandę,"" Alex powiedział z grymasem na twarzy obok przyjaźnie wyglądającej starszej kobiety. ""Masz może jakieś rekomendacje?"
IgnisManor_AskAboutBook_10	Dialogue	"If you're looking for something that could undermine the Ignis family, I'm afraid this library is not the place to look,"" the woman said with a carefree laugh. ""But there are some clues scattered here and there,"" she added as she pointed towards one of the bookshelves. ""The yellow one of the far right."	"Jeśli chcesz znaleźć coś, co mogłoby podważyć autorytet rodziny Ignis, to obawiam się, że ta biblioteka nie jest dobrym wyborem,"" powiedziała kobieta i zaśmiała się. ""Ale może znaleźć tu i tam pewne wskazówki,"" dodała po czym pokazała w stronę jednego z regałów. ""Ta żółta po prawej."
IgnisManor_AskAboutBook_20	Dialogue	"""I'm grateful for the help,"" Alex said as he started taking out his wallet. He always adhered to the rule that help should not go unrewarded. It often helped him in future investigations."	"""Dzięki za pomoc,"" Alex powiedział i wyjął portfel. Zawsze wyznawał zasadę, że pomoc nigdy nie powinna pozostać nienagrodzona. Często pomagało mu to w przyszłych poszukiwaniach."
IgnisManor_AskAboutBook_30	Dialogue	"But he was quickly stopped by the woman's gesture. ""Oh please,"" she said. Seeing Alex's conflicted expression, she added, ""if you truly wish to show your appreciation, how about talking to Nathalie? She is somewhat ostracized in this place, and who knows, maybe she'll have more useful information than all those Ignis-curated books."""	"Ale jego ruch został szybko zatrzymany przez rękę kobiety. ""Zlituj się,"" powiedziała. Widząc zmieszaną twarz Alexa, dodała: ""jeśli naprawdę chcesz pokazać swoją wdzięczność, to może porozmawiałbyś z Nathalie? Jest tutaj nieco odosobniona i kto wie, może będzie miała bardziej użyteczne informacje niż te wszystkie książki kontrolowane przez Ignis."""
IgnisManor_AskAboutBook_40	Dialogue	Nathalie? Who might you be talking about?	Nathalie? O kim mowa?
IgnisManor_AskAboutBook_50	Dialogue	"Blaine's daughter,"" the woman said with a trace of sorrow on her face. ""She does not fit this place, and so she spends most of her time in her garden in the southern part of the forest."	"Córka Blaine-a,"" powiedziała kobieta ze smutkiem wypisanym na twarzy. ""Nie pasuje do tego miejsca, więc większość czasu spędza w swoim ogrodzie w południowej części lasu."
IgnisManor_AskAboutBook_60	Dialogue	"""I'll drop by if I have the time,"" Alex said as she waved the woman goodbye and walked up to the bookshelf that was pointed out earlier."	"""Zajrzę do niej jeśli będę miał czas,"" Alex powiedział i pomachał kobiecie na pożegnanie. Następnie podszedł do regału, na który wcześniej wskazała."
IgnisManor_AskAboutBook_70	Dialogue	"Yeah, I did meet her,"" Alex said as he showed as smile of his own. ""Seemed like a decent person. Might be the reason why she doesn't fit this place."	"Tak, już ją spotkałem,"" Alex powiedział odwzajemniając uśmiech. ""Wyglądała na miłą osobę. Może to jest powód, czemu tutaj specjalnie nie pasuje."
IgnisManor_AskAboutBook_80	Dialogue	"You might be right,"" the woman said as she let out a tired sigh. ""But you of all people should know not to judge those you meet based on rumors and stereotypes. Isn't that the case, mr Alex Wester?"	"Możesz mieć rację,"" kobieta powiedziała i ciężko westchnęła. ""Ale akurat ty powinieneś wiedzieć, że nie należy oceniać ludzi których spotykasz według pogłosek i stereotypów. Nieprawdaż, panie Alex Wester?"
IgnisManor_AskAboutBook_90	Dialogue	"""...I'll keep that in mind,"" Alex said, taken slightly off-guard. He waved the woman goodbye and walked up to the bookshelf that was pointed out earlier."	"""...Będę o tym pamiętał,"" Alex powiedział, zbity nieco z tropu. Pomachał kobiecie na pożegnanie i podszedł do regału, na który wcześniej wskazała."
Ignis_LearnAboutBlainesDeath_0	Dialogue	"Just as he was about to embark on another mission, Alex received a sudden call from Laura. ""Did something happen?"""	"Gdy już miał wyruszać na kolejną misję, Alex dostał nagły telefon od Laury. ""Coś się stało?"""
Ignis_LearnAboutBlainesDeath_10	Dialogue	"Sounds like you didn't hear anything,"" Laura replied and sighed heavily. ""The Ignis Volcano erupted, resulting in the death of Blaine and sizable amount of Ignis knights. The Ignis Manor is in flames, and they will be able to offer no assistance during the upcoming Eclipse."	"Wygląda na to, że o niczym nie słyszałeś,"" odpowiedziała Laura i głęboko westchnęła. ""Wulkan Ignis wybuchł, powodując śmierć Blaine-a i sporej części rycerzy Ignis. Dwór Ignis stoi w ogniu, więc małe szanse, że będą w stanie nam pomóc w nadchodzącym Zaćmieniu."
Ignis_LearnAboutBlainesDeath_20	Dialogue	"Dead just like that!?"" Alex said in disbelief. ""Ignis are experts in handling flames, and Blaine is the strongest of them all, isn't he? Just what happened?"	"Martwi!? Od tak po prostu!?"" Alex krzyknął w niedowierzaniu. ""Ignis to eksperci w radzeniu sobie z ogniem, a Blaine jest z nich wszystkich najsilniejszy, prawda? Więc co się niby tam wydarzyło?"
Ignis_LearnAboutBlainesDeath_30	Dialogue	"Given your ability, isn't that something for <i>you</i> to investigate?"" Laura asked with a leisurely tone of voice. She seemed to be putting quite a lot of trust in Alex's ability to undo this whole mess. ""All I can tell you is this doesn't seem to be just a normal volcano eruption. If that were the case, the Ignis region would have disappeared from the map a long time ago."	"Biorąc pod uwagę twoją zdolność, to powinno być to pytanie które <i>ty</i> rozwiążesz."" Laura powiedziała bez specjalnego stresu w głosie. Wyglądało na to, że pokładała całkiem spore nadzieje w umiejętnościach Alexa do naprawienia tego bałaganu. ""Jedyne co mogę ci powiedzieć, to że nie wyglądało to na zwykłą erupcję wulkanu. Gdyby tak miało być, to region Ignis już dawno temu zniknąłby z mapy."
Ignis_LearnAboutBlainesDeath_40	Dialogue	"""...Alright. I'll get to the bottom of this,"" Alex said as he ended the call. If he wanted the support of Ignis knights, Alex would need to figure out just what happens in the Ignis territory on week 40. Of course, this would only be possible in the upcoming cycles."	"""...Niech będzie. Dojdę do sedna tej sprawy,"" powiedział Alex i się rozłączył. Jeśli chciał wsparcia ze strony rycerzy Ignis, to Alex będzie musiał wywnioskować co się tam stało w 40 tygodniu. Rzecz jasna możliwe to będzie dopiero w przyszłym cyklu."
IgnisManor_Cycle2Introduction_0	Dialogue	"Having arrived at the Ignis manor, Alex noticed Blaine standing some distance away. Deciding that it was a good opportunity to check the situation, he approached him. ""Is the meeting over already?"""	"Przybywszy do dworu Ignis, Alex zauważył Blaine-a stojącego w oddali. Decydując, że jest to dobra okazja do sprawdzenia sytuacji, podszedł do niego. ""Spotkanie już się zakończyło?"""
IgnisManor_Cycle2Introduction_10	Dialogue	"""Alex Wester? What's your business here?"" Blaine spoke without hiding his wariness. It was only at this moment that Alex truly realized the reality of his 'regressions'. All relationships he built up were reset to zero and would need to be built back up again."	"""Alex Wester? A co cię tu sprowadza?"" Blaine zapytał nie kryjąc swych wątpliwości odnośnie Alexa. Dopiero w tym momencie Alex prawdziwie zdał sobie sprawę z natury swoich 'regresji'. Wszystkie relacje które nawiązał były resetowane do zera, zmuszając go do budowania ich od nowa."
IgnisManor_Cycle2Introduction_20	Dialogue	"""Guess I have some explaining to do,"" Alex said with a sigh and repeated what he already told Blaine during the first cycle's meeting. Once that was taken care of, he also added the reason for today's visit."	"""Wygląda na to, że muszę wyjaśnić to i owo,"" Alex powiedział i westchnął. Następnie powtórzył wszystko co powiedział Blaine-owi podczas spotkania w pierwszym cyklu. Gdy to było już załatwione dodatkowo podał przyczynę dzisiejszej wizyty."
IgnisManor_Cycle2Introduction_30	Dialogue	So you already mastered the Ignis energy, and the reason behind your visit here today is to prevent a catastrophe from swallowing up the Ignis land?	A więc już opanowałeś energię Ignis, a przychodzisz tutaj aby powstrzymać katastrofę, która wkrótce pochłonie całe terytorium Ignis?
IgnisManor_Cycle2Introduction_40	Dialogue	"Not only land, but also a good chunk of its population,"" Alex said as he grimaced. ""I'm not proud of it, but I need your help to stand a chance against Drake during the upcoming Eclipse."	"Nie tylko terytorium, ale też sporą część jej mieszkańców,"" powiedział Alex z grymasem na twarzy. ""Nie jestem z tego dumny, ale potrzebuję twojej pomocy by mieć szansę przeciwko Drake w nadchodzącym Zaćmieniu."
IgnisManor_Cycle2Introduction_50	Dialogue	"Makes sense. It makes it much easier to accept if you frame it as a mutually beneficial relationship,"" Blaine said as he pondered something for a moment. After a bit of thinking, he spoke up: ""I planned a journey to the Ignis Volcano on week 40. It was getting more and more unstable, so I wanted to make sure it doesn't explode."	"Ma to sens. Łatwiej mi jest zaakceptować coś, co jest ujęte w ramy obustronnie korzystnej relacji,"" Blaine powiedział i chwilę się nad czymś zastanawiał. Po namyśle dodał, ""Planowałem wyprawę do Wulkanu Ignis w tygodniu 40. Stawał się coraz bardziej niestabilny więc chciałem się upewnić, że nie eksploduje."
IgnisManor_Cycle2Introduction_60	Dialogue	"Judging from the future I've seen, you can't stop it on your own,"" Alex said with a sigh. ""How about I go there with you? With my help, maybe preventing the eruption is not out of the question. If you have trouble trusting me, I can always use True Speech."	"Sądząc po przyszłości, którą zobaczyłem, to nie dałeś rady własnymi siłami,"" Alex powiedział i westchnął. ""Co ty na to, żebym poszedł tam z tobą? Z moją pomocą może uda nam się powstrzymać wybuch. Jeśli masz trudności by mi zaufać, to zawsze mogę wykorzystać Prawdziwą Mowę. "
IgnisManor_Cycle2Introduction_70	Dialogue	"Blaine closed his eyes, perhaps weighing all his options. After a minute or so, he finally looked at Alex and said: ""I think that won't be necessary. I can feel strong Ignis energy coming from you that is devoid of its usual traitorous aspect. Just like you said, you must have came here to learn about our Family. I suppose this does make you qualified to come to the Ignis Volcano."""	"Blaine zamknął oczy, być może analizując wszystkie dostępne opcje. Po około minucie spojrzał na Alexa i powiedział: ""To nie będzie potrzebne. Wyczuwam od ciebie potężną energię Ignis, pozbawioną swego zwykłego zdradzieckiego aspektu. Musiałeś tutaj przyjść by nauczyć się o naszej Rodzinie tak jak powiedziałeś. To czyni cię odpowiednią osobą, by udać się do Wulkanu Ignis."""
IgnisManor_Cycle2Introduction_80	Dialogue	Alright. One thing though: I think this time around we should try going there sooner than week 40.	Wspaniale. Jedna uwaga: tym razem powinniśmy udać się tam dużo wcześniej niż w 40 tygodniu.
IgnisManor_Cycle2Introduction_90	Dialogue	Sounds reasonable. I'll need to speed up my preparations, but it shouldn't be much of a problem. I'll be ready in a few hours.	Brzmi sensownie. Będę musiał przyspieszyć moje przygotowania, ale nie powinno to być problemem. Będę gotowy za kilka godzin.
IgnisVolcano_FlameShadow1_0	Dialogue	Just a few hours of preparation and walking later, Alex and Blaine found themselves standing at the base of the Ignis Volcano. Alex heard the rumors, but seeing the real thing made him realize the words didn't do it justice.	Po kilku godzinach przygotowań i marszu, Alex i Blaine znaleźli się na drodze prowadzącej na szczyt Wulkanu Ignis. Alex słyszał wiele pogłosek, ale po zobaczeniu góry na własne oczy zdał sobie sprawę, że czasem słowa to za mało.
IgnisVolcano_FlameShadow1_5	Dialogue	"""Oppressive, yet majestic, isn't it?"" Blaine said with a smile as he looked up at the raging fire blazing from atop the mountain."	"""Groźna, lecz majestatyczna, nieprawdaż??"" Blaine powiedział z uśmiechem gdy zwrócił się w stronę płomieni bijących ze szczytu góry."
IgnisVolcano_FlameShadow1_10	Dialogue	"That's certainly one way to put it,"" Alex said as he struggled to breathe properly. ""Now I understand why you Ignis people lock yourself up in tin cans while going to the volcano: the heat feels like the least of my problems."	"Trudno się nie zgodzić,"" powiedział Alex z trudem biorąc oddech. ""Teraz rozumiem, czemu ludzie Ignis zamykają się w ołowianych puszkach, gdy przychodzicie do tego wulkanu: ciepło jest najmniejszym z waszym zmartwień."
IgnisVolcano_FlameShadow1_20	Dialogue	That's why only the Ignis family head is supposed to be allowed near this place: without great control over the Ignis flame, getting close to the top is pretty much impossible.	Dlatego tylko głowa rodziny Ignis powinien być dopuszczony w okolice tego miejsca: bez wspaniałej kontroli płomienia Ignis, dostanie się blisko szczytu jest praktycznie niemożliwe.
IgnisVolcano_FlameShadow1_30	Dialogue	"""So what's our plan?"" Alex asked as he cast a glance at the path ahead."	"""Więc jaki mamy plan?"" zapytał się Alex i rzucił okiem na drogę przed nimi."
IgnisVolcano_FlameShadow1_40	Dialogue	We need to investigate the thing that's causing all these flames to pour forth. Based on the records left behind by previous family heads, nobody was able to approach the summit itself, but we still need to try.	Musimy znaleźć przyczynę tych wybuchających płomieni. Sądząc po dokumentach zostawionych przez poprzednie głowy rodziny, to nikt nie był w stanie zbliżyć się do szczytu, ale mimo wszystko musimy spróbować.
IgnisVolcano_FlameShadow1_50	Dialogue	"""Alright, we'll meet near the top then,"" Alex said. His plan was to conduct his own investigation into this place. Following Blaine's lead might only lead him to repeating the same result from the previous cycle."	"""No dobra, więc spotkajmy się blisko szczytu,"" powiedział Alex. Jego planem było przeprowadzenie dochodzenia na własną rękę. Ślepe podążanie za Blainem mogłoby go doprowadzić do powtórzenia tego samego rezultatu, co w poprzednim cyklu."
IgnisVolcano_FlameShadow1_60	Dialogue	But just as he was about to walk ahead, Alex noticed something shimmering in the corner of his vision. Reacting purely on instinct, he jumped in front of Blaine and blocked the surprise attack.	Ale gdy miał już zacząć iść naprzód, Alex zauważył coś migoczącego w kącie jego wzroku. Działając czystko instynktownie, skoczył przed Blaine-a i zablokował ten atak z zaskoczenia.
IgnisVolcano_FlameShadow1_70	Dialogue	"What!?"" Blaine seemed taken off-guard. ""I heard that there is a lot of spontaneous combustion in this place, but I didn't expect it to be this dangerous. If it weren't for you, I might have gotten injured. You have my thanks, Alex."	"Co!?"" Blaine krzyknął zbity z tropu. ""Słyszałem, że w tym miejscu często dochodzi do samozapłonów, ale nie spodziewałem się, że mogą być tak niebezpieczne. Gdyby nie ty, to mógłbym odnieść obrażenia. Dziękuję, Alex. "
IgnisVolcano_FlameShadow1_80	Dialogue	"Feeling somewhat dumbfounded, Alex cast a glance at the figure standing in front of him, then back at Blaine. ""Did it look like just a flame explosion to you?"""	"Nie wiedząc co powiedzieć, Alex rzucił wzrokiem na postać stojącą tuż przed nim, a następnie z powrotem na Blaine-a. ""Tobie to wyglądało na zwykłą eksplozję płomieni?"""
IgnisVolcano_FlameShadow1_90	Dialogue	"""What else would it be?"" Blaine asked. He seemed to be wondering what the intent behind Alex's question could possibly be. There seemed to be no trace of falsehood to be found."	"""A co innego miałoby to być?"" zapytał Blaine. Ewidentnie zastanawiał się, jaka mogła być intencja stojąca za pytaniem Alexa. W jego twarzy nie widać było nawet śladu fałszu."
IgnisVolcano_FlameShadow1_100	Dialogue	"""...Don't mind me and go ahead first,"" Alex said as he prepared for combat. Fortunately, he already had some experience with mysterious, shadow-like beings who are invisible to others."	"""...Nie przejmuj się mną i idź przodem,"" Alex powiedział i przygotował się do walki. Na szczęście miał już nieco doświadczenia jeśli chodzi o tajemnicze, cienio-podobne stworzenia które są niewidzialne dla innych."
IgnisVolcano_FlameShadow1_110	Dialogue	"Although obviously unsure of what Alex was trying to accomplish here, Blaine nonetheless agreed. ""For now, I'll look for a way to the top. Hopefully we'll have more time for explanations later,"" Blaine said."	"Choć oczywiście nie wiedząc, co Alex próbował tutaj osiągnąć, Blaine mimo wszystko zgodził się. ""Na razie poszukam drogi na szczyt. Mam nadzieję, że później będziemy mieli więcej czasu na wyjaśnienia,"" powiedział Blaine."
IgnisVolcano_FlameShadow1_120	Dialogue	"As Blaine retreated, the flame-like creature's gaze kept following him. However, with Alex right in front of it, it was unable act on its intentions. ""Now let's hear it: why are you so obsessed with Ignis family head?"""	"W międzyczasie gdy Blaine się oddalał, płomienio-podobne stworzenie nie spuszczało go z oczu. Jednakże z Alexem tuż przed nią, nie była w stanie uskutecznić żadnych nagłych ruchów. ""No to gadaj: skąd ta obsesja na punkcie głowy rodziny Ignis?"""
IgnisVolcano_FlameShadow1_130	Dialogue	"The spirit seemed taken completely off-guard by the sudden conversation. ""...You're speaking to me?"""	"Duch wyglądał na kompletnie zbitego z tropu tą nagłą rozmową. ""...Mówisz do mnie?"""
IgnisVolcano_FlameShadow1_140	Dialogue	"""Is there anyone else around here?"" Alex asked. The other shadow-like creature he knew seemed a lot more socially adept than this one."	"""A jest tutaj jeszcze ktoś inny?"" zapytał Alex. Ten drugi cienio-podobny stwór wydawał się o wiele bardziej obeznany jeśli chodzi o interakcje z innymi."
IgnisVolcano_FlameShadow1_150	Dialogue	"That's the first time that a regular human was able to see me."" Perhaps not accustomed to the act of holding a conversation, the spirit fell deeply into thought. ""Let me gather my thoughts. Since you're planning to climb the mountain, we'll talk again later on."	"To pierwszy raz, kiedy zwykły człowiek jest w stanie mnie zobaczyć."" Być może nie przyzwyczajony do brania udziału w rozmowie, duch głęboko się nad czymś zastanowił. ""Pozwól, że zbiorę myśli. Jeśli planujesz wspinać się po tej górze, to będziemy mieli okazję do rozmowy później."
IgnisVolcano_FlameShadow1_160	Dialogue	"Before Alex could say anything to stop it, the creature disappeared in a burst of flames. ""Well, no other way but to climb the mountain for now,"" Alex said as he sighed."	"Zanim Alex mógł powiedzieć cokolwiek by go zatrzymać, duch zniknął w wybuchu płomieni. ""No cóż, nie mam innego wyboru jak tylko zacząć wspinaczkę,"" powiedział Alex i westchnął głęboko."
IgnisVolcano_FlameShadow2_0	Dialogue	"As he felled the giant animated armor, Alex noticed the blazing shadow standing not far away from him. ""You weren't lying. We did see each other quite soon,"" Alex said as he walked up to it, interrupting its contemplation."	"Pokonawszy gigantyczną ożywioną zbroję, Alex zauważył płonący cień stojący niedaleko. ""Nie kłamałaś. Znowu spotkaliśmy się całkiem szybko,"" powiedział Alex i podszedł do niej, przerywając jej kontemplację."
IgnisVolcano_FlameShadow2_10	Dialogue	"Yes, I seem to have sufficiently gathered my thoughts,"" the spirit said with surprising eloquence for someone who supposedly never have held a conversation. ""You asked me why I attacked the man from before."	"Tak, wydaje mi się, że wystarczająco udało mi się zebrać myśli,"" duch powiedział z zaskakującą elokwencją jak na kogoś, kto rzekomo wcześniej nie prowadził rozmowy. ""Zapytałeś mnie, czemu wcześniej zaatakowałam tego mężczyznę."
IgnisVolcano_FlameShadow2_20	Dialogue	Yeah. Seeing how you're not hostile towards me, you don't seem like a bloodthirsty sort.	No tak. Sądząc po fakcie, że wobec mnie nie jesteś agresywna, to chyba musiało w tym być coś specjalnego.
IgnisVolcano_FlameShadow2_30	Dialogue	"""Indeed. When I saw the man from before, something buried deep within me suddenly surged to the surface. Before I even noticed, I found myself trying to attack him."" Based on the spirit's expression and mannerism, it did not seem to be hiding anything."	"""Faktycznie. Gdy zobaczyłam tego mężczyznę, coś zakopanego w głębi mnie nagle wypłynęło na powierzchnię. Kiedy się ocknęłam, to już było po zaatakowaniu go."" Sądząc po wyrazie twarzy i zachowaniu ducha, to nie wydawał się niczego ukrywać."
IgnisVolcano_FlameShadow2_40	Dialogue	"So a deep-seated grudge aimed towards the Ignis family head. In other words, towards the possessor of the Ignis flame that is passed from generation to generation,"" Alex muttered to himself. ""I think I can see where this is going."	"A więc głęboko żywiona uraza wobec głowy rodziny Ignis. Innymi słowa, osoby będącej w posiadaniu ognia Ignis, który był przekazywany z pokolenia na pokolenie,"" Alex powiedział do siebie. ""Chyba widzę, do czego to zmierza."
IgnisVolcano_FlameShadow2_50	Dialogue	"Do you have any clues about my origin?"" the blazing shadow inquired. ""Truth to be told, I existed for quite a long time, and the memories from around the time of my creation are quite indistinct."	"Udało ci się wywnioskować w jaki sposób powstałam?"" zapytał się płonący cień. ""Prawdę powiedziawszy, to istnieje już długi czas, a wspomnienia z czasu mojego powstania są już mocno rozmyte."
IgnisVolcano_FlameShadow2_60	Dialogue	"""Based on what I've learned about the Ignis energy and this whole region, here's my theory,"" Alex said as he gathered his thoughts."	"""Z tego co dowiedziałem się o energii Ignis i całym tym regionie, moja teoria jest następująca,"" powiedział Alex gdy zebrał swoje przemyślenia."
IgnisVolcano_FlameShadow2Remnant_0	Dialogue	You were most likely created when the original Ignis flame creator died at the hands of first Ignis family head.	Najprawdopodobniej zostałaś stworzony gdy twórca płomienia Ignis został zabity przez pierwszą głowę rodziny Ignis.
IgnisVolcano_FlameShadow2Family_0	Dialogue	I know a similar shadow. You are most likely from the same family: that guy represents energy of darkness, while you represent energy of fire.	Dane mi było spotkać podobny cień. Jesteś zapewne z tej samej rodziny: tamten reprezentuje energię ciemności, a ty energię ognia.
IgnisVolcano_FlameShadow2Evolution_0	Dialogue	I've seen the fire elementals roaming around here. You are most likely an evolved form of them that gained sentience.	Widziałem żywiołaki ognia chodzące w pobliżu. Zapewne jesteś ich wyewoluowaną formą, która zyskała świadomość.
IgnisVolcano_FlameShadow2Family_10	Dialogue	I know a similar shadow. You are most likely from the same family: that guy represents energy of darkness, while you represent energy of fire.	Dane mi było spotkać podobny cień. Jesteś zapewne z tej samej rodziny: tamten reprezentuje energię ciemności, a ty energię ognia.
IgnisVolcano_FlameShadow2Family_20	Dialogue	"From the same family, eh?"" the blazing shadow said as it seemed somewhat unsettled. ""I think I know the guy you're talking about. And he's both older and much more powerful than me. Why would that be?"	"Z tej samej rodziny?"" płonący cień wydawał się być nieco niepocieszony. ""Chyba kojarzę, o kim mowa. I jest on zarówno starszy jak i o wiele potężniejszy niż ja. Z czego miałoby to wynikać?"
IgnisVolcano_FlameShadow2Family_30	Dialogue	"""I don't know. Maybe some elements are inherently stronger?"" Alex muttered, but he was quickly losing confidence in his answer. Maybe it was not the correct deduction after all."	"""Nie wiem. Może niektóre energie są silniejsze od innych?"" Alex powiedział, ale szybko tracił pewność w znalezioną odpowiedź. Może jego dedukcja jednak nie była zbyt trafna."
IgnisVolcano_FlameShadow2Evolution_10	Dialogue	I've seen the fire elementals roaming around here. You are most likely an evolved form of them that gained sentience.	Widziałem żywiołaki ognia chodzące w pobliżu. Zapewne jesteś ich wyewoluowaną formą, która zyskała świadomość.
IgnisVolcano_FlameShadow2Evolution_20	Dialogue	"Are you really sure?"" the blazing shadow asked as it seemed obviously unconvinced. ""I've roamed this mountain for around 200 years, and I've never seen any of them change significantly. They can increase in size and strength, but never when it comes to intelligence or complexity."	"Jesteś pewny?"" płonący cień zapytał bez przekonania. ""Chodzę po tej górze przez blisko 200 lat, a nigdy nie spotkałam się z żadnym, który by tak znacząco się zmienił. Mogą zwiększyć rozmiar i siłę, ale ich inteligencja i poziom skomplikowania pozostaje zawsze ten sam."
IgnisVolcano_FlameShadow2Evolution_30	Dialogue	"""Yeah, now that I think about it, you do seem to have quite a different nature. Energy might change over time, but not to <i>that</i> extent,"" Alex said with a sigh. This theory seemed to be a bust."	"""Faktycznie, jeśli się przyjrzeć, to masz nieco inną naturę od nich. Energia może się zmienić z upływem czasu, ale nie do <i>tego</i> stopnia,"" powiedział Alex i westchnął. Ta teoria wyglądała na niewypał."
IgnisVolcano_FlameShadow2Remnant_10	Dialogue	"You were most likely created when the original Ignis flame creator died at the hands of first Ignis Family head."" Alex said as he remember everything he learned back in the Ignis Manor. ""If I'm correct, you are probably tied to the weapon the creator used, probably a greatsword."	"Najprawdopodobniej zostałaś stworzony gdy twórca płomienia Ignis został zabity przez pierwszą głowę rodziny Ignis."" Alex powiedział gdy przypomniał sobie o wszystkim, czego się nauczył w Dworze Ignis. ""Jeśli mam rację, to jesteś prawdopodobnie przywiązana do broni, której używał twórca płomienia, najprawdopodobniej jakiś wielki miecz."
IgnisVolcano_FlameShadow2Remnant_20	Dialogue	"Yeah, I'm permanently tethered to the Dragon's Maw greatsword that is stuck at the top of this mountain."" The spirit said, somewhat surprised that Alex was able to figure that out. ""But that doesn't answer to question of <i>what</i> I am, exactly."	"Faktycznie jestem na stałe przywiązana do ostrza 'Smocza Paszcza', które jest wetknięte u szczytu tej góry."" Duch wydawał się nieco zaskoczony, że Alexowi udało się tyle wywnioskować. ""Ale to nie odpowiada na pytanie <i>czym</i> tak właściwie jestem."
IgnisVolcano_FlameShadow2Remnant_30	Dialogue	"Trust me, I wish I knew,"" Alex said with a sigh. ""In your case, explaining the 'how' is much easier than explaining the 'why'."	"Zaufaj mi, chciałbym wiedzieć,"" Alex powiedział i westchnął. ""W twoim przypadku, odpowiedź na pytanie 'jak' jest o wiele łatwiejsza niż 'dlaczego'."
IgnisVolcano_FlameShadow2Remnant_40	Dialogue	"Who knows, maybe you'll learn more as you keep scaling the mountain,"" the blazing shadow said as it turned its gaze towards the summit. ""The Dragon's Maw is getting more unstable with each passing day. Trying to navigate the mountain should be virtually impossible, but I might be able to assist you."	"Kto wie, może dowiesz się więcej gdy będziesz wspinał się po tej górze,"" płonący cień powiedział i zwrócił wzrok w stronę szczytu. ""Paszcza Smoka stawała się bardziej niestabilna z każdym upływającym dniem. Znalezienie ścieżki w tej sytuacji graniczyłoby z cudem, ale może uda mi się nieco w tej kwestii pomóc."
IgnisVolcano_FlameShadow2Remnant_50	Dialogue	How exactly?	W jaki sposób?
IgnisVolcano_FlameShadow2Remnant_60	Dialogue	I'll try to temporarily stop the flow of fire energy, allowing you to move forward. Be careful though: some suspicious but relatively strong people have been coming to this mountain.	Spróbuję tymczasowo zatrzymać przepływ ognistej energii, pozwalając ci dostać się bliżej szczytu. Ale uważaj: niektórzy podejrzani ale potężni ludzie ostatnio kręcą się w tej okolicy.
IgnisVolcano_FlameShadow2Remnant_70	Dialogue	"Probably Drake's vanguard,"" Alex said with a sigh. ""He'll try to regain his energy by coming here, so they're here to prepare everything. Guess I won't get past them without a fight."	"Zapewne gwardia Drake,"" Alex powiedział z grymasem na twarzy. ""Spróbuje odzyskać energię przychodząc w to miejsce, więc musi najpierw wszystko przygotować. Raczej nie uda mi się przejść obok nich bez walki."
IgnisVolcano_FlameShadow2Remnant_80	Dialogue	"""Good luck. I'll go ahead and look for a path forward,"" the shadow said as it once again disappeared in a burst of flames."	"""Powodzenia. Ja poszukam drogi na szczyt,"" duch powiedział i raz jeszcze zniknął w wybuchu płomieni."
IgnisVolcano_Blaine1_0	Dialogue	"""No good. There's no way we can get any closer from this angle."" There was clear frustration visible on Blaine's face."	"""Nie ma szans. Z tej strony nie ma jakoś się dostać."" Na twarzy Blaine-a widać było ewidentną frustrację."
IgnisVolcano_Blaine1_10	Dialogue	"Don't worry. I think another path should open up soon,"" Alex said. As if on cue, one of the flame rivers suddenly halted its flow. ""We should be able to reach the top if we go that way."	"Bez obaw. Coś tak czuję, że zaraz otworzy się inne przejście,"" powiedział Alex. Gdy skończył mówić, jedna z rzek ognia nagle zatamowała swój przepływ. ""Powinniśmy być w stanie dojść na szczyt jeśli pójdziemy tamtą drogą."
IgnisVolcano_Blaine1_20	Dialogue	"Blaine seemed suspicious of the sudden development. ""You seem to have become quite intimate with this mountain. More so than all the Ignis leaders combined."""	"Blaine nie ukrywał, że był podejrzliwy. ""Coś nagle bardzo blisko zapoznałeś się z tą górą. Bardziej niż wszyscy poprzedni przywódcy Ignis razem wzięci."""
IgnisVolcano_Blaine1_30	Dialogue	"""Well, I think most non-Ignis people would have just as much success,"" Alex said as he shrugged his shoulders."	"""Coś tak czuję, że większość ludzi spoza Ignis odniosłoby podobny sukces,"" Alex powiedział i wzruszył ramionami."
IgnisVolcano_Blaine1_40	Dialogue	"I think I can see what's going on here,"" Blaine said as he seemed to have realized something. ""Judging from your behavior earlier, you're seeing a shadowy thing that nobody else can see."	"Chyba widzę, co się tu dzieje,"" Blaine powiedział w nagłym przypływie natchnienia. ""Sądząc po twoim niedawnym zachowaniu, to jesteś w stanie widzieć jakąś cienistą istotę, której nikt inny nie dostrzega."
IgnisVolcano_Blaine1_50	Dialogue	"Taken off-guard by how spot-on Blaine was, Alex flinched. ""Yeah, I guess you could say that."""	"Zbity z tropu przez niebywale trafne spostrzeżenie, Alex się wzdrygnął. ""Tak, można by tak powiedzieć."""
IgnisVolcano_Blaine1_60	Dialogue	"That is mysterious though. Aren't you being much less wary in this case?"" Blaine said, referencing Alex's story from earlier today. He did not seem to fully trust the shadow that supposedly granted him his 'regression' ability. ""Why are you trusting this different shadowy thing to lead you through this mountain?"	"Jest to dosyć zastanawiające. Jakoś w tym przypadku wykazujesz się o wiele większym zaufaniem,"" Blaine powiedział, nawiązując do opowieści Alexa opowiedzianej wcześniej. Wydawał się w pełni nie ufać cieniowi, który rzekomo obdarzył go umiejętnością 'regresji'. ""Co sprawia, że akurat tej cienistej istocie ufasz w poprowadzeniu cię bezpiecznie na szczyt?"
IgnisVolcano_Blaine1_70	Dialogue	"Instincts, I guess?"" Alex said as he shrugged his shoulders. ""Besides, a clumsy plot that would lead me to fiery death is the last thing I'm afraid of, given my ability."	"Może instynkt?"" Alex powiedział i wzruszył ramionami. ""Zresztą dzięki mojej umiejętności, niezdarna pułapka kończąca się moją śmiercią to ostatnia rzecz, której się boję."
IgnisVolcano_Blaine1_80	Dialogue	"""Guess I should let you lead the way then,"" Blaine said as he showed a wry smile."	"""W takim razie może lepiej, żebyś ty szedł przodem,"" powiedział Blaine z wymuszonym uśmiechem."
IgnisVolcano_FlameShadow3_0	Dialogue	"""No good. We won't be getting past this river quite so easily,"" the flame shadow said as it noticed Alex approaching."	"""Nie da rady. Tej rzeki tak łatwo nie przejdziemy,"" płonący cień powiedział, gdy zauważył zbliżającego się Alexa."
IgnisVolcano_FlameShadow3_10	Dialogue	Wouldn't it possible to temporarily stem the flow by extinguishing all the fire elementals prowling around here?	A nie dałoby się może tymczasowo wstrzymać przepływu gdyby pokonać wszystkie żywiołaki ognia wędrujące w tych okolicach?
IgnisVolcano_FlameShadow3_20	Dialogue	"""Right! With the proper technique, you could reverse the energy stream that connects them to this mountain and temporarily short-circuit this particular leyline! I would have never come up with such a brilliant idea myself!"" the shadow said, obviously over-interpreting what was actually a brute-force solution."	"""Faktycznie! Używając odpowiedniej techniki, możliwe by było odwrócić strumień energii który łączy ich z tą górą i tymczasowo wywołać krótkie spięcie w tym węźle energetycznym! Sama nie dałabym rady wpaść na taki wspaniały pomysł!"" powiedział cień, w oczywisty sposób nad-interpretując coś, co było zwykłym siłowym rozwiązaniem."
IgnisVolcano_FlameShadow3_30	Dialogue	"""Uh, yeah, let's go with that,"" Alex said as he forced a smile on his face. It hurt his pride a bit that a recluse spirit came up with a more intelligent solution than he did, but all that mattered was to get the job done."	"""No tak, czemu by nie,"" Alex powiedział z wymuszonym uśmiechem. Trochę zabolał go fakt, że żyjący w odosobnieniu duch wymyślił bardziej inteligentne rozwiązanie problemu. Ale liczył się jedynie efekt końcowy."
IgnisVolcano_FlameShadow3_40	Dialogue	Once all the fire elementals are dealt with, I shall gather their energy into myself. I might go a bit berserk, but if you defeat me in that state, it should be as effective as slaying a hundred roaming fire elementals.	Gdy już poradzisz sobie z wszystkimi żywiołakami, to zbiorę ich energię w siebie. Mogę przez to wpaść w szał i atakować wszystko w pobliżu, ale jeśli pokonasz mnie gdy będę w tym stanie, to będzie to bardziej efektywne niż pokonanie stu żywiołaków.
IgnisVolcano_FlameShadow3_50	Dialogue	Wait, are you suggesting I should kill you!?	Zaraz, sugerujesz żebym cię zabił?
IgnisVolcano_FlameShadow3_60	Dialogue	"I'm not sure if the word 'kill' applies to me, given the nature of my existence..."" The blazing shadow seemed lost in its thoughts for a few moments. ""Worry not about my well-being. My dispersed energy will simply return to the Dragon's Maw. I'll be out and roaming about just a few moments later."	"To słowo chyba nie do końca pasuje do bytów takich jak ja..."" Płonący cień wydawał się intensywnie nad czymś myśleć. ""O moje zdrowie się nie martw. Rozproszona energia po prostu powróci do Smoczej Paszczy. Zanim się obejrzysz będę z powrotem w mojej obecnej formie."
IgnisVolcano_FlameShadow3_70	Dialogue	"""Interesting. I'll trust that you know what you're doing,"" Alex said as realized that he just learned a particularly important piece of information. ""So shadows like you can only be destroyed by going after the medium that houses you,"" he muttered as he decided to keep that in his mind."	"""Ciekawe. Wierzę na słowo, że wiesz co robisz,"" powiedział Alex gdy zdał sobie sprawę z faktu, że właśnie dowiedział się czegoś bardzo istotnego. ""Więc cienie takie jak ty mogą być zniszczone tylko przez zaatakowanie medium, które was przechowuje,"" powiedział do siebie i zachował to w pamięci."
IgnisVolcano_FlameShadow4_0	Dialogue	"What an excellent duel that was,"" the blazing shadow said as it seemed to be smiling. It was obviously about to disappear. ""The flame river obstructing you from reaching the top should now be removed."	"Cóż to był za wspaniały pojedynek,"" powiedział płonący cień z uśmiechem na twarzy. Bez wątpliwości tylko chwilę dzieliły go od tymczasowego zniknięcia. ""Rzeka ognia blokująca cię przed wejściem na szczyt powinna być teraz tymczasowo zablokowana."
IgnisVolcano_FlameShadow4_10	Dialogue	"Thanks for your help,"" Alex said as he prepared to leave. But before doing that, he realized he did not yet ask the most important question. ""By the way, what are hoping to get out of helping me?"	"Dzięki za pomoc,"" Alex powiedział i przygotował się do drogi. Ale przed tym zdał sobie sprawę, że nadal nie zadał najważniejszego pytania. ""Tak przy okazji, co oczekujesz osiągnąć przez pomaganie mi?"
IgnisVolcano_FlameShadow4_20	Dialogue	"A proper conclusion."" Before Alex could further inquire about the shadow's cryptic words, it added, ""I were hurry if I were you: the man you were with before is approaching the summit, but he's not there alone. If you do not help him quickly, he may get backstabbed once again."	"Satysfakcjonującej konkluzji."" Zanim Alex mógł dopytać się o sens tajemniczych słów, cień dodał, ""Gdybym był tobą to bym się spieszył: mężczyzna który przyszedł z tobą zbliża się właśnie do szczytu, ale nie jest tam sam. Jeśli mu nie pomożesz, to zapewne raz jeszcze zostanie zdradzony."
IgnisVolcano_FlameShadow4_30	Dialogue	"""I'll be on my way then,"" Alex said in a hurry as the shadow finally dispersed. The shadow's words from just now begged a lot of questions, but Alex had no time to ask any of them."	"""W takim razie nie tracę więcej czasu,"" Alex powiedział w pośpiechu gdy cień w końcu rozpłynął się w powietrzu. Miał w głowie wiele pytań odnośnie tego, co cień właśnie powiedział, ale Alex nie miał czasu na zadanie któregokolwiek z nich."
IgnisVolcano_Blaine2_0	Dialogue	"""Well, this is as close to the top as it gets,"" Blaine said as he looked at the inferno blazing close to them."	"""Bliżej szczytu już chyba dostać się nie damy rady,"" Blaine powiedział gdy zobaczył morze płomieni szalejące niedaleko."
IgnisVolcano_Blaine2_10	Dialogue	"You alright, Blaine?"" Alex asked as he looked all around them, searching for a potential enemy. ""I'll be straight with you: I think the reason why the volcano end up erupting is that you are about to get back-stabbed by someone."" Seeing that there was nobody nearby for now, Alex decided to ask: ""Who did you get the information about increased activity from?"	"Wszystko w porządku, Blaine?"" Alex zapytał się i rozejrzał się wokoło, szukając potencjalnego wroga. ""Powiem wprost: wydaje mi się, że wulkan wybuchnął w poprzednim cyklu przez to, że ktoś cię w tym miejscu zdradził."" Widząc, że nikogo innego nie było w pobliżu, Alex zapytał się: ""Od kogo otrzymałeś informację o zwiększonej aktywności wulkanu?"
IgnisVolcano_Blaine2_20	Dialogue	"Nathalie mentioned it from time to time, but it was Colten who pushed for an investigation,"" Blaine said with a sigh as he seemed to have realized something. ""Guess the time of the Inheritance Ceremony is nigh."	"Nathalie wspominała o tym od czasu do czasu, ale to Colten nalegał, że należy to pilnie zbadać,"" Blaine powiedział i westchnął. Najwidoczniej właśnie zdał sobie z czegoś sprawę. ""Wygląda na to, że przyszła pora na Ceremonię Dziedziczenia."
IgnisVolcano_Blaine2_50	Dialogue	If this was just between the two of you, I would have kept quiet. But this whole ritual will lead to an explosion that will swallow the whole region!	Gdyby to tyczyło się tylko was dwóch, to siedziałbym cicho. Ale ten cały rytuał może doprowadzić do wybuchu, który pochłonie cały ten region!
IgnisVolcano_Blaine2_60	Dialogue	"""Getting backstabbed never triggered an eruption over the last 200 years. I don't see any reason why it should do so today,"" Blaine insisted stubbornly."	"""Zdrada nigdy nie spowodowała erupcji przez ostatnie 200 lat. Nie widzę powodu, czemu miałaby to zrobić dzisiaj,"" Blaine nalegał z uporem."
IgnisVolcano_Blaine2_70	Dialogue	"Did you forget that I <i>know</i> what is about to happen!?"" Alex could not stop himself from shouting. ""This is obviously not just your ordinary rite!"	"Zapomniałeś już, że ja <i>wiem</i> co się ma wydarzyć!?"" Alex nie mógł się powstrzymać od krzyku. ""To oczywiste, że to nie jest zwykły rytuał!"
IgnisVolcano_Blaine2_80	Dialogue	"Spurned by Alex's words, Blaine fell deeply into thought. ""The 'Inheritance Ceremony' has actually never been performed right next to the volcano. Maybe coming to this place is the trigger?"""	"Słowa Alexa sprawiły, że Blaine zaczął intensywnie myśleć. ""'Ceremonia Dziedziczenia' nigdy nie została przeprowadzona na szczycie wulkanu. Może wybór miejsca jest powodem wybuchu?"""
IgnisVolcano_Blaine2_90	Dialogue	"...Same circumstances as 200 years ago, same potential output,"" Alex said as he could finally see the whole picture. ""Anyway, the first priority is getting you as far away from this place as possible."	"...Te same okoliczności jak 200 lat temu, więc i ten sam rezultat,"" Alex powiedział gdy w końcu dostrzegł co się dzieje. ""Tak czy inaczej, głównym priorytetem jest zabranie cię jak najdalej z tego miejsca."
IgnisVolcano_Blaine2_100	Dialogue	"""I'm afraid it's too late for that,"" Blaine said as he turned his attention to a spot some distance away. It seemed like Ignis family members could detect each other more easily than just regular Enforcers."	"""Obawiam się, że na to już za późno,"" Blaine powiedział i zwrócił się w stronę pewnego miejsca nieco dalej. Wyglądało na to, że członkowie rodziny Ignis byli w stanie wyczuć się nawzajem o wiele łatwiej niż inni Autarchowie."
IgnisVolcano_Blaine2_110	Dialogue	"""...Don't you have anything better to do than getting in my way, Alex Wester?"" Colten said as he finally revealed himself."	"""...Nie masz nic lepszego do roboty niż wchodzenie mi w drogę, Alex Wester?"" Colten zapytał się gdy w końcu wyszedł z ukrycia."
IgnisVolcano_Blaine2_120	Dialogue	"""You're making it too easy for me,"" Alex said as he shrugged his shoulders. He was feeling triumphant: now that he figured out his opponent's aim and current position, stopping someone of Colten's caliber should not be an issue."	"""Przykro mi, ale jest to zbyt łatwe by nie skorzystać,"" Alex powiedział i wzruszył ramionami. Wypełniło go uczucie triumfu: teraz gdy już znał pozycję i cel wroga, to zatrzymanie kogoś na poziomie Coltena nie powinno być problemem."
IgnisVolcano_Blaine2_130	Dialogue	"""That's what I should be saying,"" Colten said with a grin. Suddenly, a metallic sound reverberated from next to Alex. Once he turned his eyes, he could see a piece of metal protruding from Blaine's chest, siphoning his energy."	"""Wyjąłeś mi to z ust,"" Colten powiedział z uśmiechem. Metaliczny dźwięk nagle rozszedł się z niedaleka. Gdy zwrócił swoje oczy ku źródłu, Alex zobaczył kawałek metalu wystający z piersi Blaine-a, wysysający jego energię."
IgnisVolcano_Blaine2_140	Dialogue	"""You- just-... how!?"" Alex struggled to formulate a coherent sentence as he unsheathed his weapon. The Colten that was speaking with Alex just moment ago was now nowhere to be seen, his newfound position being right behind his father's back. When a technique was about to be used, it was accompanied by a spike in energy being channeled. Colten showed no such sign, catching Alex completely off-guard."	"""Ty- co właśnie... jak!?"" Przez chwilę Alex nie był w stanie skonstruować poprawnego zdania i przygotował broń. Colten który rozmawiał z Alexem jeszcze chwilę temu znikł jakby nigdy go nie było, a jego nowa pozycja to było miejsce tuż za plecami swojego ojca. Użyciu techniki zawsze towarzyszyło wzrośnięcie zużycia energii. Colten nie przejawił żadnego takowego znaku, biorąc Alexa kompletnie z zaskoczenia."
IgnisVolcano_Blaine2_150	Dialogue	"Overconfidence is a nasty habit, almighty Alex Wester,"" Colten said with a joyful smile as he let go of his blade's handle. ""I assume you won't hold it against me, father? You <i>were</i> the one who always taught me that betrayal is how the Ignis grow stronger."	"Nadmierna pewność siebie to kiepski nawyk, wszechmocny Alex Wester,"" Colten powiedział z uśmiechem na całą twarz i puścił rękojeść. ""Zakładam, że nie masz nic przeciwko temu co zrobiłem, ojcze? To <i>ty</i> zawsze mnie uczyłeś, że zdrada czyni Ignis silniejszymi."
IgnisVolcano_Blaine2_160	Dialogue	"Of... course..."" Blaine said as he tried to keep himself from falling. ""With this... my duty is... fulfilled."	"Rzecz... jasna..."" Blaine powiedział gdy z trudem powstrzymywał się przed upadkiem. ""W ten sposób... wykonałem swój... obowiązek. "
IgnisVolcano_Blaine2_170	Dialogue	"Not even a single complaint?"" Colten said without hiding his disgust. ""So you weren't kidding all this time. Sorry to disappoint you, but I won't let myself get backstabbed by anyone, so this honorable tradition dies with you."	"Żadnego narzekania?"" Colten powiedział nie kryjąc swojej odrazy. ""Więc wcale nie żartowałeś cały ten czas. Przykro mi być zawodem dla rodziny, ale nie zamierzam się dać nikomu zdradzić, więc ta honorowa tradycja umiera razem z tobą."
IgnisVolcano_Blaine2_180	Dialogue	"""That's your... freedom,"" Blaine said as he let out a painful chuckle."	"""Twój... wolny wybór,"" Blaine powiedział i zaśmiał się mimo bólu."
IgnisVolcano_Blaine2_190	Dialogue	"""...Seriously disturbing. Why does the Ignis Family have to be chock-full of psychos?"" he said with a sigh as he took the 'Plunderer' from Blaine's grip, then turned towards Alex. ""I'd love to stay and try out my newfound powers, but I don't think this place is gonna last."" As if on cue, the heart of the blazing storm on top of the summit started raging."	"""...Zaraz się porzygam. Czemu Rodzina Ignis jest pełna tego typu psycholi?"" powiedział i westchnąwszy wyrwał 'Grabieżcę' z dłoni Blaine-a, po czym zwrócił się w stronę Alexa.""Z chęcią zostałbym tutaj i wypróbowałbym moje nowe moce, ale to miejsce raczej długo już nie wytrzyma."" Gdy Colten wypowiedział te słowa, serce ognistego sztormu na szczycie wulkanu zaczęło szaleć jeszcze mocniej."
IgnisVolcano_Blaine2_200	Dialogue	"""Shit!"" Alex cursed as he saw the situation getting out of control. Blaine was losing blood fast, and there was nobody nearby who could provide sufficient medical aid."	"""Cholera!"" Alex zaklął gdy zobaczył, że sytuacja wymyka się spod kontroli. Blaine szybko tracił krew, a wokoło nie było nikogo zdolnego udzielić mu odpowiedniej pomocy."
IgnisVolcano_Blaine2_210	Dialogue	"""Thanks for worrying... but I'm afraid... it's no use,"" Blaine said and fell to the ground. Given the inferno that started raging all around, he had no hopes for survival."	"""Dzięki za troskę... ale obawiam się... że nic to nie da,"" Blaine powiedział i upadł na ziemię. Biorąc pod uwagę inferno szalejące wokół niego, nie miał on żadnych szans na przeżycie."
IgnisVolcano_Blaine2_220	Dialogue	"""...You think I'm going to just let it go like this, Colten!?"" Alex said as he grit his teeth. He did not like the Ignis Family. One could even say that he hated it. Needless to say, Blaine was no exception. But this was not an ending he was willing to accept."	"""...Myślisz, że od tak po prostu pozwolę, że ujdzie ci to na sucho, Colten!?"" Alex krzyknął i zacisnął zęby. Nie przepadał za Rodziną Ignis. Można by wręcz powiedzieć, że jej nienawidził. Blaine nie był tutaj wyjątkiem. Ale to nie był koniec życia, na jaki ktokolwiek mógł zasłużyć."
IgnisVolcano_Blaine2_230	Dialogue	"""I'll make sure that this never happened,"" Alex said as he gave Blaine's lifeless body one last look before evacuating from the volcano. His business with the Ignis Family was finished for now, but he would have plenty to do in the next cycle."	"""Sprawię, że to się nigdy nie stało,"" Alex powiedział gdy po raz ostatni spojrzał na zwłoki Blaine-a, po czym uciekł ze szczytu wulkanu. Na razie nie miał nic do zrobienia w kwestii Rodziny Ignis, ale miał zdecydowanie sporo zaplanowanego na następny cykl."
IgnisManor_Cycle3Intro_0	Dialogue	"As Alex approached the Ignis Manor, he quickly realized that something was terribly wrong. ""Excuse me, do you know where Blaine is at the moment?"" he asked the closest knight."	"Gdy Alex zbliżał się do Dworu Ignis, szybko zdał sobie sprawę, że coś było nie tak. ""Przepraszam, ale czy wiesz może gdzie jest obecnie Blaine?"" zapytał najbliższego rycerza."
IgnisManor_Cycle3Intro_10	Dialogue	"That's strictly confidential,"" the knight answered with a stern expression. It was impressive that he held his ground against Alex without blinking an eye. ""I'm certainly not giving that information to an outsider."	"Jest to ściśle tajna informacja,"" rycerz powiedział z niezbyt przychylnym wyrazem twarzy. Alex był pod wrażeniem, że mężczyzna nie ugiął się przed nim nawet o milimetr. ""Z pewnością nie podzielę się tą informacją z kimś z zewnątrz."
IgnisManor_Cycle3Intro_20	Dialogue	"Just tell me one thing: he's not at the Ignis Volcano, right?"" Alex asked with an almost pleading tone of voice. ""Because if he is, then he's in dire danger of dying."	"W takim razie powiedz mi tylko jedno: nie poszedł do Wulkanu Ignis, prawda?"" Alex zapytał się z niemalże błagalnym tonem głosu. ""Bo jeśli tak, to może lada chwila umrzeć."
IgnisManor_Cycle3Intro_30	Dialogue	"The knight bit his lip, but refused to speak. And yet, that one gesture was everything Alex needed to figure out the rest. ""Damn it,"" he swore under his breath. ""Guess I got complacent <i>again</i>. Let's just hope I'm not too late,"" Alex said to himself as he decided to enter the Ignis Volcano yet again."	"Rycerz zagryzł wargi, ale nic nie odpowiedział. Jednak sam wyraz twarzy wystarczył Alexowi, by wywnioskować całą resztę. ""Niech to szlag,"" zaklął pod nosem. ""<i>Znowu</i> byłem zbyt lekceważący. Pozostaje mieć nadzieję, że tym razem nie jest za późno,"" Alex powiedział do siebie i udał się raz jeszcze w stronę Wulkanu Ignis. "
IgnisVolcano_FinalVolcano_0	Dialogue	"""...Damn, is it too late!?"" Alex cursed under his breath as he could feel a massive energy spike emanating from the volcano summit."	"""...Niech to szlag, już za późno!?"" Alex zaklął pod nosem gdy wyczuł ogromny wybuch energii dochodzący ze szczytu wulkanu."
IgnisVolcano_FinalVolcano_10	Dialogue	"But as he approached, a completely unexpected sight awaited him. ""...Not this time!"" A dark-colored suit of armor threw itself in front of the blade that was heading straight for Blaine's back. It was frail and easily crumbled under the pressure, but nonetheless managed to minimize the damage."	"Ale gdy zaczął się zbliżać, powitał go niespodziewany widok. ""...Nie tym razem!"" Ożywiona zbroja o ciemnym kolorze rzuciła się przed ostrze lecące wprost w plecy Blaine-a. Zbroja była krucha i szybko ugięła się pod naciskiem, ale mimo wszystko nieco zmniejszyła obrażenia."
IgnisVolcano_FinalVolcano_20	Dialogue	"Lucky you. You get to bleed out for a few extra minutes,"" Colten said as he looked at his father with disdain. He picked up the Plunderer and turned towards Alex who only just arrived. ""Late as always. According to Drake, you can no longer turn back the clock, so I can finally drop the pretense."	"Masz szczęście. Teraz możesz się wykrwawiać dodatkowe kilka minut,"" Colten powiedział, po czym popatrzył się na swego ojca z pogardą. Podniósł Grabieżcę i zwrócił się w stronę Alexa, który dopiero co przybył. ""Jak zwykle spóźniony. Według Drake nie jesteś już w stanie cofnąć zegara, więc teraz mogę przestać udawać."
IgnisVolcano_FinalVolcano_30	Dialogue	"""So you were in cahoots with Drake after all?"" Alex said as his expression hardened."	"""Więc faktycznie się sprzymierzyłeś się z Drake?"" Alex powiedział z grymasem na twarzy."
IgnisVolcano_FinalVolcano_40	Dialogue	"Can you blame me? You were supposed to be as well, but decided to rebel for some useless reason."" Seeing that the volcano was starting to erupt, Colten threw one last glance in his father's direction and sighed. ""Surely you're not going to preach to me, are you? Not after all you've yourself."	"A czy możesz mnie winić? Ty też miałeś się z nim sprzymierzyć, ale postanowiłeś się mu postawić z jakiegoś niezrozumiałego powodu."" Widząc, że wulkan lada chwila wybuchnie, Colten po raz ostatni rzucił okiem w stronę swojego ojca, po czym westchnął. ""Z pewnością nie zaczniesz teraz mnie moralizować, prawda? Nie po wszystkim, co sam zrobiłeś."
IgnisVolcano_FinalVolcano_50	Dialogue	"Unlike how it was in previous cycle, this time Blaine seemed much less willing to roll over and die. ""Do you truly think Ignis can survive by groveling under Drake?"""	"W przeciwieństwie do poprzedniego cyklu, tym razem Blaine był o wiele mniej skłonny by po cichu przyjąć śmierć. ""Naprawdę myślisz, że Ignis przetrwa pod butem Drake?"""
IgnisVolcano_FinalVolcano_60	Dialogue	"We thrive on betrayal,"" Colten said as he shrugged his shoulders. ""I always thought we were in this whole 'Western Alliance' because we were planning to backstab them. And now that I have Drake's trust, I could always betray him if he doesn't live up to my expectations."	"Specjalizujemy się w zdradzie,"" Colten powiedział i wzruszył ramionami. ""Zawsze myślałem, że to całe 'Przymierze Anty-Drake' miało na celu danie nam dobrej szansy na zrobienie właśnie tego. A teraz gdy mamy zaufanie Drake, zawsze możemy go zdradzić, jeśli zawiedzie nasze oczekiwania."
IgnisVolcano_FinalVolcano_70	Dialogue	"""And how do you think that will work when he has precognition!?"" Blaine shouted despite coughing up blood."	"""Jak niby miałoby to działać z jego prekognicją!?"" Blaine krzyknął mimo plucia krwią."
IgnisVolcano_FinalVolcano_80	Dialogue	"I just need to draw power from the same source as him,"" Colten said as he once again shrugged his shoulders with a grin on his face as he turned towards Alex. ""What, did you think only you and Drake were the 'chosen ones' who could see it? With its power, I should be able to offset Drake's precognition."	"Po prostu muszę pić z tego samego źródła mocy, co on,"" Colten powiedział i raz jeszcze wzruszył ramionami. Z uśmiechem na twarzy obrócił się w stronę Alexa. ""Co, chyba nie myślałeś, że tylko ty i Drake byliście 'wybrańcami', którzy są w stanie to widzieć? Z tą pomocą powinienem być w stanie poradzić sobie z prekognicją Drake."
IgnisVolcano_FinalVolcano_90	Dialogue	"""...What a fool you are,"" Blaine said as he grit his teeth. ""An extremely powerful Energy Core is needed to have your wish granted, almost twice the size you currently have."" It seemed like Blaine gathered a lot of information during his meeting with Maginhart and Gerrald."	"""...Skończony idiota z ciebie,"" Blaine powiedział i zacisnął zęby. ""Do spełnienia życzenia potrzebny jest niebywale potężny Rdzeń Energii, prawie dwa razy większe niż ten, który obecnie posiadasz."" Wyglądało na to, że Blaine zebrał całkiem sporo informacji ze swojego spotkania z Maginhart i Gerraldem."
IgnisVolcano_FinalVolcano_100	Dialogue	"Stop spouting lies,"" Colten said as he seemed taken off-guard. ""I can see the Shadow, so I'm obviously more than strong enough!"	"Przestań łgać,"" Colten powiedział niewątpliwie wstrząśnięty. ""Skoro widzę ten Cień, to rzecz jasna jestem wystarczająco silny! "
IgnisVolcano_FinalVolcano_110	Dialogue	"I don't know how 'it' managed to make itself visible to you, but you're just a useful idiot. No, your usefulness just ran out, so not even that,"" Blaine said as he shook his head. ""No matter. I know you better than to try to convince you otherwise. It seems like Ignis will be headed for destruction under your leadership."	"Nie wiem jakim sposobem 'to' dało radę stać się dla ciebie widzialne, ale jesteś tylko użytecznym idiotą. Nie, twoja użyteczność dobiera końca, więc jesteś po prostu idiotą,"" Blaine powiedział i wstrząsnął głową. ""Bez znaczenia. Zbyt dobrze cię znam, by próbować cię teraz przekonać. Wygląda na to, że pod twoim przewodnictwem Ignis pędzi wprost ku zniszczeniu."
IgnisVolcano_FinalVolcano_120	Dialogue	"""Shut up!"" Colten shouted. ""Now that I'm here, you're just a loser, a relic of the old times! And nobody is going to backstab <i>me</i>! That stupid tradition dies with you!"" After saying his piece, the volcano started to erupt, prompting Colten to evacuate."	"""Zamknij się!"" Colten krzyknął. ""Jesteś tylko reliktem starych czasów, który przegrał! Teraz nadeszła moja era, a <i>mnie</i> nikt nie zdradzi! Ta głupia tradycja umrze razem z tobą!"" Po krzykach Coltena nastąpiła erupcja wulkanu, zmuszając Coltena do ewakuacji."
IgnisVolcano_FinalVolcano_130	Dialogue	"Well, no time to waste,"" Blaine said as he picked up the inferior version of the Plunderer that Colten tossed aside. ""We have quite a lot of work ahead of us, Alex."	"No nic, nie ma co tracić czasu,"" Blaine powiedział i podniósł gorszą wersję Grabieżcy, którą Colten wcześniej porzucił. ""Mamy sporo pracy przed sobą, Alex."
IgnisVolcano_FinalVolcano_140	Dialogue	"Blaine's familiar attitude took Alex off-guard. ""You... remember me? From the other cycles?"""	"Przyjazne nastawienie Blaine-a zbiło Alexa z tropu. ""Ty... pamiętasz mnie? Z poprzednich razy?"""
IgnisVolcano_FinalVolcano_150	Dialogue	"More than you think,"" Blaine said as swung the sword. Even that simple motion seemed to be quite straining for him, since he coughed up blood immediately after. ""When this animated armor... Sacrificed itself for me... It also shared its power with me. The power not to have my memory erased."	"Pamiętam więcej niż myślisz,"" Blaine powiedział i ciął mieczem powietrze. Ten prosty ruch okazał się całkiem obciążający, gdyż Blaine szybko zachłysnął się krwią. ""Gdy ten ożywiony pancerz... Poświęcił się dla mnie... Dodatkowo podzielił się ze mną swoją mocą. Mocą która pozwala przeciwstawić się usuwaniu pamięci."
IgnisVolcano_FinalVolcano_180	Dialogue	"""You should stop talking and let me get you a doctor,"" Alex said as he approached. He was stopped in his tracks by a gesture from Blaine."	"""Zamiast mówić powinieneś oszczędzać siły i czekać na pomoc doktora,"" Alex powiedział i podszedł bliżej. Ale jeden gest ze strony Blaine-a sprawił, że stanął w miejscu."
IgnisVolcano_FinalVolcano_190	Dialogue	"""It's useless,"" Blaine said as he shook his head with a determined look. ""If my assumptions are correct... Even if I survived during this 'Cycle'... My demise was confirmed the moment I died in the original timeline,"" he said, struggling to speak with each passing second."	"""To nic nie da,"" Blaine powiedział z determinacją w oczach. ""Jeśli moje założenia są prawdziwe... To nawet gdybym dożył do końca tego 'Cyklu'... To moja śmierć była zagwarantowana w momencie, gdy umarłem pod koniec oryginalnej wersji historii,"" Blaine powiedział, z coraz większym trudem wymawiając każde następne słowo."
IgnisVolcano_FinalVolcano_200	Dialogue	"""What do you mean?"" Alex asked, desperate to learn more about the timeline that started this whole cycle of regressions."	"""O czym ty mówisz?"" Alex zapytał, desperacko chcąc dowiedzieć się więcej o wersji historii która zapoczątkowała cykle regresji."
IgnisVolcano_FinalVolcano_210	Dialogue	"I died during week 40, so I don't know what happened in Penance,"" Blaine said as he adopted a fighting stance. ""But... There's one thing I can say for sure: don't get overly attached to this 'Cycle'. And don't trust the Shadow no matter the circumstances."	"Umarłem wtedy w tygodniu 40, więc nie wiem co wydarzyło się w Pokucie,"" Blaine powiedział i przygotował się do walki. ""Ale.. jedno mogę powiedzieć z absolutną pewnością: nie przywiązuj się zanadto do obecnego 'Cyklu'. I pod żadnym pozorem nie ufaj Cieniowi."
IgnisVolcano_FinalVolcano_220	Dialogue	"Seeing that Blaine was preparing to fight despite the state his body was in, Alex realized what he was trying to accomplish. ""So you want to pass on the last remnants of your Ignis energy?"""	"Widząc, że Blaine zamierza walczyć mimo obecnego stanu swojego ciała, Alex w końcu zdał sobie sprawę co próbuje on osiągnąć. ""Więc chcesz przekazać resztki energii Ignis, które nadal posiadasz?"""
IgnisVolcano_FinalVolcano_230	Dialogue	"""Indeed,"" Blaine said as he showed a care-free smile. ""I paid back the debt accrued as the leader of the Ignis family. From now on, I can do whatever I wish to do as simply 'Blaine'."" Before Alex could ask any further questions, Blaine threw himself into battle with unprecedented zeal."	"""Dokładnie tak,"" powiedział Blaine nie tracąc swego beztroskiego uśmiechu. ""Spłaciłem już dług zaciągnięto jako przywódca rodziny Ignis. Od teraz, mogę robić co mi się żywnie podoba jako zwykły 'Blaine'."" Zanim Alex mógł o cokolwiek zapytać, Blaine rzucił się w wir bitwy z nieoczekiwanym zapałem."
IgnisVolcano_BlaineMidFightQuote_0	Dialogue	Colten never was particularly skilled with handling weapons. Expect a lot of fire-based techniques if you face off against him.	Colten nigdy nie był zbyt dobry we władaniu bronią. Walcząc z nim spodziewaj się dużo techników bazujących na płomieniach.
IgnisVolcano_BlaineMidFightQuote_10	Dialogue	Not... bad! Don't mind me, just need to... catch my breath.	Całkiem... nieźle! Nie przejmuj się mną, muszę tylko... wziąć parę oddechów.
IgnisVolcano_BlaineMidFightQuote_20	Dialogue	Guess... it's time... for me to go all out. Let me show you the true power of the 'Plunderer'. And remember: the techniques you prepared will determine which attack the Plunderer will unleash.	Chyba... pora na to... żebym dał z siebie wszystko. Pozwól, żebym pokazał ci prawdziwą moc 'Grabieżcy'. I pamiętaj: techniki które przygotowałeś zdecydują, jakie ataki Grabieżca jest w stanie wykonać.
IgnisVolcano_BlaineMidFightQuote_30	Dialogue	Not... yet. Just... a moment... longer. Just one... more... technique...	Jeszcze... nie. Jeszcze... chwilę... dłużej. Tylko jedna... technika... więcej...
IgnisVolcano_FarewellToBlaine_0	Dialogue	"""Alright... That's good enough... for me,"" Blaine said as he finally succumbed to his wounds and fell to his knees."	"""No dobrze... Tyle mi... wystarczy,"" Blaine powiedział, po czym w końcu uległ swoim ranom i upadł na kolana."
IgnisVolcano_FarewellToBlaine_10	Dialogue	"""...What exactly did you want to accomplish through all this?"" Alex asked. Seeing Blaine struggle to prolong the fight for even a second longer was an excruciating experience."	"""...Co właściwie próbowałeś osiągnąć poprzez to wszystko?"" Alex zapytał. Oglądanie jak Blaine starał się przedłużyć walkę choć o sekundę dłużej było wycieńczające."
IgnisVolcano_FarewellToBlaine_20	Dialogue	"I'm a dead man walking... Why should it matter... what I want at this point?"" Blaine said as he let out a pained chuckle. ""I gave this power to you on a whim. It's up to you what you do with it."	"Zostało mi kilka chwil życia... Co kogo obchodzi... co próbowałem osiągnąć?"" Blaine powiedział i zaśmiał się mimo bólu. ""Dałem ci tą siłę bo tak chciałem zrobić. To, jak z niej skorzystasz to już twoja sprawa."
IgnisVolcano_FarewellToBlaine_30	Dialogue	"Are you serious!?"" Alex shouted, unable to hold back any longer. ""There's obviously something you wanted to accomplish, something you wanted to prove! So out with it!"	"Czy ty jesteś poważny!?"" Alex krzyknął, nie będąc w stanie dalej utrzymać nerwów na wodzy. ""Ewidentnie coś chciałeś tym osiągnąć, coś udowodnić! Wyduś to z siebie!"
IgnisVolcano_FarewellToBlaine_40	Dialogue	"It's just a small... silly reason... really,"" Blaine said, each word leaving his mouth a pained effort. ""I wanted to settle it... once and for all. The betrayal... or the chivalry... in the end... which would come out on top?"	"Tak mały... głupi powód... niewarty uwagi,"" Blaine powiedział, każde wypowiadane słowo przekupione wielkim bólem. ""Chciałem rozwiązać to raz na zawsze. Zdrada... czy honor... które jest lepsze... i które wygra z tym drugim?"
IgnisVolcano_FarewellToBlaine_41	Dialogue	"...Fine then. Have it your way,"" Alex said as he decided against arguing with a dying man. ""Any last requests you can think of?"	"Niech będzie. Zrobimy to po twojemu,"" Alex powiedział, postanowiwszy nie kłócić się z umierającym mężczyzną. ""Masz może jakieś ostatnie życzenie?"
IgnisVolcano_FarewellToBlaine_42	Dialogue	"Just one,"" Blaine said as he gathered his strength for the last time. ""It's something... the armor that tried to save me wanted. And I mirror that sentiment."	"Tylko jedno,"" Blaine powiedział, po czym po raz ostatni zebrał siły. ""To coś... czego chciała zbroja, która mnie próbowała uratować. I ja też się z tym zgadzam."
IgnisVolcano_FarewellToBlaine_43	Dialogue	What exactly?	Czyli co dokładnie?
IgnisVolcano_FarewellToBlaine_44	Dialogue	"Smash those idiotic sword monuments,"" Blaine said with a wry smile on his face. ""From now on... let Ignis build something more lasting... than pathetic proofs of our arrogance. "	"Zniszcz te idiotyczne mieczo-monumenty,"" Blaine powiedział z bolesnym uśmiechem na twarzy. ""Od teraz... niech Ignis buduje coś bardziej trwałego... niż żałosne dowody naszej pychy."
IgnisVolcano_FarewellToBlaine_50	Dialogue	"Exhausted by the raging inferno and the fight that just ensued, Blaine finally succumbed to his wound, closing his eyes for good. ""Creators of the very first and newest addition are in accord, so who am I to disagree?"" Alex said as he raised his gaze towards the sky for a short moment."	"Wycieńczony szalejącym ogniem i walką, która właśnie się wywiązała, Blaine w końcu uległ poniesionym ranom i zamknął oczy na zawsze. ""Twórca pierwszego i ostatniego monumentu są w zgodzie, więc nie widzę powodu, by się nie zgodzić,"" Alex powiedział i uniósł wzrok ku niebu na krótką chwilę."
IgnisVolcano_FarewellToBlaine_51	Dialogue	"Exhausted by the raging inferno and the fight that just ensued, Blaine finally succumbed to his wound, closing his eyes for good. ""If the creator of the final addition say so, who am I to disagree?"" Alex said as he raised his gaze towards the sky for a short moment."	"Wycieńczony szalejącym ogniem i walką, która właśnie się wywiązała, Blaine w końcu uległ poniesionym ranom i zamknął oczy na zawsze. ""Skoro twórca ostatniego monumentu tak uważa, więc nie widzę powodu, by się nie zgodzić,"" Alex powiedział i uniósł wzrok ku niebu na krótką chwilę."
IgnisVolcano_FarewellToBlaine_60	Dialogue	"With renewed determination, Alex walked up to the blazing shadow whom he noticed from back during the duel. ""I don't know... how long... I can keep holding back... the eruption,"" the shadow said with a strained expression."	"Z odnowioną determinacją Alex podszedł do płonącego cienia, którego dostrzegł podczas poprzedniego pojedynku. ""Nie wiem... jak długo... dam radę... powstrzymywać erupcję,"" z wielkim trudem powiedział cień."
IgnisVolcano_FarewellToBlaine_70	Dialogue	"""No worries. Now I'm finally strong enough to do what needs to be done,"" Alex said as he gestured towards the summit."	"""Bez obaw. Teraz już jestem wystarczająco silny, by zrobić to co trzeba,"" Alex powiedział i wskazać na szczyt."
IgnisVolcano_FarewellToBlaine_80	Dialogue	In a few quick jumps, Alex found himself standing over the Dragon's Maw. Flames were spewing forth from within it in a seemingly endless fashion. Alex did not hesitate as he grasped the hilt and pulled out the weapon.	Wykonując kilka szybkich skoków, Alex stanął tuż przed Paszczą Smoka. Płomienie buchały z niej z nieustającą zawziętością. Bez wahania Alex chwycił za rękojeść i wyciągnął broń.
IgnisVolcano_FarewellToBlaine_90	Dialogue	"There was some resistance, but he was quickly able to bring the weapon under control. ""A strong enough person finally appeared,"" the blazing shadow said as its form started dissipating. ""This won't stop the chain reaction that's already underway, but it should minimize the damage."""	"Napotkał lekki opór, ale Alex był w stanie szybko przejąć kontrolę nad mieczem. ""W końcu doczekałam się przybycia kogoś wystarczająco silnego,"" płonący cień powiedział i zaczął zanikać. ""Nie powstrzyma to zapoczątkowanej reakcji łańcuchowej, ale powinno zminimalizować wywołane zniszczenia."""
IgnisVolcano_FarewellToBlaine_100	Dialogue	"""Are you going to disappear?"" Alex asked once he noticed what was happening to the shadow's body."	"""Zaraz znikniesz?"" Alex powiedział gdy zorientował się, co zaczęło się dziać z ciałem cienia."
IgnisVolcano_FarewellToBlaine_110	Dialogue	"I will be simply lying dormant, waiting for the right time to appear,"" the blazing shadow said as it showed a carefree smile. ""No matter how strong you are, you always need someone to watch your back."	"Po prostu będę leżeć w uśpieniu, oczekując na odpowiedni moment, by się znowu pokazać,"" płonący cień powiedział z beztroskim uśmiechem. ""Jakby się silnym nie było, to zawsze potrzebny jest ktoś, by pilnował twoich pleców."
IgnisVolcano_FarewellToBlaine_120	Dialogue	"""I'm not going to argue with that,"" Alex said as he took a long look from the top of the mountain. The flames no longer affected him. With this power, he would be able to counter Drake's Anima powers without much difficulty. But there was still one extra task left to do. And it was up to him whether he wanted to write the last chapter of Ignis history, or to leave Colten to his own devices."	"""Trudno się nie zgodzić,"" Alex powiedział i spojrzał ze szczytu góry w dół. Szalejące wokół płomienie już nie stanowiły dla niego zagrożenia. Z tą nową mocą, byłby w stanie przeciwdziałać siłom Anima używanym przez Drake. Alex została mu jeszcze jedna rzecz do zrobienia. Miał wybór, czy chciał dokończyć historię Ignis, czy pozostawić Coltena w spokoju."
IgnisVolcano_Mausoleum_0	Dialogue	"Written on the tombstone is the following phrase: ""Encased here for their betrayal, soul of this wretch yet yearns to lash out against others. Challenge and slay it so that you may claim their weapon as your own."""	"Na nagrobku wyryto następującą frazę: ""Zamknięci tutaj za swą zdradę, dusze tych szumowin nadal pragną tylko atakować wszystkich wokół. Rzuć im wyzwanie i pokonaj, by zdobyć ich broń na własność."""
IgnisVolcano_Mausoleum_10	Dialogue	Challenge the wielder of Retribution. *Begin combat*	Rzuć wyzwanie użytkownikowi Odwetu. *Rozpocznij walkę*
IgnisVolcano_Mausoleum_20	Dialogue	Challenge the wielder of Heavenly Halberd. *Begin combat*	Rzuć wyzwanie użytkownikowi Niebiańskiej Halabardy. *Rozpocznij walkę*
IgnisVolcano_Mausoleum_30	Dialogue	Challenge the wielder of Severance. *Begin combat*	Rzuć wyzwanie użytkownikowi Rozcięcia. *Rozpocznij walkę*
IgnisVolcano_Mausoleum_40	Dialogue	With a loud sound, a hollow armor awakens from nearby patch of ground. It is a matter of time before it lunges towards the closest moving thing it can find.	Z głośnym hukiem, ożywiona zbroja rozbudziła się spod niedalekiej grudki ziemi. Za kilka chwil rzuci się na najbliższą poruszającą się rzecz, którą znajdzie w pobliżu.
IgnisVolcano_Mausoleum_50	Dialogue	With a loud sound, a hollow armor awakens from nearby patch of ground. It is a matter of time before it lunges towards the closest moving thing it can find.	Z głośnym hukiem, ożywiona zbroja rozbudziła się spod niedalekiej grudki ziemi. Za kilka chwil rzuci się na najbliższą poruszającą się rzecz, którą znajdzie w pobliżu.
IgnisVolcano_Mausoleum_60	Dialogue	With a loud sound, a hollow armor awakens from nearby patch of ground. It is a matter of time before it lunges towards the closest moving thing it can find.	Z głośnym hukiem, ożywiona zbroja rozbudziła się spod niedalekiej grudki ziemi. Za kilka chwil rzuci się na najbliższą poruszającą się rzecz, którą znajdzie w pobliżu.
IgnisVolcano_SentientArmor_0	Dialogue	"""Not attacking?"" Alex said as he saw a seemingly sentient armor silently watching over a grave. It had no face, but Alex could feel a somber atmosphere seeping from it."	"""Nie atakujesz?"" Alex zapytał się na widok ożywionej zbroi w ciszy obserwującej nagrobek. Brak jej było twarzy, ale Alex wyczuwał płynącą z jej strony posępną atmosferę."
IgnisVolcano_SentientArmor_10	Dialogue	For better or worse, I still have my wits about me. If I ever degrade into prowling around and attacking everything in my sight, feel free to put my down. Unless, of course, you wish to kill me as I am right now.	Nie wiem czy to dobrze czy źle, ale nadal jestem w stanie samodzielnie myśleć. Jeśli kiedyś zniżę się do chodzenia bez celu i atakowania wszystkiego co napotkam, to nie krępuj się i mnie wykończ. No chyba, że wykończyć chcesz mnie i bez tego.
IgnisVolcano_SentientArmor_20	Dialogue	"""I don't make a habit out of bullying non-aggressive suits of armor,"" Alex said as he could not hold back his curiosity. Something about the entity in front of him was nagging at the back of his mind."	"""Jeszcze nie upadłem tak nisko, żeby znęcać się nad nieagresywnymi zbrojami,"" Alex powiedział. Nie mógł zapanować nad swoją ciekawością. W istocie siedzącej przed nim było coś, co nie pozwalało mu pozostać obojętnym."
IgnisVolcano_SentientArmorWhyStare_0	Dialogue	Why do you keep watching that grave?	Czemu obserwujesz ten grób?
IgnisVolcano_SentientArmorWhyExist_0	Dialogue	Well, illuminate me. How could the moon be responsible for anything?	No to oświeć mnie. Jakim sposobem księżyc mógłby być czemukolwiek winny?
IgnisVolcano_SentientArmorIdentity_0	Dialogue	I think I know who you were while you were still alive.	Chyba już wiem, kim byłeś za życia.
IgnisVolcano_SentientArmorIdentity_Requirement	Dialogue	Requires 300 Ignis Energy or examining the Ignis Museum weapon and armor	Wymaga 300 Energii Ignis lub sprawdzenia broni i zbroi w Muzeum Ignis
IgnisVolcano_SentientArmorWhyStare_10	Dialogue	"""Why do you keep watching that grave?"" Alex asked as he looked at the tombstone. There did not seem anything particularly out of the ordinary about it."	"""Czemu obserwujesz ten grób?"" Alex zapytał się gdy też przyjrzał się nagrobkowi. Nie znalazł w nim czegokolwiek niezwykłego."
IgnisVolcano_SentientArmorWhyStare_20	Dialogue	"I'm not too sure myself,"" the armor replied. ""Maybe I'm treating it as a penance? A self-inflicted punishment? Or maybe I just don't have anything better to do."	"Sam chciałbym wiedzieć,"" odparła zbroja. ""Może traktuje to jako pokutę? Samo-nałożoną karę? A może po prostu nie mam nic innego do roboty."
IgnisVolcano_SentientArmorWhyStare_30	Dialogue	"""Well... how long have you been staring at it for?"" Alex asked. He was not sure why he was trying to keep a conversation going with a sentient suit of armor, but he felt he could learn something useful from it."	"""No cóż... w takim razie jak długo się tam patrzysz?"" zapytał Alex. Nie był pewny, czemu tak usilnie kontynuował rozmowę z ożywioną zbroją, ale miał przeczucie, że może się od niej dowiedzieć czegoś ważnego."
IgnisVolcano_SentientArmorWhyStare_40	Dialogue	"Hmmm..."" the armor seemed to be contemplating something for a short while, perhaps calculating the amount of hours or days. ""Probably around 180 years? Not like I'm keeping count."	"Hmmm..."" zbroja zdawała się przez chwilę nad czymś zastanawiać, być może kalkulując ilość godzin lub dni. ""Pewnie coś około 180 lat? Nie powiem, żebym utrzymywał rachubę."
IgnisVolcano_SentientArmorWhyStare_50	Dialogue	"...That's a lot of grave-staring,"" Alex said, not quite sure how else to comment on that revelation. ""Wait, so you were around during the age of genesis, the beginning of history?"	"...To dosyć dużo gapienia się w grób,"" Alex powiedział, niepewny jak ma zareagować na to wyznanie. ""Zaraz, więc żyłeś w wieku powstania, na początku historii?"
IgnisVolcano_SentientArmorWhyStare_60	Dialogue	"""I'm not sure what exactly you're talking about, but back in the day, this mountain was just a regular place filled with greenery and animals. And I'm the one..."" the armor started saying, but then shook its head. Perhaps it decided against sharing its thoughts any further."	"""Nie jestem pewny o czym tak właściwie mówisz, ale za moich czasów ta góra była miejscem takim jak każde inne, pełnym zieleni i roślin. A to przeze mnie..."" zbroja zaczęła mówić, ale potrząsnęła głową. Być może zdecydowała nie dzielić się dalszymi przemyśleniami."
IgnisVolcano_SentientArmorWhyStare_70	Dialogue	"Wait, so there <i>did</i> exist a world more than 200 years ago, right?"" Alex said, unable to hide his excitement. ""It always seemed kind of weird how there are no records from before then."	"Zaraz, więc <i>istniał</i> świat wcześniej niż 200 lat temu, prawda?"" Alex zapytał, nie będąc w stanie opanował podekscytowania. ""Zawsze wydawało mi się dziwne że brak jakichkolwiek zapisków z tamtych czasów."
IgnisVolcano_SentientArmorWhyStare_80	Dialogue	"""Of course there would be no records. Not with that <i>thing</i> up in the sky,"" the armor said as it pointed upwards."	"""Oczywiście, że nie pozostało żadnych zapisków. Tak długo, jak na niebie pozostaje to <i>coś</i>,"" zbroja powiedziała i wskazała w górę."
IgnisVolcano_SentientArmorWhyStare_90	Dialogue	"When Alex followed the direction the armor was pointing at, the only thing he could see was the moon. Seeing Alex's dumbfounded expression, the armor made a motion as if it was sighing. ""So today's people are ignorant to <i>this</i> extent..."""	"Gdy Alex spojrzał w stronę, w którą pokazywała zbroja, jedyną rzeczą jaką dostrzegł był księżyc. Widząc, że Alex nie rozumie o co mu chodzi, zbroja wykonała gest przypominający westchnięcie. ""Więc ludzie żyjący w dzisiejszych czasach są aż <i>takimi</i> ignorantami..."""
IgnisVolcano_SentientArmorWhyExist_10	Dialogue	"""Well, illuminate me. How could the moon be responsible for anything?"" Alex asked, curiosity winning out against frustration."	"""No to oświeć mnie. Jakim sposobem księżyc mógłby być czemukolwiek winny?"" zapytał Alex. Ciekawość wygrała nad frustracją."
IgnisVolcano_SentientArmorWhyExist_20	Dialogue	"...The observer must be quite busy recently. Not even interrupting the conversation we're having right now,"" the armor said, somewhat surprised for whatever reason. ""Well, it's your gain. Fortunately for you, I'm not exactly afraid of getting erased."	"...Obserwujący musi być mocno czymś ostatnio zajęty. Nawet nie przerwał naszej obecnej rozmowy,"" zbroja powiedziała wydając się lekko zaskoczona. ""No cóż, twój zysk. Na szczęście dla ciebie, zostanie usuniętym nie wydaje mi się być specjalnie straszne."
IgnisVolcano_SentientArmorWhyExist_30	Dialogue	"""Erased?"" Alex asked, still not sure what the armor was suggesting."	"""Usuniętym?"" Alex zapytał, niepewny co takiego zbroja sugerowała."
IgnisVolcano_SentientArmorWhyExist_40	Dialogue	"""I can't tell you much, because I don't know much either. I was only a guard back during your so-called 'age of genesis'. You'd need to find a scholar or someone who was higher up if you want to get any details,"" the armor said."	"""Dużo nie mogę ci powiedzieć, bo też sam niewiele wiem. W czasach, które nazywacie 'wiekiem powstania' byłam tylko ochroniarzem. Musiałbyś znaleźć uczonego albo kogoś, kto wtedy był wysoko postawionym żeby dostać więcej informacji,"" powiedziała zbroja."
IgnisVolcano_SentientArmorWhyExist_50	Dialogue	What were you guarding exactly?	A co było celem twojej ochrony?
IgnisVolcano_SentientArmorWhyExist_60	Dialogue	"Project Observer,"" the armor said as it pointed towards the moon once again. ""Research into rebirth, immortality. You know, the usual stuff that the old, wealthy men who are afraid of death are interested in. And as you can see from this mountain, the research was at least partially successful."	"Projekt Obserwator,"" zbroja powiedziała i raz jeszcze wskazała na księżyc. ""Badania odnośnie nieśmiertelności i ponownych narodzin. Wiesz, to czym zajmują się na ogół starzy, bogaci i bojący się śmierci ludzie. I jak widać po obecnym stanie tej góry, to ich badania osiągnęły całkiem sporo."
IgnisVolcano_SentientArmorWhyExist_70	Dialogue	"Wait, let me digest this for a second,"" Alex said, a bit overwhelmed by the sudden onpour of information. ""So 200 years ago, some sort of research was conducted into immortality, and it has some connection to the moon?"	"Chwila, daj mi to sobie przemyśleć,"" powiedział Alex, nieco przytłoczony naporem informacji. ""Więc 200 lat temu odbyło się jakieś badanie odnośnie nieśmiertelności, i miało jakiś związek z księżycem?"
IgnisVolcano_SentientArmorWhyExist_80	Dialogue	"More or less,"" the armor said as it shrugged its shoulders nonchalantly. ""Add to that the fact that there was some 'patient zero' for the immortality procedure, who can now control the facility up in the moon, and you have almost all information that I know."	"Coś w tym stylu,"" zbroja powiedziała i nonszalancko wzruszyła ramionami. ""Dodaj do tego fakt, że był tam pewien 'pacjent zero' w kwestii osiągnięcia nieśmiertelności, który teraz kontroluje całe laboratorium na księżycu. To praktycznie wszystko, co wiem."
IgnisVolcano_SentientArmorWhyExist_90	Dialogue	"Well, that's certainly one wild revelation,"" Alex said as he tried to compose himself. ""How does your current form relate to that story? Are the living armors some sort of failed experiment from that time?"	"No cóż, trudno zaprzeczyć, że to dosyć szokująca informacja,"" Alex powiedział i z trudem starał się zachować zimną krew. ""A jak twój obecny stan ma związek z tą całą historią? Ożywione zbroje są jakimś nieudanym eksperymentem z tamtych czasów?"
IgnisVolcano_SentientArmorWhyExist_100	Dialogue	"...You could put it that way,"" the armor said as it shrugged its shoulders, not disturbed even when talking about the nature of its existence. ""The basic idea was to engrave the 'soul' upon a physical object, such as a weapon or suit of armor. Upon the demise of one's body, the soul would be transferred into that vessel. Only the strongest humans ended up capable of carrying out the procedure."	"Można tak to ująć,"" powiedziała zbroja i wzruszyła ramionami, nie przejmując się dyskusją o naturze własnej egzystencji. ""Ogólny pomysł był taki, żeby wyryć 'duszę' na przedmiotach trwałych, takich jak broń czy zbroja. W momencie śmierci, dusza zostałaby przeniesiona do danego pojemnika. Tylko najsilniejsi ludzie okazali się być w stanie, by wykonać tą procedurę."
IgnisVolcano_SentientArmorWhyExist_110	Dialogue	"Recalling what he discussed with the blazing shadow earlier, Alex asked: ""So you're saying that the fire elementals prowling around here are also an extension of that?"""	"Przypominając sobie, co przedyskutował z cieniem chwilę wcześniej, Alex zapytał: ""Więc twierdzisz, że żywiołaki ognia chodzące po okolicy są rozszerzeniem tego pomysłu?"""
IgnisVolcano_SentientArmorWhyExist_120	Dialogue	"Indeed they are,"" the armor said. ""When the 'vessel' is immobilized or buried underground, the soul can manifest outside of it. Unfortunately, most souls are inscribed too weakly to retain their memories or even the ability to think."	"I owszem,"" powiedziała zbroja. ""Gdy 'pojemnik' jest unieruchomiony lub zakopany pod ziemią, to dusza może się zmaterializować poza nim. Niestety, większość z wyrytych dusz była zbyt słaba by zachować wspomnienia czy nawet zdolność myślenia."
IgnisVolcano_SentientArmorWhyExist_130	Dialogue	"""And so, we end up with a bunch of living armors and fire elementals prowling the mountain. With two notable exceptions,"" Alex muttered to himself. He understood what made the blazing shadow special, but what about the suit of armor in front of him?"	"""No i koniec jest taki, że mamy hordę ożywionych zbroi i żywiołaków ognia krążących po tej górze. Z dwoma znaczącymi wyjątkami,"" Alex wymamrotał do siebie. Teraz rozumiał co czyniło płonący cień specjalnym, ale jak się sprawa miała w kwestii zbroi siedzącej przed nim?"
IgnisVolcano_SentientArmorIdentity_10	Dialogue	"""I think I know who you were while you were still alive,"" Alex said as he compiled everything he had learned about Ignis thus far."	"""Chyba już wiem, kim byłeś za życia,"" powiedział Alex gdy zebrał wszystko, czego jak dotąd dowiedział się o Ignis."
IgnisVolcano_SentientArmorIdentity_20	Dialogue	The armor did not dignify that statement with an answer, but it seemed to be somewhat tense. Like a sinner awaiting their judgment.	Zbroja nie skomentowała tego stwierdzenia w żaden sposób, zamiast tego siedząc w napięciu niczym zbrodniarz czekający na wyrok.
IgnisVolcano_SentientArmorIdentity_30	Dialogue	"""You are the first head of the Ignis family, aren't you?"" The faint energy coming from the armor was the same he could feel back when he inspected the weapon and armor in the Ignis manor museum. And there was only one other particularly strong person he knew from 200 years ago."	"""Jesteś pierwszą głową rodziny Ignis, nieprawdaż?"" Subtelna energia emanująca ze zbroi była bardzo podobna do tej, którą wyczuł sprawdzając broń i zbroję w muzeum dworu Ignis. I były tylko dwie wyjątkowo potężne osoby sprzed 200 lat, o których istnieniu wiedział."
IgnisVolcano_SentientArmorIdentity_40	Dialogue	"For a few moments, the armor did not even acknowledge Alex's presence. But then, it finally spoke up, ""The one who back-stabbed the progenitor of the Ignis flame? The one who was in turn back-stabbed by their successor?"""	"Przez kilka chwil, zbroja nie uraczyła odpowiedzi Alexa żadną odpowiedzią. Po dłuższym zastanowieniu, w końcu odpowiedziała: ""Mówisz o osobie, która zdradziła protoplastę płomienia Ignis? O tej, której zapoczątkowała tradycję wbijania noża w plecy przez przywódców Ignis?"""
IgnisVolcano_SentientArmorIdentity_50	Dialogue	"Yes, I think that's the one,"" Alex said as tried to gauge the armor's feelings. The lack of face made the task especially daunting. ""So, are you the one?"	"Tak, dokładnie o tej osobie mówię,"" powiedział Alex, próbując odgadnąć uczucia targające ożywioną zbroją. Brak twarzy czynił tą czynność o wiele trudniejszą. ""A więc to ty?"
IgnisVolcano_SentientArmorIdentity_60	Dialogue	"...Who knows,"" the armor replied after yet another pause. ""I'm just a failed experiment, a few pieces of armor engraved with a dead person's Energy Core. I may have some of their memories, but does that mean I'm them? What is a 'soul' anyway?"	"...Kto wie,"" zbroja odparła po kolejnej przerwie. ""Jestem nieudanym eksperymentem, kilkoma fragmentami zbroi nadpisanymi przez Rdzeń Energii martwej osoby. Może i mam niektóre ze wspomnień, ale czy to oznacza, że jestem tą osobą? Czym tak właściwie jest 'dusza'?"
IgnisVolcano_SentientArmorIdentity_70	Dialogue	"Don't get all metaphysical about this for no reason,"" Alex said as he walked in front of the armor. He stared right into the hole in its helmet, as if trying to peer straight into its soul. ""The only thing that matters is how <i>you</i> feel about those memories. Do they make you think 'Wow, what an interesting life that person lived', or is it 'I can't believe I did that to my comrade'."	"Nie ma potrzeby mieszać w to metafizyki,"" Alex powiedział i stanął przed zbroją. Spojrzał jej prosto w wyrwę w hełmie, tak jakby próbował wejrzeć prosto w jej duszę. ""Jedyne co się liczy, to jak <i>ty</i> się czujesz w kwestii tych wspomnień. Czy sprawiają, że myślisz 'Cóż za interesujący żywot prowadziła ta osoba', czy może 'Nie mogę uwierzyć, że zrobiłem to mojemu towarzyszowi broni'."
IgnisVolcano_SentientArmorIdentity_80	Dialogue	"Alex's words were followed by a painfully long silence, the longest one yet. ""You are... correct,"" the armor said and made a motion as if letting out a particularly heavy sigh. ""I was just running from the truth. I didn't want to be that person. Be the one who did all those things from my memories."""	"Po słowach Alexa nastąpiła boleśnie długa cisza, najdłuższa z dotychczasowych. ""Masz... rację,"" zbroja powiedziała i wykonała ruch, przypominający głębokie westchnięcie. ""Po prostu uciekałam przed prawdą. Nie chciałam być tą osobą. Tą, która zrobiła te wszystkie rzeczy z moich wspomnień."""
IgnisVolcano_SentientArmorIdentity_90	Dialogue	"""Well, you must have had some reason for doing all this, right?"" Alex asked as he tried to gauge the armor's reaction. The image he had of the first Ignis family head was that of an unapologetic back-stabber, which clashed with what he was seeing in front of him."	"""Musiałaś mieć jakiś powód na zrobienie tego wszystkiego, prawda?"" zapytał Alex, wyczulony na reakcję zbroi. Jego wyobrażenie o pierwszym przywódcy Ignis to niczego nie żałujący zdrajca, więc czuł się nieco zbity z tropu."
IgnisVolcano_SentientArmorIdentity_100	Dialogue	If you're expecting a tear-jerking story from me, then you'll be sorely disappointed. Every asshole in this world can come up with 10 different reasons for why the circumstances 'forced' them to do what they did. And I'm no exception. But all that matters is the end result.	Jeśli spodziewasz się łzawej historyjki, to nie licz na to. Każdy dupek na tym świecie jest w stanie wymyślić 10 różnych powodów, czemu był 'zmuszony' do zrobienia każdego świństwa. Ze mną jest to samo. Ale jedyne co się liczy, to efekt końcowy.
IgnisVolcano_SentientArmorIdentity_110	Dialogue	"Alex could hear the unspoken words: 'And in my case, said result is the current state Ignis family found itself in'. ""If you could apologize, would you want to do it?"" Alex asked as he recalled the shadow that was still roaming the mountain."	"Alex słyszał niewypowiedziane słowa: 'A w moim przypadku efektem końcowym jest obecny stan rodziny Ignis'. ""Gdybyś mogła przeprosić, to czy byś to zrobiła?"" zapytał Alex gdy przypomniał sobie o płonącym cieniu nadal krążącym po tej górze."
IgnisVolcano_SentientArmorIdentity_120	Dialogue	"I know what you're getting at, but stop it,"" the armor said as it kept staring at the grave in front of it. ""There's nothing more pathetic than a back-stabber asking for forgiveness. I would just be trying to make myself feel better about myself."	"Wiem do czego zmierzasz, ale daruj sobie,"" zbroja powiedziała i dalej wpatrywała się w grób przed nią. ""Nie ma nic bardziej żałosnego niż zdrajca proszący o wybaczenie. To byłaby żałosna próba poprawy swojej samooceny."
IgnisVolcano_SentientArmorIdentity_130	Dialogue	Maybe. But whether to forgive or not is the right of the one who was back-stabbed. And by not even asking for forgiveness, you're denying them that right.	Być może. Ale decyzja o tym, czy wybaczyć czy nie należy do strony zdradzonej. A nie prosząc nawet o przebaczenie odmawiasz jej tego prawa.
IgnisVolcano_SentientArmorIdentity_140	Dialogue	"The armor fell completely silent, contemplating something very deeply. ""For all it's worth, I am sorry. I thought I was doing the right thing, but there's never a justification for back-stabbing a friend."""	"Zbroja raz jeszcze zamilkła, myśląc nad czymś usilnie. ""Nie wiem ile to warte, ale żałuję tego, co zrobiłam. Myślałam, że robię coś dobrego dla świata, ale nic nie usprawiedliwia takiej zdrady przyjaciela."""
IgnisVolcano_SentientArmorIdentity_150	Dialogue	"I see. I hope you'll get the chance to get that message across,"" Alex said. Simply repeating those words to the blazing shadow would hardly create a 'proper conclusion'. ""Oh, and one last question,"" Alex added as he realized there was one thing he never asked about. ""In the end, what was the reason for the betrayal?"	"Mam nadzieję, że będziesz miała okazję przekazać te uczucia,"" Alex powiedział. Proste przekazanie tych słów płonącemu cieniowi z pewnością nie wystarczyłoby do stworzenia 'satysfakcjonującej konkluzji'. ""A, i jeszcze jedno pytanie,"" Alex powiedział gdy zdał sobie sprawę, że o jedną rzecz nadal nie zapytał. ""Jaki był powód tej zdrady?"
IgnisVolcano_SentientArmorIdentity_160	Dialogue	"I was frustrated,"" the armor said, once again mimicking a sigh. ""My friend was the strongest human I've ever seen. She could accomplish anything she set her mind to. And she used that power to bring peace to a land that was engulfed in chaos."	"Byłam sfrustrowana,"" powiedziała zbroja, raz jeszcze naśladując westchnienie. ""Moja przyjaciółka była najsilniejszym człowiekiem, jakiego znałam. Kimś, kto jest w stanie osiągnąć wszystko, co sobie postanowi. I używała tej mocy, by zaprowadzić pokój na ziemiach przepełnionych chaosem."
IgnisVolcano_SentientArmorIdentity_170	Dialogue	Then what was the issue?	Gdzie powstał konflikt?
IgnisVolcano_SentientArmorIdentity_180	Dialogue	"She did not care about public opinion. I could do better than her,"" the armor said solemnly. ""Back then, everything was in turmoil. People were looking for someone to guide them, to be an icon, a hero. They did not a loose cannon running around, acting based on whatever they felt was right at the time."	"Nie obchodziła jej opinia publiczna. Ja mogłam robić to co ona o wiele lepiej,"" zbroja powiedziała ponuro. ""Wtedy wszędzie panował konflikt. Ludzie szukali kogoś, kto ich poprowadzi. Ikony. Bohatera. Nie potrzebowali kogoś, kto z ich perspektywy jest tykającą bombą robiąca wszystko, co jej się żywnie podoba."
IgnisVolcano_SentientArmorIdentity_190	Dialogue	"...That sure does sting,"" Alex said as he reflected on some of his behavior. ""But was that really good enough of a reason to betray your friend?"	"...Trochę w tym prawdy,"" powiedział Alex myśląc o własnym nastawieniu. ""Ale czy to był wystarczający powód, żeby zdradzić przyjaciółkę?"
IgnisVolcano_SentientArmorIdentity_200	Dialogue	No. But when I was struggling with my thoughts, still unwilling to act on them, I suddenly awakened to a new power. A power that allowed me to plunder power from those I defeated.	Nie. Ale gdy walczyłam z moimi myślami, nadal nie zamierzając nic z nimi robić, nagle obudziła się we mnie nowa moc. Moc, która pozwalała mi kraść siłę od tych, których pokonałam.
IgnisVolcano_SentientArmorIdentity_210	Dialogue	"""...And you treated it a sign. A sign that you should stop doubting yourself and should instead act on your thoughts,"" Alex said with a sigh. What he learned here answered some of his doubts, but also put some other important matters into question."	"""...I potraktowałaś to jako znak. Znak, żeby przestać się zastanawiać i zacząć działać,"" Alex powiedział i westchnął. To, czego się tutaj dowiedział odpowiedziało mu na niektóre z jego wątpliwości, ale też postawiło kilka nowych pytań."
IgnisVolcano_SentientArmorIdentity_220	Dialogue	"The Ignis family was born through betrayal. And that's how it will meet its end, swallowing up everyone caught in the crossfire,"" the armor said as it gazed towards the sky, for the first time taken its gaze away from the grave. ""And my idiocy is to blame."	"Rodzina Ignis zrodziła się poprzez zdradę. I to właśnie przez zdradę spotka ją koniec, pochłaniając wszystkich wokoło,"" zbroja powiedziała i spojrzała w niebo, po raz pierwszy odrywając wzrok od grobu. ""A winna temu jest moja głupota."
IgnisVolcano_SentientArmorIdentity_230	Dialogue	"I think you're giving yourself too much credit there,"" Alex said as he shrugged his shoulders. ""It's the idiocy of us all, currently living our lives, that is ultimately the main cause. There's only so much the dead can be blamed for."	"Chyba przeceniasz swoje zasługi,"" Alex powiedział i wzruszył ramionami. ""To głupota nas wszystkich, którzy żyjemy w obecnych czasach, jest ostatecznie odpowiedzialna. Martwych ludzi można obwiniać tylko do pewnego stopnia."
IgnisVolcano_SentientArmorIdentity_240	Dialogue	"That's an odd way of trying to lift my spirits, but thanks,"" the armor said. If it had a face, no doubt a wry smile would appear on it. ""I resigned myself to be helplessly swallowed by the inferno three times in a row. But during the final cycle, I shall put everything I have into one last gamble."	"To ciekawy sposób na podnoszenie kogoś na duchu, ale dzięki,"" powiedziała zbroja. Gdyby miała twarz, to teraz zagościłby na niej uśmiech. ""Pogodziłam się z tym, żeby bezradnie być pochłoniętym przez falę ognia trzy razy pod rząd. Ale w ostatnim cyklu zamierzam poświęcić wszystko dla jednej, ostatniej próby."
IgnisVolcano_SentientArmorIdentity_250	Dialogue	"""How do you-!?"" Alex wanted to ask, but then he saw the armor became completely unresponsive, as if gathering the last shreds of its strength for some purpose."	"""Skąd o tym-!?"" Alex chciał zapytać, ale zobaczył że zbroja kompletnie przestała odpowiadać, tak jakby zbierała ostatnie ochłapy swojej siły w jakimś celu."
IgnisVolcano_Interactions_0	Dialogue	A highly valuable item lying out in the open, ready to be picked up. Maybe I should check the surrounding area first.	Wysoce wartościowy przedmiot leży w widocznym miejscu, czekając na nowego właściciela. Może najpierw powinienem sprawdzić okolicę.
IgnisVolcano_Interactions_10	Dialogue	Ignis Assassins? Didn't seem like Blaine knew anything about it. Maybe some traitors? Wouldn't surprise me given all I've learned about the Ignis traditions.	Zabójcy Ignis? Nie wydawało się, żeby Blaine cokolwiek o nich wiedział. Może jacyś zdrajcy? Nie zdziwiłoby mnie to biorąc pod uwagę, czego się nauczyłem o tradycjach Ignis.
IgnisVolcano_Interactions_20	Dialogue	This one seems stronger than others. Don't think I'll be able to get past him without defeating him.	Ten wydaje się silniejszy od poprzednich. Chyba nie mogę przejść dalej bez pokonania go.
IgnisVolcano_Interactions_30	Dialogue	I've defeated all those fire elementals, but the lava river still seems to be running. Maybe I should look for the blazing shadow from before.	Pokonałem te wszystkie żywiołaki ognia, ale rzeka lawy dalej sobie płynie. Może powinienem poszukać płonącego cienia.
IgnisVolcano_Interactions_40	Dialogue	Alright, that should have done it. Now I need to defeat the empowered shadow and the path forward should be opened.	No dobra, to powinno wystarczyć. Teraz muszę pokonać wzmocnionego cienia i droga naprzód powinna się otworzyć.
IgnisVolcano_Interactions_50	Dialogue	Looks like Drake's personal army made it quite far up the mountain. I didn't expect them to have an Ignis person among them though.	Wygląda na to, że prywatna armia Drake dostała się dosyć blisko szczytu. Nie spodziewałem się, że będą w towarzystwie kogoś z Ignis.
IgnisVolcano_Interactions_60	Dialogue	Regular humans cannot withstand the intensity from higher up the mountain, so we were forced to set up our outpost here.	Zwykli ludzie nie są w stanie znieść intensywności blisko szczytu, więc zmuszeni byliśmy rozbić obozowisko tutaj.
IgnisVolcano_Interactions_70	Dialogue	We've found a vein of Sanctuary stones up north. Our quartermaster priced it quite aggressively, so you should probably try to mine the higher quality ones on your own.	Znaleźliśmy żyłę kamieni Sanktuarium na północy. Nasz kwatermistrz wycenił je dosyć agresywnie, więc wyższej jakości okazów może powinieneś poszukać na własną rękę.
IgnisVolcano_Interactions_80	Dialogue	Just because we're on a mission doesn't mean we're allowed to slack off on our training. 1294... 1295.. 1296...	To, że jesteśmy na misji nie znaczy, że możemy olewać sobie nasz trening. 1294... 1295... 1296...
IgnisVolcano_Interactions_90	Dialogue	An ancient well of fire energy is buried deep in this mountain. Just interacting with it makes me feel like I can handle the Ignis flames much better.	W głębi tej góry zakopane są starożytne pokłady ognistej energii. Sama interakcja z nimi sprawia, że czuję się jakbym mógł władać płomieniami Ignis o wiele lepiej.
IgnisVolcano_Interactions_91	Dialogue	Permanently increased [Burn]Burn applied by 10%. Permanently decreased applied [Burn]Burn decay by 10%.	Trwale zwiększono ilość nakładanego [Burn]Podpalenia o 10%. Trwale zmniejszono prędkość ubywania nałożonego [Burn]Podpalenia o 10%.
IgnisVolcano_Interactions_100	Dialogue	This heat is just unbearable. Flames used by Enforcer techniques seem laughable in comparison.	Nie da się znieść tego gorąca. Płomienie używane przez techniki Autarchów to przy tym pośmiewisko.
IgnisVolcano_Interactions_101	Dialogue	Permanently decreased [D]Damage taken from [Burn]Burn by 10%.	Trwale zmniejszono [D]Obrażenia otrzymywane od [Burn]Podpalenia o 10%.
IgnisVolcano_Interactions_110	Dialogue	Tempered by flames you wouldn't find in your standard forge. I'll make good use of it.	Poddane obróbce przez płomienie, których nie znajdzie się w zwykłej kuźni. Dobrze wykorzystam tą broń.
IgnisVolcano_Interactions_120	Dialogue	Damn it... Damn it all! I didn't want to use it! I wanted to prove my techniques are enough! But guess it was useless after all. So be it! From now on, I'm going to give it my all, no matter how unsightly or pathetic!	Niech to szlag... Niech to szlag! Nie chciałem go używać! Chciałem udowodnić, że moje techniki wystarczą! Ale wygląda na to, że to niemożliwe. Więc niech tak będzie! Od teraz, dam z siebie absolutnie wszystko, bez patrzenia na to, jak żałośnie to będzie wyglądało!
IgnisManorOnFire_Nathalie_0	Dialogue	"""Is this seriously the time to be tending to the plants!?"" Alex said once he witnessed the scene playing out in front of him. For some reason, the vengeful Ignis energy seemed to have no effect on Nathalie's body."	"""Czy to na serio dobry czas na dbanie o rośliny!?"" Alex zapytał, gdy zobaczył scenę odgrywającą się przed nim. Z jakiegoś powodu mściwa energia Ignis nie miała żadnego efektu na ciele Nathalie."
IgnisManorOnFire_Nathalie_10	Dialogue	"""Isn't this exactly <i>the</i> time for that, with all the fire energy raging around and all?"" Nathalie asked, seemingly unfazed by the state her home found herself in."	"""Czy to nie jest właśnie <i>najwłaściwszy</i> moment na to, biorąc pod uwagę całą tą ognistą energię szalejącą wokoło?"" zapytała się Nathalie. Wydawała się niewzruszona tym, w jakim stanie znalazł się jej dom."
IgnisManorOnFire_Nathalie_20	Dialogue	I thought you didn't have any combat training?	Wydawało mi się, że nie miałaś przeszkolenia wojennego?
IgnisManorOnFire_Nathalie_30	Dialogue	"""Why would I need it at all? I'm not the one who should be afraid of those flames,"" Nathalie said. A mysterious smile sprouted on her lips, before she caught herself in the act and forced to adopt a somber expression more suited to the current situation."	"""A po co by mi ono było? To nie ja powinnam się bać tych płomieni,"" powiedziała Nathalie. Tajemniczy uśmiech zagościł na jej ustach, ale szybko zdała sobie z tego sprawę i pokazała ponury wyraz twarzy bardziej pasujący do sytuacji."
IgnisManorOnFire_NathalieAskForAssistance_Requirement	Dialogue	Requires inspecting the library	Wymaga sprawdzenia biblioteki
IgnisManorOnFire_NathalieAskForAssistance_0	Dialogue	With how well you're faring, maybe you could go around rescuing people instead of plants?	Skoro tak dobrze się masz, to może mogłabyś zająć się ratowaniem ludzi zamiast roślin?
IgnisManorOnFire_NathalieAskForAssistance_10	Dialogue	"""With how well you're faring, maybe you could go around rescuing people instead of plants?"" Alex asked, hoping to understand the rationale behind Nathalie's current behavior."	"""Skoro tak dobrze się masz, to może mogłabyś zająć się ratowaniem ludzi zamiast roślin?"" zapytał się Alex, mając nadzieję lepiej zrozumieć tok myślenia, którym obecnie kierowała się Nathalie."
IgnisManorOnFire_NathalieAskForAssistance_20	Dialogue	"An interesting proposal,"" Nathalie said with an unreadable expression. ""However, those plants helped me endure my life here. And it was those <i>people</i> whom you want me to save that made it so difficult in the first place."	"Ciekawa propozycja,"" powiedziała Nathalie, jej twarz trudna do odczytania. ""Jednakże to te rośliny pomogły mi przetrwać w tym miejscu. A to ci <i>ludzie</i>, do których ratowania mnie namawiasz, uczynili moje życie tutaj tak trudnym."
IgnisManorOnFire_NathalieAskForAssistance_30	Dialogue	"""You do have a point,"" Alex said as he sighed. However, he felt that he should not leave things this way. Were he to do that, surely both him and Nathalie would look back to this moment with nothing but regrets."	"""Masz nieco racji,"" Alex powiedział i westchnął. Jednakże nie był skłonny pozostawić sytuacji w tym stanie. Gdyby tak zrobił, to z pewnością zarówno on jak i Nathalie z żalem wspominaliby ten moment."
IgnisManorOnFire_NathalieAskForAssistance_40	Dialogue	"The people around here mocked and despised you for who you are. They valued only strength and betrayal, but <i>this</i> is where it led them,"" Alex gestured at the flames raging all around. ""For you, it must feel like they're simply getting their just desserts."	"Ludzie żyjący w tym miejscu nienawidzili cię za to, kim jesteś. Cenili sobie tylko siłę i zdradę, ale to do <i>tego</i> ich to wszystko doprowadziło,"" powiedział Alex i wskazał na płomienie szalejące wokoło. ""Z twojej perspektywy to oni po prostu odbierają zasłużoną przez nich karę."
IgnisManorOnFire_NathalieAskForAssistance_50	Dialogue	Nathalie did not reply. However, her stern gaze, still focused on tending the plants, seemed to speak greater volumes than any words possibly could.	Nathalie nie odpowiedziała. Jednakże jej hardy wzrok, nadal skupiony na roślinach, przekazywał wszystko co miała do powiedzenia.
IgnisManorOnFire_NathalieAskForAssistance_60	Dialogue	"But did absolutely <i>everyone</i> around here despise you?"" Alex asked. Seeing the slight hesitation that appeared in Nathalie's eyes, he continued, ""There must have been one or two people who showed you kindness, weren't there?"	"Ale czy absolutnie <i>wszyscy</i> żyjący tutaj nienawidzili cię?"" zapytał się Alex. Widząc momentalne zwątpienie w oczach Nathalie, Alex kontynuował, ""Musiało się tutaj znaleźć jedna czy dwie osoby, które okazały ci tutaj życzliwość, prawda?"
IgnisManorOnFire_NathalieAskForAssistance_70	Dialogue	"...It might have happened once. Maybe twice."" Although obviously reluctant, Nathalie admitted as much. ""And so what, am I supposed to jump to their help because one or two of them wasn't an asshole to me <i>all</i> the time!?"	"...Może się tak zdarzyło. Z raz czy dwa."" Niechętnie Nathalie przyznała Alexowi nieco racji. ""I co z tego, mam teraz skoczyć w płomień i ich ratować, bo raz czy dwa zdarzyło im się nie być <i>skończonymi</i> dupkami wobec mnie!?"
IgnisManorOnFire_NathalieAskForAssistance_80	Dialogue	"""I'm not saying anything like that,"" Alex said as he shrugged his shoulders. ""I'm just reminding you that there are certain situations in your life where you're faced with a difficult choice. And I want you to make a choice you won't regret, one unclouded by momentary feelings. After all, you can't just undo your decisions."" When spoken by Alex, those words should have been a complete hypocrisy. However, now that he entered the third and final cycle, those words rang true especially in his case."	"""Tego nie powiedziałem,"" Alex powiedział i wzruszył ramionami. ""Po prostu chcę tobie przypomnieć, że są w życiu pewne sytuacje, gdy jesteśmy postawieni przed trudnymi wyborami. Po prostu chcę się upewnić, że podejmiesz wybór, którego nie będziesz musiała żałować, nie kontrolowany przez chwilowe emocje. Koniec końców, nie da się po prostu odwrócić swoich decyzji."" Wypowiedziane przez Alexa te słowa powinny być kompletną hipokryzją. Ale teraz gdy już wkroczył w ostatni cykl, te słowa wybrzmiewały wyjątkowo prawdziwie w jego przypadku."
IgnisManorOnFire_NathalieAskForAssistance_90	Dialogue	"...How do <i>you</i> manage to do it, Alex?"" Nathalie asked as she let out a heavy sigh. She must have heard all the rumors regarding him and Drake's prophecy. ""Everyone around you already made up their mind about who you are, about what you're worth. It doesn't matter how much you struggle, their opinion will hardly ever change. Why try so hard to prove them wrong?"	"...Jak <i>ty</i> sobie z tym radzisz, Alex?"" Nathalie zapytała i westchnęła głęboko. Musiała usłyszeć różne plotki o nim, wliczając w to przepowiednię Drake. ""Wszyscy wokół ciebie już wydali na ciebie wyrok, zdecydowali jaką masz wartość. Nie ważne ile byś się nie starał, ich opinia praktycznie nigdy się nie zmieni. Więc po co tak bardzo się starasz zmienić ich zdanie?"
IgnisManorOnFire_NathalieAskForAssistance_100	Dialogue	"""Because if I just gave up, then I would be proving them right. And I refuse to become what they think me to be,"" Alex spoke without a hint of hesitation in his voice. ""Anyway, I've said my piece. From now on, feel free to do as you wish,"" he said and prepared to run back towards the burning mansion."	"""Bo gdybym się poddał, to sprawiłbym, że mieli rację. Nie mam zamiaru stać się tym, za kogo mnie mają,"" Alex powiedział bez zawahania. ""Tak czy inaczej, powiedziałem co miałem do powiedzenia. Od teraz postępuj jak uważasz,"" powiedział i przygotował się, by pobiec z powrotem do płonącego dworu."
IgnisManorOnFire_NathalieAskForAssistance_110	Dialogue	"""...It feels like I'll regret any choice I make here, won't I?"" Nathalie said with a sigh. Nonetheless, she seemed to have come to a decision."	"""...Mam wrażenie, że będę żałował każdego wyboru, jaki mogę tutaj podjąć."" Nathalie powiedziała i raz jeszcze westchnęła. Mimo wszystko wyglądało na to, że podjęła pewną decyzję."
IgnisManorOnFire_NathalieLeave_0	Dialogue	Guess I'll leave you to your own devices.	No to ja już ci nie przeszkadzam.
IgnisManorOnFire_NathalieLeave_10	Dialogue	"""Well, you don't seem in need of any immediate help, so guess I'll be going now,"" Alex said, still not entirely sure how to feel about the sight in front of him."	"""No cóż, skoro nie potrzebujesz mojej pomocy, to ja będę sobie szedł,"" powiedział Alex, nadal nie będąc pewnym jak się czuć w kwestii tego, co tutaj zobaczył."
IgnisManorOnFire_NathalieLeave_20	Dialogue	"""Be careful not to overwork yourself. You're not on Ignis payroll, so no need to risk injury for no reason,"" Nathalie said as she shrugged her shoulders."	"""Uważaj by się nie przepracować. Ignis cię nie zatrudnili, więc nie ma co ryzykować bez powodu,"" Nathalie powiedziała i wzruszyła ramionami."
IgnisManorOnFire_Interactions_0	Dialogue	The fire energy inside is too fierce even for me. I would get myself killed before saving anyone. I'll need the help of someone immune even fire such as this.	Energia ognia panująca w środku jest zbyt mocna nawet dla mnie. Próba samobójcza nikogo nie uratuje. Będę potrzebował pomocy kogoś odpornego nawet na taki ogień.
IgnisManorOnFire_Interactions_10	Dialogue	Seems like Nathalie is taking care of the people trapped in the library. I should focus on other areas.	Wygląda na to, że Nathalie już pomaga ludziom odciętym w bibliotece. Ja powinienem się skupić na innych obszarach.
IgnisManorOnFire_Interactions_20	Dialogue	The whole manor and its surroundings are on fire! Maybe I should save as many people as I can before confronting Colten.	Dwór z całą okolicą stoi w ogniu! Może powinienem najpierw pomóc komu mogę, zanim rozwiążę sprawę z Coltenem.
IgnisManorOnFire_Interactions_30	Dialogue	Flame elementals? Guess the whole Ignis territory became an extension of the Ignis Volcano.	Żywiołaki ognia? Wygląda na to, że całe terytorium Ignis stało się wydłużeniem Wulkanu Ignis
IgnisManorOnFire_Interactions_40	Dialogue	Not a moment too soon, mr Alex! The eruption interrupted my training regimen. I think we need to get the situation under control before I'm allowed to finish it.	Prawie się pan spóźnił, panie Alex! Erupcja przerwała moje ćwiczenia. Chyba najpierw muszę ogarnąć zaistniałą sytuację, zanim będę mógł do nich wrócić.
IgnisManorOnFire_Interactions_41	Dialogue	Well done. I wish I could go with you and bring other enemies to heel, but I'm afraid I need to catch my breath.	Dobra robota. Chciałbym teraz iść z tobą poskromić pozostałych wrogów, ale obawiam się, że muszę chwilę odetchnąć.
IgnisManorOnFire_Interactions_42	Dialogue	No worries. You definitely earned your rest. Let me take care of the rest.	Bez obaw, zdecydowanie zasłużyłeś sobie odpoczynek. Ja zajmę się resztą.
IgnisManorOnFire_Interactions_50	Dialogue	Why are... you looking at me... like that? Not like swinging a sword around... would have saved me from this.	Czemu tak... na mnie... patrzysz? Przecież machanie mieczem... nie uratowałoby mnie przed tym.
IgnisManorOnFire_Interactions_60	Dialogue	Alex! Just the person I wanted to see right now! Mind giving me a helping hand over here?	Alex! Nie uwierzysz, jak bardzo cieszę się, że cię widzę! Mógłbyś mi tutaj pomóc?
IgnisManorOnFire_Interactions_61	Dialogue	With this, I surely must have earned myself some sort of cool title, don't you think? Maybe something like 'The Flame Conqueror'?	Z pewnością to wystarczy, żeby zasłużyć sobie na jakiś fajny tytuł, nie sądzisz? Może coś w stylu 'Pogromca Płomieni'?
IgnisManorOnFire_Interactions_62	Dialogue	...Trust me, once you actually start being called something like that, you'll quickly realize it wasn't that great of an idea.	...Zaufaj mi, jeśli zaczną cię nazywać w ten sposób, to szybko zdasz sobie sprawę, że to nie był najlepszy pomysł.
IgnisManorOnFire_Interactions_70	Dialogue	Doesn't seem like I can communicate with them given their current state. Any energy can become a poison if it's strong enough. Need to knock them out for their own safety.	Nie wygląda na to, żebym mógł z nimi rozmawiać w ich obecnym stanie. Każdy rodzaj energii może stać się trucizną, jeśli jest jej wystarczająco dużo. Powinienem ich pozbawić przytomności dla ich własnego dobra.
IgnisManorOnFire_Interactions_81	Dialogue	Colten can wait. For now, I should help as many people as I can.	Colten poczeka. Na razie powinienem się skupić na pomaganiu ofiarom tej katastrofy.
IgnisManorOnFire_Interactions_82	Dialogue	For how fierce those flames are, there sure are a lot of survivors. Maybe the there's a pattern as to whom the flames hurt the most?	Zważając na to, jak intensywne są te płomienie, to jest tutaj całkiem sporo ocalałych. Może jest jakaś zasada, według której niektórych te płomienie bolą bardziej, niż innych?
IgnisManorOnFire_Interactions_83	Dialogue	That makes three. Probably almost halfway there.	To już trzeci ocalały. Pewnie znajdzie się tutaj jeszcze drugie tyle.
IgnisManorOnFire_Interactions_84	Dialogue	Where's Colten in all of this? Not even willing to look at the consequences of his decision?	Czemu nie ma tutaj Coltena? Nie jest nawet skłonny rzucić okiem na konsekwencje swojej decyzji?
IgnisManorOnFire_Interactions_85	Dialogue	I should be almost done. It'll be Colten's turn next.	Prawie wszyscy. Po tym przyjdzie pora na Coltena.
IgnisManorOnFire_Interactions_86	Dialogue	I'm disappointed by how many of the Ignis knights responded to this crisis. I guess just being trained in combat isn't all there is to it.	Trochę się zawiodłem na niektórych z rycerzy Ignis w tym kryzysie. Wygląda na to, że przeszkolenie bojowe to nie wszystko.
IgnisManorOnFire_Interactions_87	Dialogue	Alright, now all that's left are the people trapped in the burning library. I might need someone else's help for that one.	Dobra, teraz zostali tylko ludzie uwięzieni w płonącej bibliotece. Do tego będę potrzebował pomocy kogoś innego.
IgnisManorOnFire_Interactions_88	Dialogue	Okay, that should be it! Time to finish what I came here to do in the first place.	Robota skończona! Teraz mogę w końcu zająć się tym, po co tutaj przyszedłem.
IgnisManorOnFire_Interactions_90	Dialogue	...The damage is not as bad as it could've been, but still quite catastrophic. Colten will answer for this, but saving the victims comes first.	...Zniszczenia nie są tak złe, jak mogłyby być, ale i tak są katastrofalne. Colten za to odpowie, ale najpierw powinienem uratować kogo się da.
IgnisManorOnFire_Interactions_100	Dialogue	This place is now hardly different from the Volcano. I should clean up the flame elementals and animated armors before they hurt somebody.	To miejsce teraz niewiele się różni od Wulkanu. Powinienem sprzątnąć te żywiołaki ognia i ożywione zbroje zanim zrobią komuś krzywdę.
IgnisManorOnFire_Interactions_110	Dialogue	...Great, just the guy I wanted to meet. Don't you have some poor victims to take care of, Alex Wester?	...Świetnie, idealny moment na wpadnięcie na tego gościa. Nie masz przypadkiem ofiar do ratowania, Alex Wester?
IgnisManorOnFire_Interactions_120	Dialogue	No worries, you might not know the reason, but I'll always have a moment to dedicate just for you.	Bez obaw, być może nie wiesz dlaczego, ale dla ciebie zawsze znajdę wolną chwilę.
IgnisManorOnFire_Interactions_130	Dialogue	Well, he definitely stayed true to himself even during a crisis, enriching himself while everything around him was burning to the ground. That's some dedication to back-stabbing if I've ever seen one.	No cóż, pozostał przy swoich przekonaniach nawet w trakcie kryzysu, wzbogacając się nawet gdy wszystko wokół stało w płomieniach. Takiej wierności własnym 'ideałom' nie spotkałem nigdy wcześniej.
IgnisManorOnFire_Interactions_140	Dialogue	Alright, now it's time to finally meet Colten face to face.	No dobra, w końcu nadeszła pora, żeby stanąć z Coltenem twarzą w twarz.
IgnisManorOnFire_Interactions_150	Dialogue	Alright then, let us do battle, mr Alex Wester!	A więc walkę czas rozpocząć, panie Alex Wester!
IgnisManorOnFire_IgnisCaptain_0	Dialogue	"Once he went past the door leading into the mansion, Alex was greeted by the sight of the Ignis captain standing guard in front of the meeting room. ""I see you're acting awfully... leisurely, given the heaps of innocent people around here in desperate need for help."""	"Gdy przeszedł obok drzwi prowadzących do dworu, Alex zauważył kapitana Ignis stojącego przed drzwiami prowadzącymi do pokoju narad. ""Widzę... że specjalnie ci się nie spieszy, biorąc pod uwagę ogrom niewinnych osób potrzebujących pomocy wszędzie wokół."""
IgnisManorOnFire_IgnisCaptain_10	Dialogue	"Why do you think I'm standing alone, without any of my fellow knights to back me up?"" the captain responded. The tone of his voice indicated that he was not at all shaken by Alex's words. ""They have their jobs, and I have mine. Saving civilians is no less important than protecting the leader."	"A uważasz, że czemu stoję tutaj sam, bez wsparcia ze strony żadnych innych rycerzy?"" odparł kapitan. Ton jego głosu sugerował, że kompletnie nie przejmował się słowami Alexa. ""Oni mają swoje zadanie, a ja mam swoje. Ratowanie cywili nie jest dużo ważniejsze, niż ochrona przywódcy."
IgnisManorOnFire_IgnisCaptain_20	Dialogue	"""Even if your so-called 'leader' is the reason all this mess happened in the first place?"" Alex said, his voice seeping with animosity."	"""Nawet jeśli twój rzekomy 'przywódca' jest powodem, czemu to wszystko się tutaj wydarzyło?"" powiedział Alex, jego głos przepełniony wrogością."
IgnisManorOnFire_IgnisCaptain_30	Dialogue	"That's hardly important,"" the captain once again responded without a hint of agitation. ""A strong Ignis family is all that matters."	"To akurat jest mało istotne,"" kapitan raz jeszcze odpowiedział bez specjalnego okazywania uczuć. ""Jedyne co się liczy, to silna rodzina Ignis."
IgnisManorOnFire_IgnisCaptain_40	Dialogue	"Relegated to being Drake's lapdog, getting used and then tossed aside once no longer useful? Such incredible show of strength all of this is!"" Alex shouted and pointed towards the flames surrounding them from all sides. ""What's the point of performing your duties under these circumstances!?"	"Sprowadzeni do bycia sługusem Drake, porzuconym gdy już na nic się nie przyda!? Potężni jesteście, nie ma co!"" krzyczał Alex i wskazał na płomienie ich otaczające. ""Jaki sens ma wypełnianie obowiązków w tych okolicznościach!?"
IgnisManorOnFire_IgnisCaptain_50	Dialogue	"It is especially under such circumstances that I need to perform my duties,"" the captain said, his voice once again completely tranquil. ""The Ignis family suffered through enough betrayal as it is. I don't intend to add another one onto the pile."	"To właśnie w tych okolicznościach wypełnianie obowiązków jest szczególnie ważne,"" powiedział kapitan, jego głos kompletenie niewzruszony. ""Rodzina Ignis wycierpiała wystarczająco dużo zdrad. Nie zamierzam dodawać do tego jeszcze jednej."
IgnisManorOnFire_IgnisCaptain_60	Dialogue	"Alex was at a loss for words. It had to be now of all times for him to encounter an actually honorable Ignis knight. ""I see your mind's made up."""	"Alex chwilowo zaniemówił. Czemu akurat teraz musiał spotkać honorowego rycerza Ignis. ""Widzę, że nie zmienię twojego zdania."""
IgnisManorOnFire_IgnisCaptain_70	Dialogue	"That it is. As long as you don't approach the meeting room, I shall have no quarrel with you,"" the captain said. He then added, ""But you won't back away now, will you?"	"Zgadza się. Ale tak długo, jak się nie zbliżysz do pokoju narad, to nie będę miał powodu do atakowania,"" powiedział kapitan. Następnie dodał, ""Ale nie zmienia to faktu, że prędzej czy później się zbliżysz, prawda?"
IgnisManorOnFire_IgnisCaptain_80	Dialogue	"""You guessed right,"" Alex said as he steeled his resolve. Colten was not going anywhere, so he still could choose to explore the other parts of the mansion."	"""Zgadłeś,"" powiedział Alex z odnowioną determinacją. Colten nigdzie nie ucieknie, więc nadal mógł sprawdzić inne części dworu."
IgnisManorOnFire_IgnisCaptain_90	Dialogue	"""Well, once you're ready, you know where to find me,"" said the Ignis captain as he continued his solemn vigil in front of the meeting room."	"""Gdy będziesz gotowy to wiesz, gdzie mnie znaleźć,"" powiedział kapitan Ignis i kontynuował swoją ponurą straż przed wejściem do pokoju narad."
IgnisManorOnFire_SwordMonuments_0	Dialogue	This reminds me: old man Blaine asked me to remove those from existence. I could do that right now, but that would be quite... anti-climatic. For something that existed for such a long time, a bit of theatrics are in order.	Właśnie sobie przypomniałem: stary Blaine prosił mnie o usunięcie tych rzeczy z tego świata. Mógłbym to zrobić teraz, ale byłoby to nieco... anty-klimatyczne. Coś co istniało taki szmat czasu zasłużyło na pewną dozę efektowności.
IgnisManorOnFire_SwordMonuments_10	Dialogue	[D][Heavy]Heavy Weapon Damage permanently increased by 15%.	[D][Heavy]Obrażenia Ciężką Bronią na stale zwiększone o 15%.
IgnisManorOnFire_MuseumSword_0	Dialogue	The outbreak of Ignis Energy seems to have activated something buried deep within this sword. I can gather it up and use it to strengthen my own Ignis Energy.	Wygląda na to, że wybuch Energii Ignis aktywował coś ukrytego głęboko w tym mieczu. Mogę to zebrać i użyć, żeby wzmocnić swoją własną Energię Ignis.
IgnisManorOnFire_MuseumSword_10	Dialogue	All [Burn]Burn you apply is increased by 15%	Całe [Burn]Podpalenie które nakładasz jest zwiększone o 10%.
IgnisManorOnFire_MuseumArmor_0	Dialogue	"""The Ignis Energy seems to have strengthened this armor beyond anything you've seen before. But due to the heat raging all around it, taking it out before it breaks would hurt your health somewhat."	"""Wygląda na to, że Energia Ignis wzmocniła tą zbroję ponad cokolwiek, co widziałeś jak dotąd. Ale przez ogień szalejący wokół, wyjęcie tej zbroi zanim zostanie zniszczona wymagałoby uszczerbku na twoim zdrowiu."
IgnisManorOnFire_MuseumArmor_10	Dialogue	*Permanently lose 250 max [H]Health. Obtain <color=#FFF89C>Ultimate</color> Knight Helmet, Plate Armor, Iron Bracers, Iron Greaves.*	*Na stałe strać 250 maksymalnego [H]Życia. Otrzymaj <color=#FFF89C>Ostateczny</color> Hełm Rycerski, Zbroję Płytową, Żelazne Karwaszem, Żelazne Buty.*
IgnisManorOnFire_MuseumArmor_20	Dialogue	Although it ends up leaving you with severe burns, you do manage to retrieve the crimson red set of armor from the display case. You hope it'll turn out to be worth it.	Choć zostawia cię to z wieloma poważnymi oparzeniami, to udaje ci się wyciągnąć krwawo-czerwoną zbroję z wystawy. Masz nadzieję, że okaże się to być warte tego poświęcenia.
IgnisManorOnFire_MuseumArmor_30	Dialogue	Lost 250 max [H]Health.	Stracono 250 Maksymalnego [H]Życia.
IgnisManorOnFire_ColtenConfirm_0	Dialogue	Once I start fighting Colten, it'll take up too much time to save anyone else. All valuables will probably go up in flames as well. Did I do everything I wanted in this place?	Kiedy zacznę walczyć z Colten-em, to nie będę miał czasu na uratowanie kogokolwiek innego. Wszystkie wartościowe rzeczy też pewnie spłoną. Czy zebrałem tutaj już wszystko, co chciałem?
IgnisManorOnFire_ColtenConfirm_10	Dialogue	Yes, let's finish this.	Tak, pora to zakończyć.
IgnisManorOnFire_ColtenConfirm_20	Dialogue	No, I still have unfinished business in this place.	Nie, nadal mam tutaj sprawy do załatwienia.
IgnisManorOnFire_Colten_0	Dialogue	"""...Why isn't he picking up!? This wasn't the deal!"" Colten shouted at his phone. It seemed that in Drake's mind, Colten had already outlived his usefulness."	"""...Czemu nie odbiera!? Nie tak się umawialiśmy!"" Colten krzyczał na swój telefon. Wyglądało na to, że według Drake to Colten już nie był specjalnie użyteczny."
IgnisManorOnFire_Colten_10	Dialogue	"""Things not working out quite as planned, huh?"" Alex exclaimed, announcing his presence. He could have stabbed Colten in the back, but that would defeat the entire purpose of him coming here."	"""Rzeczy nie idą po twojej myśli, co?"" powiedział Alex, ogłaszając swoje przybycie. Mógł wbić nóż w plecy Coltena, ale to kompletnie zaprzeczyłoby celowi jego przybycia tutaj."
IgnisManorOnFire_Colten_20	Dialogue	"Great. As if I didn't have enough crap to worry about."" Given Colten's expression, the reality of current situation must have already dawned on him. He was simply refusing to accept it. ""What business do you have with me?"	"Świetnie. Tak jakbym nie miał wystarczająco dużo zmartwień."" Sądząc po wyrazie twarzy Coltena, to już zdawał sobie sprawę z powagi zaistniałej sytuacji. Po prostu nie chciał przyjąć tego do wiadomości. ""Czego ode mnie chcesz?"
IgnisManorOnFire_Colten_30	Dialogue	I'm sure you know that perfectly well.	Ty już bardzo dobrze wiesz.
IgnisManorOnFire_Colten_40	Dialogue	"I most certainly do not,"" Colten said as he grit his teeth in frustration. ""I don't know what might have happened in those 'regressions' of yours, but from my perspective, you came to the Ignis land just a few weeks ago. And now you, a complete outsider, is acting as if he has the right to reprimand me?"	"No właśnie nie wiem,"" Colten powiedział i zacisnął zęby z frustracji. ""Nie wiem co takiego stało się w tych twoich 'regresjach', ale z mojej perspektywy to przybyłeś na terytorium Ignis kilka tygodni temu. A teraz ty, gość z zewnątrz, próbuje mnie uczyć, co mam prawo robić a czego nie?"
IgnisManorOnFire_Colten_50	Dialogue	Even if I ignore your attempt to go over to the enemy's side, having the Ignis family implode is still a problem. To go against Drake, I need any help I can get.	Nawet gdybym zignorował twoją próbę przejścia na stronę wroga, to kompletny upadek rodziny Ignis nadal stanowi problem. Żeby przeciwstawić się Drake będę potrzebował jak najwięcej pomocy.
IgnisManorOnFire_Colten_60	Dialogue	"And why are you so hell-bent on fighting him anyway? Guess he was right about you, after all,"" he said, a mocking grin appearing on his face. ""You're just a power-hungry despot, having been waiting for the right moment all this time."	"A czemu niby miałbyś się starać z nim walczyć? Może jednak miał co do ciebie rację,"" powiedział z drwiącym uśmiechem na twarzy. ""Jesteś żądnym władzy despotą, który cały życie czekał na odpowiedni moment."
IgnisManorOnFire_Colten_70	Dialogue	"You're the last person whose opinion I'd ever care about,"" Alex said as he took out his weapon. He had to admit, Colten had a talent for pissing him off, if nothing else. ""Here's the deal: I challenge you to a duel. The winner shall inherit all of Ignis energy and become the new Ignis leader."	"Jesteś ostatnią osobą, której opinią bym się przejmował,"" Alex powiedział i wyjął broń. Musiał przyznać, że Colten był utalentowany przynajmniej w wyprowadzaniu go z równowagi. ""Umówmy się tak: wyzywam cię na pojedynek. Zwycięzca przejmuje całą energię Ignis i staje się nowym przywódcą."
IgnisManorOnFire_Colten_80	Dialogue	"""Hah, an outsider like you!?"" Colten exclaimed, but there was now fear apparent in his eyes. He must have expected Alex to try and negotiate with him now that Colten became the de-facto leader of Ignis."	"""Ty, facet z zewnątrz!?"" Colten odparł, teraz już ze strachem w oczach. Wyglądało na to, że spodziewał się negocjacji ze strony Alexa skoro Colten stał się już faktycznym przywódcą Ignis."
IgnisManorOnFire_Colten_90	Dialogue	"I've already learned how things work around here,"" Alex said as he shrugged his shoulders. ""If you backstab the current leader, you take his spot. After all, you forced me to witness exactly that not so long ago."	"Już nauczyłem się, jak sprawy się tutaj mają,"" Alex powiedział i wzruszył ramionami. ""Jeśli wbije się nóż w plecy obecnego przywódcy, to przejmuje się jego stanowisko. Bądź co bądź, to zmusiłeś mnie do zobaczenia tego całkiem niedawno."
IgnisManorOnFire_Colten_100	Dialogue	"""And you seriously think you stand a chance against me? With that pathetic amount of Ignis Energy you've managed to scrounge up so far?"" Colten said without hiding his disdain."	"""Naprawdę myślisz, że masz jakiekolwiek szanse w walce ze mną? Przy pomocy tek krzty Energii Ignis, którą udało ci się uciułać?"" Colten powiedział z nieskrywaną pogardą."
IgnisManorOnFire_Colten_101	Dialogue	"I admit, you mastered the Ignis Energy much more than I thought you would. But do you think that will be enough?"" Colten said as he took out the Plunderer. ""Enough against someone who dedicated his whole life to mastering it?"	"Przyznaję, że lepiej opanowałeś władanie Energią Ignis, niż zakładałem. Ale naprawdę myślisz, że to wystarczy?"" Colten zapytał się i wyjął Grabieżcę. ""Myślisz, że to wystarczy na kogoś, kto całe życie poświęcił trenowaniu, jak nią władać?"
IgnisManorOnFire_Colten_102	Dialogue	"Damn it all!"" Colten said as he seemed to have finally realized there was no backing out of this. He unsheathed the Plunderer and pointed it towards Alex, but the gesture looked more fearful than threatening. ""I don't know <i>how</i> you managed to get this crazy strong when it comes to the Ignis Energy, but do you seriously think I'm going to go down so easily!?"	"Niech to szlag!"" Colten powiedział gdy zdał sobie sprawę, że z tego już się nie wymiga. Wyciągnął Grabieżcę i skierował go w stronę Alexa, ale ten gest był przepełniony strachem zamiast groźbą. ""Nie wiem <i>jakim</i> sposobem stałeś się tak cholernie silny jeśli chodzi o Energię Ignis, ale czy naprawdę myślisz, że ot tak po prostu dasz radę mnie pokonać!?"
IgnisManorOnFire_Colten_110	Dialogue	"I do. But before that, let's change location,"" Alex said as he walked out of the meeting room. Seeing Colten still frozen stiff in place, he clicked his tongue and added, ""Save the last shreds of your dignity and come willingly. Before I'm forced to drag you with me."	"Dokładnie tak. Ale zanim to się stanie powinniśmy zmienić lokalizację,"" Alex powiedział i wyszedł z pokoju narad. Widząc, że Colten nadal stał wryty w ziemię, to chrząknął i dodał, ""Zachowaj resztki godności i chodź po dobroci. Zanim zmusisz mnie, żebym cię tam zaciągnął siłą."
IgnisManorOnFire_Colten_120	Dialogue	"Although obviously reluctant, Colten nonetheless followed Alex to the forest clearing in front of the mansion. He seemed to have only now noticed the extent of destruction his decision had brought about. ""That's... not what I was promised."""	"Choć niechętnie, Colten mimo wszystko podążył za Alexem do polany przed wejściem do dworu. Wyglądało na to, że dopiero teraz zauważył ogrom zniszczeń które wywołała jego decyzja. ""To nie to... mi obiecał."""
IgnisManorOnFire_Colten_130	Dialogue	"Promised by whom?"" Alex asked as he prepared for the upcoming duel. ""Drake or the Shadow? Not even sure which is dumber either way."	"Kto ci niby obiecał?"" Alex zapytał gdy przygotowywał się do pojedynku. ""Drake czy Cień? Nawet nie jestem pewny, w którym wypadku wyszedłbyś na większego idiotę."
IgnisManorOnFire_Colten_140	Dialogue	"""Easy for you to say!"" Colten said as he grit his teeth. ""<i>You</i> were born strong! You never had to work hard for anything, you don't know how difficult it is to prove your worth in this place, to leave a lasting mark!"" he continued and pointed towards the line of monuments standing side by side."	"""Łatwo ci mówić!"" Colten powiedział i zacisnął zęby. ""<i>Ty</i> urodziłeś się potężny! Nigdy nie musiałeś ciężko na cokolwiek pracować, nie wiesz jak trudno jest udowodnić tutaj swoją wartość, zostawić po sobie trwały ślad!"" dodał i wskazał na szereg monumentów stojących przy sobie."
IgnisManorOnFire_Colten_150	Dialogue	"At that moment, great power swelled in Alex's body. It was a surge of Ignis Energy completely unlike anything he felt so far, a culmination of the journey that led him here. ""Look just how <i>lasting</i> those actually are!"" Alex shouted and, acting on instinct, he gathered the power into the edge of his blade and promptly released it."	"W tym momencie wielka siła wypełniła ciało Alexa. Był to zastrzyk Energii Ignis większy niż wszystko inne jak dotąd; kulminacja podróży, która go tutaj przyprowadziła. ""Popatrz, jak <i>trwałe</i> one tak naprawdę są!"" Alex krzyknął i, działając pod wpływem instynktu, zebrał całą moc w ostrze miecza i z impetem ją uwolnił."
IgnisManorOnFire_Colten_160	Dialogue	"The wave of flames consumed all 7 monuments, reducing them to shreds and leaving the land clean, as if nothing was ever there. ""Consumed by flames in just an instant, just like everything else in this place!"" A sense of fulfillment filled Alex, coupled with gratitude from some unknown entity. Now he was ready fight and decide the fate of the Ignis family."	"Fala ognia pochłonęła wszystkie 7 monumentów, zamieniając je w garść złomu i oczyszczając ziemię na której stały, tak jakby nic nigdy tam nie było. ""Pochłonięte przez ogień w jedną chwilę, tak jak wszystko inne w tym miejscu!"" Poczucie spełnienia wypełniło Alexa, w połączeniu z wdzięcznością od jakiegoś nieznanego bytu. Teraz był gotowy by walczyć o przyszłość rodziny Ignis."
IgnisManorOnFire_Colten_170	Dialogue	"After Colten released his guard and realized that one's legacy could crumble to dust this easily, he fell to his knees. ""But... if even that isn't worth a damn... then what else is there?"""	"Gdy Colten opuścił gardę i zdał sobie sprawę jak łatwo czyjeś dziedzictwo może obrócić się w proch, upadł na kolana. ""Ale... jeśli nawet to jest nic nie warte... to co innego pozostaje?"""
IgnisManorOnFire_Colten_180	Dialogue	"That... you'll have to figure out on your own,"" Alex said as he took a step forward. ""I've already found my answer. It's what ultimately brought the two of us to this place. Why we're about to face off once and for all."	"Odpowiedź na to... będziesz musiał znaleźć sobie sam,"" powiedział Alex i dał krok naprzód. ""Ja swoją już znalazłem. To właśnie sprawiło, że oboje tutaj stoimy. Że zaraz mamy się ze sobą zmierzyć."
IgnisManorOnFire_Colten_190	Dialogue	"Chivalry and betrayal, is it?"" Colten muttered as he let out a self-demeaning chuckle. ""Guess that must have been the old man's dying wish. He did seem particularly obsessed with it as of late."	"Honor i zdrada?"" Colten wymamrotał i zaśmiał się z siebie. ""To musiało być ostatnie życzenie staruszka. Ostatnio miał obsesję na tym punkcie."
IgnisManorOnFire_Colten_200	Dialogue	"Seemingly having come to a conclusion, Colten got up from the ground and prepared for battle. ""Fine then. This is the path that brought me to this point, so let's see what kind of conclusion it will show me."" As if to shake off all his doubts, he charged toward Alex with a blazing determination. And Alex responded in kind."	"Być może doszedłszy do pewnej konkluzji, Colten wstał z kolan i przygotował się do walki. ""Niech będzie. Ta ścieżka przyprowadziła mnie w to miejsce, więc zobaczmy jaki finał mi ona pokaże."" Skoczył on wprost w stronę Alexa tak jakby chciał otrząsnąć się ze wszystkich wątpliwości. I Alex odpowiedział tym samym."
IgnisManorOnFire_IgnisConclusion_0	Dialogue	"""And there you have it..."" Colten said as he fell to his knees, his Ignis energy completely absorbed by Alex. ""You've proven that you're the stronger one. So do what you're best at, and break my Energy Core or kill me. Both are the same to me."" There was obvious desperation visible in his face, but Colten faced his upcoming fate with a surprising degree of grace."	"""No i po wszystkim..."" Colten powiedział i upadł na kolana, energia Ignis kompletnie pochłonięta przez Alexa. ""Udowodniłeś, że jesteś silniejszy. Więc zrób to, co robisz najlepiej i zmiażdż mój Rdzeń Energii albo mnie zabij. Na jedno wychodzi."" Na jego twarzy widać było desperację, ale Colten wyszedł na spotkanie zbliżającej się zagładzie z zaskakującą gracją."
IgnisManorOnFire_IgnisConclusionReap_0	Dialogue	"""I won't take any chances."" *Shatter Colten's Energy Core*"	"""Nie zamierzam ryzykować."" *Roztrzaskaj Rdzeń Energii Coltena*"
IgnisManorOnFire_IgnisConclusionSpare_0	Dialogue	"""That's not why I came here."" *Leave Colten's innate power intact*"	"""Nie po to tutaj jestem."" *Pozostaw naturalną moc Coltena w spokoju*"
IgnisManorOnFire_IgnisConclusionReap_10	Dialogue	"""I won't take any chances,"" Alex said as he coated his fist with a specific type of energy and plunged it slightly below Colten's solar plexus. The intricate web of connecting veins known as Energy Core thus ruptured, causing Colten to lose his breath for a few moments."	"""Nie zamierzam ryzykować,"" powiedział Alex i wypełnił swoją pięść specyficznym typem energii i uderzył nią nieco poniżej splotu słonecznego Coltena. Skomplikowana sieć żył znana jako Rdzeń Energii została tym samym trwale uszkodzona, pozbawiając Coltena oddechu na kilka chwil."
IgnisManorOnFire_IgnisConclusionReap_20	Dialogue	"So that's how it ends,"" Colten said as he let out a sorrow-filled chuckle. ""Reduced to a cripple and refused even the mercy of an honorable death. Well, not that I deserve such a things after all the things I've done."	"Więc tak to się kończy,"" Colten powiedział z ponurym śmiechem. ""Zredukowano do kaleki i pozbawiony nawet honorowej śmierci. Nie żebym na coś takiego zasługiwał po wszystkim co zrobiłem."
IgnisManorOnFire_IgnisConclusionReap_30	Dialogue	"Don't get me wrong,"" Alex said as he retracted his fist. Colten's meek attitude rubbed him the wrong way. ""I'm not doing this as a revenge. I just couldn't afford having to constantly watch my back while fighting Drake."	"Nie zrozum mnie źle,"" Alex powiedział gdy wyciągnął z powrotem pięść. Potulna postawa Coltena nieco go irytowała. ""Nie robię tego w ramach zemsty. Po prostu nie mogłem pozwolić sobie na ciągłe martwienie się o moje plecy podczas walki z Drake."
IgnisManorOnFire_IgnisConclusionReap_40	Dialogue	"The great Alex Wester being afraid?"" Colten asked as if mocking him. ""Didn't you learn that a surprise attack loses its value once it becomes expected?"	"Wielki Alex Wester czegoś się boi?"" Colten zapytał się drwiącym tonem. ""Nie nauczyłeś się, że ataki z zaskoczenia tracą na wartości gdy się ich spodziewa?"
IgnisManorOnFire_IgnisConclusionReap_50	Dialogue	"You and all your Ignis predecessors somehow managed to ascend beyond that."" Alex quickly scrutinized his surroundings and then added, ""Although <i>you</i> specifically needed the help of one shady being for your Inheritance Ceremony to succeed."	"Ty i twoi poprzednicy z Ignis jakoś sobie poradzili mimo tego."" Alex szybko rzucił okiem na otoczenie, po czym dodał, ""Choć <i>ty</i> akurat potrzebowałeś pomocy od pewnej specyficznej istoty, żeby twoja Ceremonia Dziedziczenia zakończyła się sukcesem."
IgnisManorOnFire_IgnisConclusionSpare_10	Dialogue	"That's not why I came here,"" Alex said as he sheathed his weapons and let out a deep sigh. ""I'm here to save as many victims of your idiotic decision as possible. And while I'm at it, also take back all the Ignis energy you stole from Blaine."	"Nie po to tutaj jestem,"" Alex powiedział i schował swoje bronie, po czym westchnął. ""Jestem tu, by uratować jak najwięcej ofiar twojej idiotycznej decyzji. A przy okazji żeby odzyskać jak najwięcej energii Ignis, którą ukradłeś od Blaine-a."
IgnisManorOnFire_IgnisConclusionSpare_20	Dialogue	"That's the Ignis way!"" Colten shouted as he forced his exhausted body to move. ""You are stronger, so you have the right to take it for yourself. But you have no right to criticize anything I did!"	"Tak postępuje Ignis!"" Colten krzyknął i zmusił swoje ciało do ruszenia się. ""Jesteś silniejszy więc masz prawo wziąć tą energię dla siebie. Ale nie masz prawa krytykować tego, co zrobiłem!"
IgnisManorOnFire_IgnisConclusionSpare_30	Dialogue	"""Sounds like a convenient excuse,"" Alex said as he shrugged his shoulders. ""For once in your life take responsibility for your actions. Don't just keep repeating that it's the 'Ignis tradition' or 'you had no other choice'. You're a grown man, so act like it,"" Alex added and shook his head."	"""Brzmi jak wygodna wymówka,"" Alex powiedział i wzruszył ramionami. ""Choć raz w życiu weź odpowiedzialność za swoje czyny. Nie powtarzaj ciągle o 'tradycji Ignis' albo że 'nie miałeś innego wyboru'. Jesteś dorosłym facetem, więc zachowuj się jak przystało,"" Alex dodał z wyrzutem."
IgnisManorOnFire_IgnisConclusionSpare_40	Dialogue	"Seeing Alex walking right past him, Colten forced his body to stand up. ""Not gonna... finish me off?"" he said with great difficulty. ""Not afraid that I'll come back stronger... and make you regret showing me mercy today?""."	"Widząc, że Alex przechodzi tuż obok niego, Colten zmusił swoje ciało do powstania. ""Nie masz zamiaru... mnie wykończyć?"" powiedział z wielkim trudem. ""Nie boisz się, że wrócę silniejszy... i że pożałujesz okazanej dzisiaj litości?"""
IgnisManorOnFire_IgnisConclusionSpare_50	Dialogue	"Maybe. If you train to the point where you're once again a threat to me, then you'll deserve to have your revenge,"" Alex said. He then stopped for a moment and added, ""At least that time around, it would have been earned through hard work, and not by making deals with some shady being."	"Może. Jeśli będziesz ćwiczył tak intensywnie, że znowu będziesz dla mnie zagrożeniem, to zasłużysz sobie tym na zemstę,"" powiedział Alex. Następnie stanął w miejscu i dodał. ""Przynajmniej tym razem byłoby to coś na co zapracowałeś własną ciężką pracą, a nie robieniem układów z jakimś cienistym stworem."
IgnisManorOnFire_IgnisConclusionSpare_60	Dialogue	"""The damn Shadow, huh?"" Colten said as he let out a defeated sigh. ""Guess everything went wrong from the moment I contacted that detestable thing. For all it's worth, at least I won't need to look at it from now on."" With all of his power spent, Colten lost consciousness and collapsed on the ground."	"""Cholerny Cień,"" Colten powiedział z rezygnacją na twarzy. ""Wszystko zaczęło się chrzanić od momentu gdy spotkałem to paskudne coś. Jeden plus jest taki, że od teraz nie będę musiał tego oglądać."" Wykorzystawszy całą swoją moc, Colten stracił przytomność i upadł na ziemię."
IgnisManorOnFire_IgnisConclusion_20	Dialogue	"Since all threats in the forest clearing were already dealt with, Alex left Colten behind and moved to bring the situation in the manor under control. Once he arrived in front of the mansion doors, he was greeted by the Ignis captain. ""What, up for a rematch?"" Alex feigned confidence, but he was quite spent after all the fights he just went through."	"Jako że wszystkie zagrożenia na polanie były już usunięte, to Alex zostawił Coltena i wyruszył by ogarnąć sytuację w dworze. Gdy doszedł do drzwi wejściowych został powitany przez kapitana Ignis. ""A ty co, chcesz rewanżu?"" Alex udawał pewność siebie, ale był już wycieńczony ciągłymi walkami."
IgnisManorOnFire_IgnisConclusion_30	Dialogue	"Having witnessed your duel, I officially recognize you as the next Ignis family head,"" the captain said and bowed his head. Despite the exhaustion and injuries, he made sure that the entire gesture was performed without even the slightest blemish. ""What is your order?"	"Po zobaczeniu twojego pojedynku akceptuję cię jako następną głowę rodziny Ignis,"" kapitan powiedział i pochylił głowę. Mimo zmęczenia i odniesionych ran, nadal upewnił się, że ruch będzie wykonany bez najmniejszego błędu. ""Jaki jest twój rozkaz?"
IgnisManorOnFire_IgnisConclusion_40	Dialogue	"""First off, let's get these fires under control,"" Alex said as he sighed. He had no intention of actually becoming the Ignis leader. He planned to appoint suitable personel to the most important positions and handle most bureaucratic issues for him. This method should last him until the upcoming Eclipse. And if he survived past that point, then he would think what to do after that."	"""W pierwszej kolejności zajmijmy się tymi pożarami,"" Alex powiedział i westchnął. Nie miał najmniejszego zamiaru stania się faktycznym przywódcą Ignis. Planował wyznaczenie odpowiednich osób na ważne stanowiska do zajmowania się biurokracją. Ten sposób powinien wystarczyć do Zaćmienia. Myślenie o przyszłości zostawił na później, gdy już będzie miał pewność, że dał radę przeżyć."
IgnisManorOnFire_IgnisConclusion_50	Dialogue	"But before any long-term plans could be put into motion, Alex had to put out the fires raging right in front of his face. ""Quite the mess our dear previous family head left me with,"" he said with a sigh and got to work. Fortunately, the Ignis energy seemed to be slowly receding, as if acknowledging that Ignis would now head in an entirely new direction. Whether it was a good or bad thing, only time would tell."	"Ale zanim mógł wprowadzić w życie jakiekolwiek daleko idące plany, Alex musiał ugasić pożary palące się tuż przed jego twarzą. ""Cóż za bałagan zostawiła mi nasza kochana poprzednia głowa rodziny,"" powiedział z rezygnacją i zabrał się do roboty. Na szczęście energia Ignis wydawała się już zanikać, tak jakby uznała fakt, że Ignis teraz zacznie kroczyć inną ścieżką. To, czy ta ścieżka będzie lepsza czy gorsza pozostawało do rozstrzygnięcia."
AnimaIsland_IrisFirstEncounter_0	Dialogue	As Alex jumped down from the boat that carried him to the main Anima Island, he landed himself right next to quite an unexpected sight. A young woman was being surrounded by a group of Anima warriors, led by none other than Maginhart. With no extra context he had difficulty deciding whether he should step in or not.	
AnimaIsland_IrisFirstEncounter_10	Dialogue	"""Alex Wester,"" said Maginhart as it cast its gaze towards Alex. It seemed... hollow, inhuman. Even moreso than what he witnessed in the Ignis Manor. ""What a curious timing for you to appear. This exact moment, in this exact place..."" It seemed to be thinking about something quite intently."	
AnimaIsland_IrisFirstEncounter_20	Dialogue	"Curious indeed,"" Alex said as he shrugged his shoulders and then dashed right into the fray. ""But since I'm here now, mind explaining what I'm witnessing? You surely realize how awful this whole situation seems to a random bystander."	
AnimaIsland_IrisFirstEncounter_30	Dialogue	"Alex Wester,"" the blonde woman said with a somewhat absent-minded expression. ""I suppose it's about time you came. Here to learn about the Anima energy, I assume?"	
AnimaIsland_IrisFirstEncounter_40	Dialogue	"That's right,"" Alex replied, taken somewhat off-guard. ""Although I wonder how you know about that."	
AnimaIsland_IrisFirstEncounter_50	Dialogue	"That's hardly important right now,"" the woman said as she readied her weapons. ""Help me escape from Maginhart, and I'll teach you more about Anima energy than I ever could."	
AnimaIsland_IrisFirstEncounter_60	Dialogue	"So you claim,"" Alex said, not entirely convinced. He then turned his gaze turned towards Maginhart and its entourage. ""Could you maybe explain why you're chasing this woman?"	
AnimaIsland_IrisFirstEncounter_70	Dialogue	"Iris is a sinner that has yet to finish serving her sentence,"" said Maginhart in its emotionless, inhuman voice. ""In order to maximize the chances of defeating Leo, capturing her is of vital importance."	
AnimaIsland_IrisFirstEncounter_80	Dialogue	"'Yet to serve my sentence'!?"" Iris shouted in response, her voice filled with unbridled rage. ""For you to have the gall to say that! But then again, it's exactly because you're not human that you can spout such drivel."	
AnimaIsland_IrisFirstEncounter_90	Dialogue	"The nature of my existence is completely irrelevant. The only thing that matters are my final goal, and the precepts that guide me onto the right path,"" Maginhart said as it shook its head. It then turned towards Alex and asked, ""Alex Wester. Help me deal with this situation, and I shall teach you about the Anima energy."	
AnimaIsland_IrisFirstEncounter_100	Dialogue	"Do not listen to it,"" Iris as she shook her head. ""Believe me or not, but I am the creator of Anima energy. The tin can over there could maybe give you some mindless instructions, but it could never guide you onto the right path."	
AnimaIsland_IrisFirstEncounter_110	Dialogue	<i>Maginhart and her warriors are a crucial part of the Western Alliance. Do I really want to antagonize them over the words of a random fugitive?</i> Alex wondered as he weighted the pros and cons in his mind. <i>Then again, there is some truth to her words. I can feel an extremely strong Anima energy coming from her body. Compared to it, what I feel from Maginhart feel like... leftovers. How come?</i>	
AnimaIsland_IrisFirstEncounterHelpIris_0	Dialogue	"""Alright, I'll help you deal with them."" *Fight Maginhart*"	
AnimaIsland_IrisFirstEncounterHelpIris_10	Dialogue	"""Alright, I'll help you deal with them,"" Alex said, deciding to trust his instincts instead of his rational judgment."	
AnimaIsland_IrisFirstEncounterHelpIris_20	Dialogue	"You won't regret it,"" Iris said as she smiled, her mood obviously uplifted. ""With your help, I might actually make it out of this place."	
AnimaIsland_IrisFirstEncounterHelpIris_30	Dialogue	"Maginhart did not seem particularly disturbed by Alex's betrayal. ""A regrettable decision, but it matters not how much your blade strays, as long as it ends up pointed towards Drake's heart in the end."" It then turned towards its entourage and said, ""Do entertain our guest, if you will."""	
AnimaIsland_IrisFirstEncounterHelpMaginhart_0	Dialogue	"""Fine. I'll assist you with capturing the fugitive."" *Fight Iris*"	
AnimaIsland_IrisFirstEncounterHelpMaginhart_10	Dialogue	"""Fine. I'll assist you with capturing the fugitive,"" Alex said as he turned his blade onto Iris standing beside him."	
AnimaIsland_IrisFirstEncounterHelpMaginhart_20	Dialogue	"The woman seemed suprisingly unperturbed by the sudden increase in enemies targeting her. She simply sighed and said, ""From your perspective, this must have been the only choice that made sense, so I won't blame you. Still, I <i>was</i> hoping for better judgment on your part."""	
AnimaIsland_IrisFirstEncounterHelpMaginhart_30	Dialogue	"Seeing that neither Maginhart nor her entourage was preparing for a fight, Alex turned towards them. ""Wait, you're not joining?"""	
AnimaIsland_IrisFirstEncounterHelpMaginhart_40	Dialogue	Treat this as the very first step on your road to mastery of Anima energy. Clashing against a strong opponent is surely the best method.	
AnimaIsland_AfterFirstFight_0	Dialogue	"...Prolonging this fight any further would be needlessly dangerous,"" Maginhart said as it surveyed the site of the battle. ""Iris, surely you realize that there is no escaping from this island, and by extension, from your fate. Cease this pointless struggle. "	
AnimaIsland_AfterFirstFight_10	Dialogue	"Is that supposed to convince me!?"" Iris shouted back. ""After all these years, all this mind-numbing... non-existence! Do you seriously think I would meekly give myself up simply because the odds are not in my favor!?"	
AnimaIsland_AfterFirstFight_20	Dialogue	"Surely you must realize that by running around like this, you are playing into the enemy's hands,"" Maginhart said as it shook its head in disapproval. ""Do you think it a simple coincidence that you were released <i>now</i>, of all times?"	
AnimaIsland_AfterFirstFight_30	Dialogue	"""You think I care? The fact I'm finally free from the torment is the only thing that concerns me,"" Iris said as she once again aimed her blades towards Maginhart, ready to defend herself."	
AnimaIsland_AfterFirstFight_40	Dialogue	Then the long years have devolved you into no more than a mindless animal. It seems your imprisonment was a necessary measure after all.	
AnimaIsland_AfterFirstFight_50	Dialogue	"""I have no interest in the wishes of people who lived 200 years ago. Nor about the puppets they left behind to enforce their will."" Alex's spine tingled, signalling that the conversation was getting dangerously close to triggering the 'Forbidden Knowledge' punishment. Fortunately, Iris realized as much and refrained from pushing the issue any further."	
AnimaIsland_AfterFirstFight_60	Dialogue	"And therin lies the problem, Iris,"" Maginhart said as it scanned Iris with its unfeeling gaze. ""For even if you have no interest in them, that does not stop them from holding an interest in you. But this discussion leads us nowhere, so let me propose a compromise."	
AnimaIsland_AfterFirstFight_70	Dialogue	"Interesting,"" Iris said as she lowered her blades for the moment. ""State your conditions."	
AnimaIsland_AfterFirstFight_80	Dialogue	"Pass your knowledge onto Alex, and I shall guarantee your freedom within confines of the island,"" Maginhart said after a moment of contemplation. ""I cannot risk letting you out into the world, but granting you a year of freedom should be a decent enough of a compromise."	
AnimaIsland_AfterFirstFight_90	Dialogue	"A year of freedom, just to wake up back in my 'jail' once the next cycle arrives?"" Iris said with a grimace. ""Still, I suppose it is better than the alternative."	
AnimaIsland_AfterFirstFight_100	Dialogue	"""Wait, how do you know about the 'time loops'!?"" Alex asked, taken off-guard by the sudden comment."	
AnimaIsland_AfterFirstFight_110	Dialogue	"Without getting into unnecessary details, both me and Maginhart are immune to those kinds of... 'memory manipulation events', so to speak,"" Iris said. Seeing Maginhart finally leaving them alone, she gestured for Alex to follow her."" Let us depart. The sooner you master Anima energy, the sooner I can enjoy my newfound freedom, fleeting as it may be."	
AnimaIsland_AfterFirstFight_120	Dialogue	Aren't you afraid that Maginhart won't uphold its end of the deal?	
AnimaIsland_AfterFirstFight_130	Dialogue	"Hah! That is one novel idea: a machine that can lie,"" Iris said as she stifled a laugh. ""Maginhart may be many things, but a 'liar' is definitely not one of them. Anyway, focus on the task at hand."	
AnimaIsland_AfterFirstFight_140	Dialogue	And what's the plan?	
AnimaIsland_AfterFirstFight_150	Dialogue	"Simple. This place is brimming with Anima energy, so keep overcoming strong opponents until you get the hang of it,"" Iris said as she shrugged her shoulders. ""And remember: brute force won't get you anywhere. You need to analyze the enemy's movements, predict their next attack and respond accordingly."	
AnimaIsland_AfterFirstFight_160	Dialogue	"""Got it,"" Alex said as he mentally prepared himself to face off against the best the Anima warriors had to offer."	
AnimaIsland_MaginhartInfo_0	Dialogue	"""...Is there anything you wish to inquire about?"" Maginhart asked once it saw Alex approaching."	
AnimaIsland_MaginhartInfoLeave_0	Dialogue	"""Guess I don't have anything to ask for now."" *Leave*"	
AnimaIsland_MaginhartInfoEnergy_0	Dialogue	Is there anyone in particular I should fight in order to acquire Anima energy?	
AnimaIsland_MaginhartInfoEnergy_10	Dialogue	Is there anyone in particular I should fight in order to acquire Anima energy?	
AnimaIsland_MaginhartInfoEnergy_20	Dialogue	"In general, anyone on this island will do,"" Maginhart said as it pointed towards the forests. ""Even the smugglers and bandits hiding over there would be sufficient. Anyone able to make it to this place and survive should be enough to be a threat. And don't worry about destroying anything. Everything is replacable and shall be replenished before long."	
AnimaIsland_MaginhartInfoEnergy_30	Dialogue	"""...I hope you're talking only about the environment,"" Alex said as he could not shake away the feeling of discomfort. The only answer he received was Maginhart's meaningful silence."	
AnimaIsland_MaginhartInfoIris_0	Dialogue	For what crime was Iris being pursued?	
AnimaIsland_MaginhartInfoIris_10	Dialogue	For what crime was Iris being pursued?	
AnimaIsland_MaginhartInfoIris_20	Dialogue	"There are certain kinds of knowledge in this world that are the privilege of the strong,"" Maginhart said as it shook its head. ""Once before, you were allowed to learn such information, and you will no doubt reach those heights yet again. But for now, all I can say is this: Iris made a great mistake, and she is serving her sentence so that she can help undoing it."	
AnimaIsland_MaginhartInfoIris_30	Dialogue	"What kind of mistake?"" Alex asked. Fortunately, the punishment of 'Forbidden Knowledge' gave ample warning to stop the conversation if it got dangerous, so Alex continued his questioning. ""Did she hurt someone?"	
AnimaIsland_MaginhartInfoIris_40	Dialogue	"Not directly, but that is no excuse given the catastrophic result."" Maginhart said. The tone of its voice was as robotic as ever, but Alex could swear that he could detect a hint of melancholy. ""If it were not for her overconfidence, her hubris, we would not have to-"" Maginhart started saying, but then stopped itself once 'Forbidden Knowledge' warned that it was about to strike. ""...Forget it. Just know one thing: in the end, all suffering in this world comes back to her single, fatal mistake."	
AnimaIsland_MaginhartInfoIris_50	Dialogue	"""I find that... difficult to believe',"" Alex said, unable to think of any better words. ""And quite self-centered, to be honest."" He looked at Iris standing off to the side. Despite hearing everything that was said about her, she did not deny even a single word."	
AnimaIsland_MaginhartInfoFamily_0	Dialogue	Can you tell me about the Anima family?	
AnimaIsland_MaginhartInfoFamily_10	Dialogue	There's hardly any information available about the Anima family. Can you tell me a bit more bout it?	
AnimaIsland_MaginhartInfoFamily_20	Dialogue	"That does not seem to be a necessary step to acquiring the Anima Energy, but fair enough, let me indulge you,"" Maginhart said as it seemed to wonder for a bit where to begin. ""The Anima family is a forge. It specializes in creating weapons such as myself and the warriors you have seen before. It shall continue to produce weapons until its goal is accomplished."	
AnimaIsland_MaginhartInfoFamily_30	Dialogue	"Weapons?"" Alex said as his face distorted into a grimace. In the shadows, people often referred to Enforcers as 'living weapons', but this was his first time having something like that said straight up. ""I don't know much about you, but at the very least your surbordinates seem like living, breathing humans. And they deserve to be treated as such."	
AnimaIsland_MaginhartInfoFamily_40	Dialogue	"You are incorrect in that regard, mister Alex,"" Maginhart with a completely nonplussed attitude. ""While your words may be noble, they are wasted on those gathered on this island. From the moment we set foot on this island, we members of the Anima family forsake all our human rights."	
AnimaIsland_MaginhartInfoFamily_50	Dialogue	"Don't you recruit children from orphanages and wandering gangs?"" Alex asked, having experienced one such event in his childhood. ""I don't think you can expect children to understand what they're agreeing to, especially given how extreme you are."	
AnimaIsland_MaginhartInfoFamily_60	Dialogue	"Your concerns are perfectly valid,"" Maginhart said as it nodded its head. ""That is exactly why as the children grow up, they are given multiple opportunities to leave the Anima family. And many do just that, and have their memories erased to prevent the Anima family secrets from being leaked outside. As far as I'm aware, virtually all of them manage to live a fairly regular life afterwards."	
AnimaIsland_MaginhartInfoFamily_70	Dialogue	Wait, does that mean that Iris-	
AnimaIsland_MaginhartInfoFamily_80	Dialogue	"Her case is special,"" Maginhart said as it cast its gaze towards Iris, who shrinked at the sudden attention. ""Although certainly a member of the Anima family, she <i>cannot</i> be allowed outside under any circumstances."	
AnimaIsland_MaginhartInfoFamily_110	Dialogue	"Sensing that he was about to intrude upon a piece of 'Forbidden Knowledge', Alex quickly changed the subject, ""There's one thing that has been bothering me most of my life. When I was part of a child gang in Ironhaven, we were approached by one of your recruiters. He offered most of us a trainee position in the Anima family, but I was one of the few ones who were denied the opportunity. Mind explaining your criteria?"""	
AnimaIsland_MaginhartInfoFamily_120	Dialogue	"That is very simple, mister Alex,"" Maginhart said. Alex almost felt as if a smile sprouted on its steel face. ""People like you are not compatible with the Anima training process. Self-centered, egoistic, unwilling to sacrifice for the greater good, confident in their own judgment and abilities: while those are perfect qualities of an 'Enforcer', they make you utterly incapable of becoming useful 'weapons'."	
AnimaIsland_MaginhartInfoFamily_130	Dialogue	"""...Are you mocking me right now?"" Alex asked. He was flabbergasted more than anything when the inhuman thing in front of him started to hurl insults at him."	
AnimaIsland_MaginhartInfoFamily_140	Dialogue	"Not at all,"" Maginhart said as it shook its head. ""After all, if it was not for those qualities of yours, we would lack a way of overcoming Drake's 'precognition'. But war requires not only 'heroes', but also 'weapons'. We of the Anima family understand that and accept our duty. We shall become the blade that severs the neck of the villain threatening the world. Even if we are to break in the process."	
AnimaIsland_MaginhartInfoFamily_150	Dialogue	"""...If only you limited that self-sacrifice to yourself and left people like Iris alone,"" Alex grumbled. Maginhart seemed eager to argue, but was promptly stopped by yet another threat from the 'Forbidden Knowledge'. As such, she could only clench her fists in silence."	
AnimaIsland_MaginhartInfoPillager_0	Dialogue	What's the deal with the weapon-collecting guy in the middle of the island?	
AnimaIsland_MaginhartInfoPillager_10	Dialogue	"What's the deal with the weapon-collecting guy in the middle of the island?"" Alex asked as he shot a quick glance in the strange man's direction. ""Doesn't exactly seem like he belongs here."	
AnimaIsland_MaginhartInfoPillager_20	Dialogue	"""It is against my directives to needlessly antagonize guests from... outside,"" said Maginhart, putting a weird amount of emphasis on the last part."	
AnimaIsland_MaginhartInfoPillager_30	Dialogue	"The odd pause did not escape Alex's attention, but the threat of 'Forbidden Knowledge' quickly deterred him from questioning any further. ""And you're just okay with him plundering weapons from your trainees?"""	
AnimaIsland_MaginhartInfoPillager_40	Dialogue	"Steel can be reforged. And there is no shortage of materials around here,"" Maginhart said without any hint of emotion. ""Anything that breaks and fails even at being reforged is ill-fit to become a weapon."	
AnimaIsland_MaginhartInfoPillager_50	Dialogue	"""...Right. How stupid of me, just what kind of answer did I expect to hear from you?"" Alex replied and sighed."	
AnimaIsland_WeaponPillagerShop_0	Dialogue	"""That's quite a lot of weapons you're carrying there,"" Alex said as he glanced at the mysterious man standing in the middle of the training grounds."	
AnimaIsland_WeaponPillagerShop_10	Dialogue	"""And yet, it's still way too little compared to what I wish to carry,"" the man said as he showed a mysterious smile. ""Alex Wester, I presume?"" the man said as he glanced towards his back. Despite the blindfold, his sticky gaze seemed to know exactly where each weapon was located."	
AnimaIsland_WeaponPillagerShop_20	Dialogue	"That I am,"" Alex said as he could not shake away the slight discomfort. ""What are you doing in this place?"	
AnimaIsland_WeaponPillagerShop_30	Dialogue	"Waiting for the harvest,"" the man said with a mysterious smile. ""You see, this whole island is akin to a rich farmland. It takes all my patience to avoid plucking the fruits before they ripen."	
AnimaIsland_WeaponPillagerShop_40	Dialogue	...And why, may I ask, is Maginhart tolerating your presence here?	
AnimaIsland_WeaponPillagerShop_50	Dialogue	It is not for me to try and understand the thoughts of the jail armor, but she does seem to consider this island to be a 'forge'. If so, I must be the anvil and hammer, necessary to bend the steel into proper shape. Even if some blades break in the process, the process is still necessary, and the sacrifices negligible.	
AnimaIsland_WeaponPillagerShop_60	Dialogue	"Just to make sure, you don't actually <i>kill</i> any of the people here, right?"" Alex said as he felt more and more uncomfortable. ""You just take away their weapon?"	
AnimaIsland_WeaponPillagerShop_70	Dialogue	"For a brief moment, the man seemed utterly dumbfounded. Then, he broke out in a fit of laughter. ""I seem to have forgotten I am dealing with the famous 'Core Reaper' here!"" the man said with clear ridicule in his voice."	
AnimaIsland_WeaponPillagerShop_80	Dialogue	"""And what do you mean by that?"" Alex said as he glared at the man."	
AnimaIsland_WeaponPillagerShop_90	Dialogue	"Please calm yourself, for you are not yet ripe for picking, mr Alex,"" the man said with a smile. ""What I meant is that people here are not gifted with an abundant Energy Core, nor with any significant talent. They keep pouring their efforts and energy into one singular weapon. But then their techniques are defeated, and said weapon taken away from them, all their life up until that point rendered meaningless. But yes, technically I don't actually <i>kill</i> them."	
AnimaIsland_WeaponPillagerShop_100	Dialogue	"Fine, I see what you're getting at,"" Alex said as he clicked his tongue. ""Anyway, you seem to carry quite a lot of inventory, so how about trading some of that for gold?"	
AnimaIsland_WeaponPillagerShop_110	Dialogue	"An interesting proposal,"" the man said as he scratched his chin in contemplation. ""While I'm not willing to part with finest parts of my collection, there are some items that are only slowing me down. Gold would be a preferable alternative."	
AnimaIsland_WeaponPillagerAttack_0	Dialogue	Your time on this island is at an end, mister Alex. And so, I have come to harvest the fruits of your labour!	
AnimaIsland_WeaponPillagerAttack_10	Dialogue	Magnificent. Let us meet again... in another future.	
AnimaIsland_WeaponPillagerAttack_20	Dialogue	Damn, most of this guy's weapons are corrupted by his weird Energy Core. Fortunately, some things are still usable.	
AnimaIsland_Cycle1Interactions_0	Dialogue	I have no business with you. The feeling should be mutual.	
AnimaIsland_Cycle1Interactions_5	Dialogue	Delivering supplies to this island is the best gig in the world. No changes in the last 200 years, and never any issue with the payment.	
AnimaIsland_Cycle1Interactions_10	Dialogue	Look, that guy doesn't seem to be from the Anima family! He should be easy pickings for us.	
AnimaIsland_Cycle1Interactions_11	Dialogue	Stop! We'll tell you everything! We sneaked onto this island using the daily boat, stole what we could, and were planning preparing to leave with the next transport.	
AnimaIsland_Cycle1Interactions_12	Dialogue	...You seriously thought nobody noticed you? They were just leaving you as useful training tools. Anyway, it seems like there is no extra boat hidden on the island that we could use.	
AnimaIsland_Cycle1Interactions_20	Dialogue	Damn, we've been found! Remember: leave no witnesses.	
AnimaIsland_Cycle1Interactions_25	Dialogue	...So even the Anima are not free from being infiltrated by spies. Probaby Drake's vanguard for when he rushes in here to restore his Anima energy.	
AnimaIsland_Cycle1Interactions_30	Dialogue	...There's something seriously wrong with the trees around here. I <i>just</i> cut that one down, but it's growing back already?	
AnimaIsland_Cycle1Interactions_40	Dialogue	The weapons scattered around here are so brittle. Completely devoid of any leftover energy.	
AnimaIsland_Cycle1Interactions_50	Dialogue	If you have the time to talk, you'd better spend it swinging your sword.	
AnimaIsland_Cycle1Interactions_60	Dialogue	Alex Wester. You're the one master Maginhart spoke of. Hopefully you won't betray her expectations.	
AnimaIsland_Cycle1Interactions_70	Dialogue	To get in the way of a duel between Guardians, you sure do have guts. I have no choice but to reward you in kind!	
AnimaIsland_Cycle1Interactions_71	Dialogue	Want to duel? Sure thing! I was getting bored of beating on that sturdy guy anyway.	
AnimaIsland_Cycle1Interactions_72	Dialogue	A two-on-two duel? Not an everyday thing for sure, I'm in.	
AnimaIsland_Cycle1Interactions_73	Dialogue	I shall engage in a duel with you as per master Maginhart's orders.	
AnimaIsland_Cycle1Interactions_74	Dialogue	An Anima warrior never backs down from a challenge. Bring it on.	
AnimaIsland_Cycle1Interactions_75	Dialogue	A duel? A tempting offer for sure. If I defeat you, I might get promoted to a guardian.	
AnimaIsland_Cycle1Interactions_80	Dialogue	Quite picturesque place, is it not? Hard to notice such things when you are busy running for your life.	
AnimaIsland_Cycle1Interactions_81	Dialogue	...Guess I'm not that different in that regard. Always running as if my life depends on it, not having the time to appreciate the view.	
AnimaIsland_Cycle1Interactions_90	Dialogue	It has been such a... mind-numbingly long time since I was able to simply walk along the shore like this.	
AnimaIsland_Cycle1Interactions_91	Dialogue	The chunks of steel littered all over the place kinda ruin the atmosphere though.	
AnimaIsland_Cycle1Interactions_92	Dialogue	But in a way, it also makes it more mysterious, does it not? I would wager that you could not find a beach like this anywhere else in the world.	
AnimaIsland_Cycle1Interactions_93	Dialogue	Being unique is not always a good thing, you know?	
AnimaIsland_Cycle1Interactions_100	Dialogue	Nice and quiet. One of the few places on this island not touched by the sound of violence and struggle.	
AnimaIsland_Cycle1Interactions_101	Dialogue	It does make me wonder: why are the Anima warriors practicing every single day? They did that even before Drake became a threat, so that can't be the reason.	
AnimaIsland_Cycle1Interactions_102	Dialogue	...We should depart. We have idled away too much precious time.	
AnimaIsland_Cycle1Interactions_110	Dialogue	I wonder what could possibly be the purpose behind building such a massive spire. Is it mere hubris? Or does it serve a practical purpose?	
AnimaIsland_Cycle1Interactions_111	Dialogue	It's both a jail and a weapon. But if you want to know more, you'd need to ask someone other than me. Just looking at the thing makes me want to throw up. Can't imagine actually discussing it at length.	
AnimaIsland_Cycle1Interactions_120	Dialogue	Access is restricted past this area. Please turn back.	
AnimaIsland_Cycle1Interactions_130	Dialogue	Wait, this one seems usable. Guess not every single one of these weapons turns into scrap.	
AnimaIsland_Cycle1Interactions_140	Dialogue	I have to say, fighting those 3 really broadened my horizons. To think you can use weapons in such a way...	
AnimaIsland_3MajorDuels	Dialogue	All Weapon [D]Damage increased by 15%.	
AnimaIsland_BlademasterPre_0	Dialogue	"""You seem a bit different from other people around here,"" Alex said as he approached a powerful-looking Anima warrior."	
AnimaIsland_BlademasterPre_10	Dialogue	"That would be because I am one of master Maginhart's direct disciples,"" the warrior said. Despite her deadpan expression, there was a hint of pride in her voice. ""Anima warriors are taught by the guardians, and the guardians are taught by us, the weaponmasters. But <i>we</i> are blessed to receive teachings directly from master Maginhart."	
AnimaIsland_BlademasterPre_20	Dialogue	"So you're saying Maginhart wields all sorts of different weapons?"" Alex asked as he cast a glance at other places around the island. ""Doesn't that go against the Anima doctrine?"	
AnimaIsland_BlademasterPre_30	Dialogue	"It takes a lifetime to master a weapon. Our doctrine only concerns those who have but a single lifetime at their disposal,"" the blademaster said, but quickly realized she might have revealed more than she should. ""Anyway, you came here to duel, is that correct?"	
AnimaIsland_BlademasterPreFight_0	Dialogue	Yeah, that's right.	
AnimaIsland_BlademasterPreFight_10	Dialogue	Yeah, that's right.	
AnimaIsland_BlademasterPreFight_20	Dialogue	In that case, let us not waste any more time.	
AnimaIsland_BlademasterPreNotYet_0	Dialogue	No. At least, not yet.	
AnimaIsland_SpearmasterPre_0	Dialogue	"As soon as Alex came close to a man wielding a massive spear, the man entered a combat stance. Taken off-guard by the unexpected show of animosity, Alex unsheathed his own weapon. After a few seconds of awkward silence, he finally asked, ""What was that about?"""	
AnimaIsland_SpearmasterPre_10	Dialogue	"""You came here to exchange blows, not words. Isn't that correct?"" the spearmaster said. If it were not for his deadpan face, he might have worn a flabbergasted expression."	
AnimaIsland_SpearmasterPre_20	Dialogue	"""Maybe, but normal people don't just pull their weapons out on someone without saying anything!"" Alex said without hiding his frustration."	
AnimaIsland_SpearmasterPre_30	Dialogue	"The Anima are definitely not ordinary. It is even debatable if we can be considered 'people',"" the spearmaster said without a hint of emotion in his voice. ""We are simply weapons prepared for a specific goal. And what value is there in a weapon that fails to accomplish its purpose?"	
AnimaIsland_SpearmasterPre_40	Dialogue	And that 'purpose' is to fight me?	
AnimaIsland_SpearmasterPre_50	Dialogue	"""For now, that's exactly right,"" the spearmaster replied. He seemed eager to start the duel, but the last shreds of common sense prevented him from rushing at Alex before confirming his consent."	
AnimaIsland_SpearmasterPreFight_0	Dialogue	Alright. If it's a fight you want, then it's a fight you'll get.	
AnimaIsland_SpearmasterPreFight_10	Dialogue	"""Alright. If it's a fight you want, then it's a fight you'll get,"" Alex said as he finally took out his weapon."	
AnimaIsland_SpearmasterPreFight_20	Dialogue	"""Took you long enough!"" the man shouted as he rushed at Alex with glee, showcasing an outburst of emotion quite rare around these parts."	
AnimaIsland_SpearmasterPreNotYet_0	Dialogue	You know what, I think I still have some things to do.	
AnimaIsland_BowmasterPre_0	Dialogue	"""I see my turn has come,"" the bow-wielding man said without a hint of emotion once he saw Alex approaching."	
AnimaIsland_BowmasterPre_10	Dialogue	"""Sure, but this place doesn't seem like a good place for a duel,"" Alex said as he cast a glance at the countless weapons scattered around the beach."	
AnimaIsland_BowmasterPre_20	Dialogue	Worry not. Forsaken weapons will crumble to dust under the slightest pressure. Were that not to be the case, this island would have already sank under the weight of all this steel.	
AnimaIsland_BowmasterPre_30	Dialogue	"Guess you do have a point,"" Alex said as he took a closer look at one of the weapons lying in the distance. ""What's the deal with those anyway? They don't seem to be made from any material I know of."	
AnimaIsland_BowmasterPre_40	Dialogue	"""I'm afraid to learn about that, you would need to ask master Maginhart,"" the bowmaster said with a polite smile."	
AnimaIsland_BowmasterPre_50	Dialogue	"""And receive the whole 'insufficient permissions' spiel?"" Alex asked with a sigh. He received yet another polite smile in response."	
AnimaIsland_BowmasterPreFight_0	Dialogue	All right, I think it's time for some friendly exchange of blows.	
AnimaIsland_BowmasterPreFight_10	Dialogue	"""All right, I think it's time for some friendly exchange of blows,"" Alex said with a wry smile as he took out his weapon."	
AnimaIsland_BowmasterPreFight_20	Dialogue	"""At your service,"" the man replied with a nonchalant expression."	
AnimaIsland_BowmasterPreNotYet_0	Dialogue	I have some other things to take care of first. But I'll be back, you can be sure of it!	
AnimaIsland_IrisTalk1_0	Dialogue	"Having defeated a formidable opponent, Alex stopped to catch his breath. ""An impressive display of skill,"" Iris said as she approached him from the side. ""Although I can clearly see that you're still struggling to adapt to your sudden loss of power."""	
AnimaIsland_IrisTalk1_10	Dialogue	"Yeah. And I'm here to regain at least some of it,"" Alex said with a sigh. ""It is certainly humbling to struggle against opponents I would have effortlessly crushed before."	
AnimaIsland_IrisTalk1_20	Dialogue	"So is it power you are after?"" Iris asked as she seemed to try and see through Alex's true nature. ""Or that which power would enable you to do?"	
AnimaIsland_IrisTalk1_30	Dialogue	"There's someone I need to defeat. It's as simple as that,"" Alex said as he grit his teeth. ""Not a bad guy by any means, but all the power got to his head and now he needs someone to knock some sense into him."	
AnimaIsland_IrisTalk1_40	Dialogue	"Being forced to fight someone you care about, huh?"" Iris said with a tinge of melancholy in her voice. ""I hope your conviction does not fail you before the task is finished."	
AnimaIsland_IrisTalk2_0	Dialogue	"Having overcome another mighty foe, Alex could feel something stirring within his body. A few more duels like that and he would indeed awaken the Anima Energy. ""If I tried really, really hard, would it be possible to swim to the mainland, I wonder,"" Iris muttered as she observed the waves with an absent-minded expression."	
AnimaIsland_IrisTalk2_10	Dialogue	"""Doesn't seem likely. The waves are quite fierce once you make it to the sea, trust me on that,"" Alex said as he recalled the shaky voyage to the Anima Island. No matter how strong his body became, he was never able to overcome his sea sickness."	
AnimaIsland_IrisTalk2_20	Dialogue	"As if the damned spire and flooded jail were not enough, even the island itself works as a way to trap me here,"" Iris said as she sighed. ""I suppose there are no boats hidden anywhere on the island, are there?"	
AnimaIsland_IrisTalk2_30	Dialogue	"...You are quite desperate to escape from here, are you?"" Alex said as he observed Iris from the side. ""Is a year of freedom so unappealing if it's spent on this island?"	
AnimaIsland_IrisTalk2_40	Dialogue	"""The main issue is that I'm guaranteed to teleport back to my 'jail cell' once one year passes,"" Iris said as she let out a tired sigh. ""The only chance would be for you to overcome Drake in this cycle, but seeing your current power, I'm certainly keeping my expectations in check,"" she added with a wry smile on her face."	
AnimaIsland_IrisTalk2_50	Dialogue	"""Who knows? Maybe you're in for a surprise,"" Alex said as he gestured for Iris to follow him to the next opponent."	
AnimaIsland_IrisTalk3_0	Dialogue	"Seems like you're reaching the limit of what you can learn at your current level,"" Iris said as she closely observed Alex's body. ""You'll probably want to visit again during future cycles for some extra training."	
AnimaIsland_IrisTalk3_10	Dialogue	Are you going to repeat the very same training then? It seems like I've already defeated the strongest this island had to offer.	
AnimaIsland_IrisTalk3_20	Dialogue	"They were going easy on you, in case you didn't notice,"" Iris said as let out a weary sigh. ""Anyway, I somehow doubt we'll be able to meet in future cycles. Given enough time to prepare, Maginhart won't repeat today's blunder."	
AnimaIsland_IrisTalk3_30	Dialogue	Why is it so fixated on you anyway?	
AnimaIsland_IrisTalk3_40	Dialogue	"For the last 200 years it has been working towards a single goal, carefully preparing a plan. And my escape could endanger that very plan. No wonder it would do anything to remove any potential dangers,"" Iris said without hiding her frustration. ""Unfortunately, I'm the one on the receving end of that obsession."	
AnimaIsland_IrisTalk3_50	Dialogue	If you promise to teach me next we meet, I could perhaps rescue you and try to work out another deal just like in this cycle.	
AnimaIsland_IrisTalk3_60	Dialogue	"""Would you be willing to do that?"" Iris asked, her frustration quickly turning into joy. ""I shall not be greedy and will not ask to be freed in the final cycle. But if you could give me one extra year of freedom, I would be immensely grateful!"" Iris said with unnatural desperation in her voice."	
AnimaIsland_IrisTalk3_70	Dialogue	"""Sure, leave it to me,"" Alex replied with a confident smile."	
AnimaIsland_Cycle1Finale_0	Dialogue	"I see you have managed to accomplish your goal despite the unexpected... disturbances,"" Maginhart said as it cast its glance towards the 'Weapon Pillager' lying nearby. ""I suppose he at least managed to serve as a 'final test' of sorts. That is still more usefullness than I expected from him."	
AnimaIsland_Cycle1Finale_10	Dialogue	"Deciding to waste no more time on the bizarre man, Alex instead asked, ""Since there are no more boats coming today, can I stay somewhere for the night?"""	
AnimaIsland_Cycle1Finale_20	Dialogue	"Certainly,"" Maginhart said as it presented a graceful bow. ""While our accomodations might be lacking for such an esteemed guest, we can at least make sure you won't have to spend the night outside. However, I need to ask Iris to come with me. Cannot afford to have you two interacting more than necessary."" Seeing the frown appearing on Iris' face, Maginhart added, ""Worry not. As soon as Alex is gone, I'll make sure you have sufficient freedom within confies of the island."	
AnimaIsland_Cycle1Finale_30	Dialogue	"""Why does it feel like I traded one cage for a slightly bigger one?"" Iris said as she failed to hold back a sigh. "	
AnimaIsland_Cycle1Finale_40	Dialogue	"""And if you escaped from here, would that not still be the case? The Storm Barrier would still be there."" Maginhart said. As was often the case when Maginhart and Iris spoke, 'Forbidden Knowledge' threatened to strike, forcing the conversation to an abrupt end."	
AnimaIsland_Cycle1Finale_50	Dialogue	The rest of Alex's stay on the Anima Island was completely uneventful. The only entertainment the locals knew was combat, and Alex already had his fill of that attraction. In the end, the practiced ate, went to sleep, woke up adn the practiced while he waited for the boat to arrive. He saw neither Iris nor Maginhart prior to his departure, but he was not worried. He was sure he would see them soon enough, in a new yet repeated 'future'.	
AnimaIsland_InitialConfrontationCycle2_0	Dialogue	"The very moment Alex arrived on the Anima Island, he was immediately met with the sight of a sizable group of Anima warriors waiting for him. Seeing Alex's bewildered expression, the leader spoke up: ""Master Maginhart apologizes for the lack of proper reception. They also ask for your understanding and beseech you to wait here until they their business is finished."	
AnimaIsland_InitialConfrontationCycle2_10	Dialogue	"""And that 'business' is capturing Iris I suppose?"" Alex said as he let out a sigh. It seems like this time around, Maginhart was better prepared for Iris' escape. If he wanted to help Iris strike a deal in this cycle, he could not afford to sit here and do nothing. He had to move now."	
AnimaIsland_Cycle2Interactions_0	Dialogue	Seems like this thing is responsible for the wind barrier I saw in the previous cycle. Conventiently, it is deactivated right now, so I should make use of it.	
AnimaIsland_Cycle2Interactions_10	Dialogue	The barrier should last for at least a few minutes, so no reason not to take the thing with me.	
AnimaIsland_Cycle2Interactions_20	Dialogue	I did warn you, mr Alex. And so we meet again. Hopefully, this time I won't fall as easily!	
AnimaIsland_Cycle2Interactions_30	Dialogue	Well, it would seem like this time was a bust as well. At least I have one more 'next time' to look forward to...	
AnimaIsland_Cycle2Interactions_40	Dialogue	Raise the alarm! All forces of Anima Island, focus on subduing Alex Wester!	
AnimaIsland_Cycle2Interactions_50	Dialogue	The rocks around this part are eroded due to the waves. If I'm going to break in, this is the best place to do it.	
AnimaIsland_Cycle2Interactions_60	Dialogue	I can feel some sort of... 'memory'... stored inside this thing, but it's too jumbled up to make sense of. I think I need to find the previous pieces first.	
AnimaIsland_Cycle3Interactions_0	Dialogue	Oh right, that thing is still stuck here. Fortunately, this time I'm strong around to just break past and take it with me.	
AnimaIsland_IrisExplanation1_0	Dialogue	As Alex ran by, he noticed a peculiar object lying on the ground. It looked like a piece of white armor, reminding him of Maginhart. It was pulsating with energy, drawing Alex in an almost hypnotic manner. The moment Alex's fingertips touched the cold metal, an electric current ran through his spine. Suddenly, it felt as if time itself had stopped.	
AnimaIsland_IrisExplanation1_10	Dialogue	"A vision entered Alex's brain. He could see Iris standing ahead of him, showing a graceful bow. She seemed just a bit younger, but much more energetic and <i>youthful</i> compared to the one Alex knew. Without wasting any time, she spoke up, ""To whoever may be hearing this, I apologize for contacting you in such impersonal way. What you're witnessing is a 'projection' of sorts, a message I decided to prepare in case I would need to convince about the righteousness of my cause."""	
AnimaIsland_IrisExplanation1_20	Dialogue	"""Just what is this?"" Alex asked, taken completely off-guard. He did not expect to find such a futuristic piece of technology in Anima Island of all places. He knew of all newest inventions from his time as Laura's assistant, but even then he never experienced anything like this."	
AnimaIsland_IrisExplanation1_30	Dialogue	"Unaware of Alex's confusion, Iris continued speaking. ""What you are witnessing is but one of four 'messages' I intend to prepare. This one I inted to make completely and utterly 'harmless', but I need to warn you, that starting from the next 'projection', I intend to trigger-"" Iris said, but then stopped herself once she realized the predicament. ""So even saying the name is forbidden, huh? I suppose that from now on, I shall call this phenomenon 'Forbidden Knowledge'."""	
AnimaIsland_IrisExplanation1_40	Dialogue	"Is it a coincidence?"" Alex muttered to himself. ""Or was Iris the one who came up with the actual name? Well, guess it <i>is</i> a pretty intuitive way to call it, so someone else could have had the same idea, but still..."	
AnimaIsland_IrisExplanation1_50	Dialogue	"""With this, both the introduction and the warning have been taken care of,"" Iris said. She thought intently for a moment, then added, ""The second message should require L2 Energy intensity. After that, it will be L3 and finally L4. You probably don't know what those numbers mean, but you should instinctively feel if a message is dangerous to you. Second message aside, I hardly expect the future... residents... to reach L3 or L4, but who knows? Who would I put my trust into if not the future generations"" Iris said as with a slightly melancholic expression."	
AnimaIsland_IrisExplanation1_60	Dialogue	"With that, Alex was ejected back into the real world, no actual time having passed. ""It shouldn't hurt to check out the other messages as well. Just like in case of books, I'll get a foreboding feeling if they have contain 'Forbidden Knowledge' that threatens me. Though there's no guarantee it's not all just a ruse to slow me down,"" Alex said, but then quickly berated himself. It only showed how highly he thought of himself to even entertain the thought someone would waste such a marvelous piece of technology to buy a few seconds extra."	
AnimaIsland_IrisExplanation2_0	Dialogue	"As soon as Alex touched the second piece of Maginhart's armor, he once again stood face to face with Iris within his mindscape. ""So you have decided to trust 'me' and delve into the second message, did you? Kind listener,"" Iris said as she showed a slightly awkard smile. It seemed forced in a different way compared to the Iris that Alex knew."	
AnimaIsland_IrisExplanation2_10	Dialogue	Without further ado, let me reveal some 'Forbidden Truth'. Unfortunately, each important piece of information carries its 'penalty', so instead of revealing the full story how this world came to be, I shall limit myself only to the parts relevant to me and my goal. So, to start it off, let me say the following: I am the person who 'Maginhart' shall be based on, a 'snapshot' frozen in time. The Iris that you meet might have been twisted by the passage of time.	
AnimaIsland_IrisExplanation2_20	Dialogue	"""Iris and Maginhart are the same person!?"" Alex said out loud, forgetting for a moment that he was not having a conversation, but was simply being conveyed information."	
AnimaIsland_IrisExplanation2_30	Dialogue	Allow me to elaborate. Before the time Penance was formed, back before 'Forbidden Knowledge' was even a thing, I was one of the people researching a possible link between Energy Core and immortality. The prototype armor 'Maginhart' is the crown jewel in my personal research, allowing to inscribe one's persona onto it. The result would be an 'automaton' carrying out specified goals in a way that the being it is based on would want to.	
AnimaIsland_IrisExplanation2_40	Dialogue	"""So 'Maginhart' is not actually alive,"" Alex said. He was not the least bit surprised. The voice, the behaviour, the very air around Maginhart always seemed so inhuman that he would be more shocked to learn it was actually a living, breathing person."	
AnimaIsland_IrisExplanation2_50	Dialogue	"As you can see, dear listener, Maginhart and Iris are one and the same person. I have no idea what kind of person I became in the future, but the fact those messages were needed can only mean I became a petulant child, refusing to do her duty,"" Iris said with a grimace on her face. ""It is disappointing, but not entiry surprising. I have always known myself to be a weak-willed person, which is why I need to 'bind' myself while my resolve still stands."	
AnimaIsland_IrisExplanation2_60	Dialogue	"As such there is only one thing I can ask of you, dear listener,"" Iris said as she got down on her knees, begging a person she could not even see. ""Please do not let me become a pathetic, wretched woman who runs from her responsibilities. Do not let me become someone who doomed the world to destruction, only to refuse to shoulder any responsiblity or pain. Please do not let me run away."	
AnimaIsland_IrisExplanation2_70	Dialogue	Even if he was actually having a dialogue, Alex would be unable to say anything. Here he was, on his way to save a friend in trouble, only to have said friend beg on her knees to reconsider.	
AnimaIsland_IrisExplanation2_80	Dialogue	"After a painfully long moment, Iris raised her head. ""With this, you should be able to make a decision. Either help the current Iris, or listen to her past self's request. I won't blame you either way,"" Iris said as she showed a pained, self-depreceating smile. ""In next messages, I shall explain the circumstances that led to Iris being put in this situation, why she needs to be 'jailed' within the Maginhart armor."""	
AnimaIsland_IrisExplanation2_90	Dialogue	"Leaving behind those words, the 'message' was finished, ejecting Alex back into the real world. Although he was being hunted, Alex was unable to move for a few seconds, still in shock from what he just learned. ""Guess I might need to listen to the next message to make a decision,"" he said with a sigh. He was not looking forward to the penalty from 'Forbidden Knowledge', but strength was meaningless if it ended up being pointed in the wrong direction."	
AnimaIsland_IrisExplanation3_0	Dialogue	"It seems like I have successfully piqued your curiosity,"" Iris said with a smile. ""In this message, I shall reveal a bit more about my past and hint at the world-ending threat you are facing. Although keep in mind I will need to leave the reveals most closely guarded by the 'Forbidden Knowledge' for the final message."	
AnimaIsland_IrisExplanation3_10	Dialogue	"A 'world-ending' threat?"" Alex asked, taken off-guard. ""This seems to have been recorded 200 years ago, so Leo was not born yet. But what bigger threat could Maginhart be fighting aside from Leo?"	
AnimaIsland_IrisExplanation3_20	Dialogue	"Unaware of Alex's turmoil, Iris started telling her story. ""I was the daugther of a highly skilled scientist. When explaining Maginhart I mentioned working on the connection between Energy Cores and immortality. My father was the head researcher on that project. You see, 'death' has always been the number one problem money could not solve. So as you may expect, the project was never lacking in terms of funding or interest."""	
AnimaIsland_IrisExplanation3_30	Dialogue	"""Unfortunately, just as the project was nearing its conclusion, my father ended up in a coma and about to die to a chronic ilness. Quite ironic fate given the type of project he was leading, is it not?"" Iris said as she showed a forced smile. To Alex, it was an event from 200 years ago, but for Iris the death must have been still fresh in her mind."	
AnimaIsland_IrisExplanation3_40	Dialogue	"I will not make any excuses. Back then, I was desperate. My father was the only pillar of support in my life, and I was aghast at the prospect of losing him,"" Iris said, pain and regret clearly reflected in her eyes. ""And so I put forward a proposal. A suggestion to make my father the 'patient zero' for the immortalization procedure. Unlike Maginhart which was only a copy of the Energy Core's structure, the main research was concerned with allowing the actual Energy Core to exist even after the flesh perishes."	
AnimaIsland_IrisExplanation3_50	Dialogue	"The research ran into a slight issue, you see,"" Iris said as her expression hardened. ""While it seemed technically possible to 'immortalize' a person, there was a problem with transferring their memories into their new existence. While they may continue to live, they would be effectively born anew. Having a successful sample would provide an ample opportunity to research why memories could not be transferred."	
AnimaIsland_IrisExplanation3_60	Dialogue	I did not deliberate over the decision. In my mind, my father was a kind, understanding man. He guided me over the course of my life, never resorting to violence or manipulation. Other scientists raised concern over having my father as the 'patient zero'. The research facility's security system was based on one's Energy Core. As the leader of the entire project, this would grant my newborn father effective control over all systems. But I was adamant, absolutely convinced that my father could not possibly do any wrong, even when bereft of all memories.	
AnimaIsland_IrisExplanation3_70	Dialogue	"""...I think I can see where this is going,"" Alex said as his expression hardened. The identity of the mysterious 'Shadow' seemed to be getting clearer."	
AnimaIsland_IrisExplanation3_80	Dialogue	"""From now on, the information is guarded by the highest level of 'Forbidden Knowledge',"" Iris said as she shook her head and let out a weary sigh. ""As such, if you wish to learn the full story, I'm afraid you'll need to pay a hefty price, dear listener. If there's anything you should learn from this story, it's that I made the final call. I am the reason for our current predicament. And so, I should pay the price for my hubris."	
AnimaIsland_IrisExplanation3_90	Dialogue	"Without further ado, the message ended, once again ejecting Alex back into reality. ""I think I have all the information I need to make a decision,"" Alex said as he look at the shattered fragments lying before him. ""But maybe I'm just making hasty assumptions,"" Alex said as he started hesitating. In the end, the final message was the only thing that could dispell all doubts. The question was whether it would be worth it."	
AnimaIsland_IrisExplanation4_0	Dialogue	"So curiosity won over your caution, it seems,"" Iris said as she let out a heavy sigh. ""I can only hope that you are strong enough to shoulder the burden that comes with what comes next."	
AnimaIsland_IrisExplanation4_10	Dialogue	"""This was recorded 200 years ago, so it might not be the most accurate info, but it's definitely better than nothing,"" Alex said as he mentally braced himself for the recoil from 'Forbidden Knowledge'."	
AnimaIsland_IrisExplanation4_20	Dialogue	As I mentioned before, I had my dead father take part in a highly experimental procedure, one that involved attaining immortality. In this final message, I shall explain you how all of that ended up brining about 'the end of the world'.	
AnimaIsland_IrisExplanation4_30	Dialogue	"""The end... of the world?"" Alex asked, taken completely off-guard, but then was assaulted by immense pain. He seemed to have encroached upon the most well-kept secret of this world, and it was time to pay the price."	
AnimaIsland_IrisExplanation4_40	Dialogue	"Of course... just because 'our' world ended... does not mean there is nothing after that,"" Iris said as she clutched her chest. Even if not immediately read, recording any crucial information was enough to trigger the 'Forbidden Knowledge' for the author. ""Much... to our surprise, the form that my father was revived in... the so-called 'Shadow'... still had all permissions that my father did. In other words, he had complete control over our research facility."	
AnimaIsland_IrisExplanation4_50	Dialogue	"Of course, the Shadow did not rampage from the very moment it opened its eyes. The first couple of days, it asked questions, talked, even fulfilled a few of our requests. I assure you, the project funders were overjoyed,"" Iris said with a wry smile. ""But then one day, with no warning at all, it all came crashing down. Was the Shadow simply biding its time, determined to betray us from the very start? Or perhaps did we do something to anger it? To this day, I still do not know."	
AnimaIsland_IrisExplanation4_60	Dialogue	"""The 'Shadow', is it?"" Alex muttered to himself as he recalled the various times he encountered the ominous being. It certainly did not strike him as a 'world-ending threat'."	
AnimaIsland_IrisExplanation4_70	Dialogue	"To me, the events I'm describing happened only two years ago, but I have no way of knowing how much time has passed for you, dear listener,"" Iris said as she pondered something for a moment. ""Well, the research facility on the ground will be rebranded as 'Penance', so I suppose that would mark the beginning of history for you, would it not? Since everything before that will be protected by the 'Forbidden Knowledge' penalty."	
AnimaIsland_IrisExplanation4_80	Dialogue	"But I digress,"" Iris said as she shook her head. ""The point is: I have no way of knowing what the Shadow's current condition is. It used all of its power to establish its control over this continent and prevent any important information from being divulged. According to my calculations, it should take around 620 years to restore its power through natural means."	
AnimaIsland_IrisExplanation4_90	Dialogue	But now that I think of it, it <i>is</i> possible that someone with particularly powerful Energy Core could interact with it after 100 or 200 years, so who knows? Maybe the Shadow could end up finding a way to restore its power ahead of schedule. Anyway, be it 300 years or 600 years in the future, the fact you are receiving this message means that the Shadow must be close to regaining its power, and that I, Iris, am feeling desperate.	
AnimaIsland_IrisExplanation4_100	Dialogue	"As such, I can only repeat myself once more,"" Iris said as she once again got down on her knees. ""I am the reason why this continent was destroyed and malformed, brought under the rule of a malicious being. As of recording this message, my plan is to use myself as a weapon to battle the Shadow, to fix my stupid mistake. So please, do not let me simply give up. Do not let me become someone who runs away from her responsibilities when the goal's in sight. I beg you."	
AnimaIsland_IrisExplanation4_110	Dialogue	With the sight of Iris' kneeling posture still lingering on in his eyes, Alex was ejected back into reality for the final time. All necessary information was revealed and the situation was cleared up. Now all that was left was for Alex to make his decision.	
AnimaIsland_Cycle2Confrontation_0	Dialogue	As soon as Alex entered the room, he was greeted by the sight of Maginhart and Iris clashing weapons against each other. The former was overwhelming the latter, but Iris seemed to be holding on through sheer desperation. Each and every one of her movements seemed to be screaming that she would rather die than let herself get captured. And since Maginhart needed Iris captured alive, that put her in a difficult position.	
AnimaIsland_Cycle2Confrontation_10	Dialogue	"But the impasse was broken the moment Alex was brought into the equation. ""Alex Wester,"" Maginhart said with an impassive voice, expressing neither joy nor frustration. ""So you made it here after all. How sad and unfair is it that one elite warrior is worth more than an entire army."""	
AnimaIsland_Cycle2Confrontation_20	Dialogue	"Doesn't stop you... from trying... to make full use of him anyway,"" Iris said as she fell to her knees due to wounds and exhaustion. ""Alex... my offer from before... still stands,"" she said, struggling to get the words out. ""Lend me a hand and I'll make sure you master the Anima Energy."	
AnimaIsland_Cycle2Confrontation_30	Dialogue	"That hardly seems like a sensible offer,"" Maginhart said as it turned towards Alex without any hurry. ""After all, all the 'obstacles' I put on your path should have already put you well on your way to mastery, mr Alex. One last fight against a powerful opponent should be all you need. In other words, either of us would do."	
AnimaIsland_Cycle2Confrontation_40	Dialogue	Taken somewhat off-guard, Alex inspected his Energy Core. Just as Maginhart claimed, repeated clashes on this island seemed to have raised his level significantly. It was as if Maginhart put him through a specially prepared training course.	
AnimaIsland_Cycle2Confrontation_50	Dialogue	"Seeing that Alex realized his condition, Maginhart nodded its head. ""I still need Iris to act as my battery. With a extra few months, I may be able to increase your odds of success during the 'final cycle' by a tiny bit."""	
AnimaIsland_Cycle2Confrontation_60	Dialogue	But in the end, your choice of opponent should be decided solely based on your sense of justice. Is the true villain here me, an inanimate, unthinking armor which torments its master according to given instructions? Or is it my master, who after 200 years of effort has decided to abandon all principles and goals that led her to activating me?	
AnimaIsland_Cycle2Confrontation_70	Dialogue	"Seeing how conflicted Alex seemed to be, Iris let out a heavy sigh. ""So you have read the messages. I shall not lie to you: everything you have seen and heard about me is right. Every accusation is correct. 200 years of non-stop punishment and suffering have worn me down, reduced me to a wretch who can only think of escaping from the pain."""	
AnimaIsland_Cycle2Confrontation_80	Dialogue	Alex found himself at a loss for words. It was not that Iris' morals changed. No different from Maginhart, no different from the original Iris from 200 years ago, she hated the person she had become. She detested herself. And yet, she still continued on this path. In that case, how great of a suffering must she had gone through?	
AnimaIsland_Cycle2Confrontation_90	Dialogue	"I am tired of being judged by a snapshot of my past self! So you decide, Alex Wester,"" Iris said as she forced herself up from the ground. ""Which one of us is right? Was my sin so great I deserve to suffer even after 200 years have passed!?"	
AnimaIsland_Cycle2ConfrontationIris_0	Dialogue	"""Iris suffered long enough. Let her make her own decisions."" *Fight Maginhart*"	
AnimaIsland_Cycle2ConfrontationIris_10	Dialogue	"""Iris suffered long enough. Let her make her own decisions,"" Alex said as he turned towards Maginhart."	
AnimaIsland_Cycle2ConfrontationIris_20	Dialogue	"I see,"" Maginhart said without any particular feelings involved. ""If you say so, then that must be true. However, the entire point of my existence is to make sure that 'I' do not stray from the path I deemed correct. If I were to step back now, I would be denying the point of my own existence."	
AnimaIsland_Cycle2ConfrontationIris_30	Dialogue	"I can see what you're getting at,"" Alex said as he unsheathed his weapon. ""In that case, you shall be the reason why I was able to master Anima energy. And with that newfound strength, I'll fix the problem that Iris caused."	
AnimaIsland_Cycle2ConfrontationIris_40	Dialogue	"Sounds agreeable,"" Maginhart said as it took out weapons of its own. ""In that case, pay close attention to my movements, Alex Wester. Because I shall not hold back any longer. Allow me to present to you all that the Prototype Engraved Armor, 'Maginhart', is capable of."	
AnimaIsland_Cycle2ConfrontationMaginhart_0	Dialogue	"""You're so close to reaching your goal. I won't let you give up right before the finish line."" *Fight Iris*"	
AnimaIsland_Cycle2ConfrontationMaginhart_10	Dialogue	"""You're so close to reaching your goal. I won't let you give up right before the finish line,"" Alex said as he turned towards Iris."	
AnimaIsland_Cycle2ConfrontationMaginhart_20	Dialogue	"I see,"" Iris said. Although her eyes were closed, a mixture of betrayal, desperation and resignation was visible on her face. But then, she seemed to put all of her remaining energy and forced herself to stand tall. ""Unfortunately, I'd rather die than let myself get captured."	
AnimaIsland_Cycle2ConfrontationMaginhart_30	Dialogue	"""After all, everyone will be revived when the next cycle comes around, so what's the point? You were chosen as the 'protagonist' meant to save this world, so why do I need to suffer just to increase your odds a tiny bit? 200 years of pain should be more than enough of a penance for one foolish decision!"" Iris shouted as she unsheathed her blades, not willing to let herself get captured alive."	
AnimaIsland_Cycle2ConfrontationIrisFinale_0	Dialogue	"""Rejoice, my creator,"" Maginhart said to Iris as it fell to its knees. ""You bought yourself a short reprieve. However do not forget that you will be back where you belong soon enough."" Leaving behind words filled with malice, or perhaps self-hatred, Maginhart finally fell to the ground, ceasing its movements for good."	
AnimaIsland_Cycle2ConfrontationIrisFinale_10	Dialogue	"Thank you for your assistance,"" Iris said to Alex. There was no joy to be found on her face, only apprehension at the prospect of a 'third cycle'. ""Just like the armor said, I no longer can help you with anything at your current level. To master the pinnacle of Anima energy, you'll need to come back one final time."	
AnimaIsland_Cycle2ConfrontationIrisFinale_20	Dialogue	"I'll do just that,"" Alex said as he tried to show a reassuring smile. ""And it's only 'one more cycle' that you need to worry about. After that, you'll finally be free."	
AnimaIsland_Cycle2ConfrontationIrisFinale_30	Dialogue	"But Alex's words did nothing to relieve Iris' doubts. If anything, they seemed to have made it worse. ""...Doesn't it bother you?"" she asked after biting her lip for a moment."	
AnimaIsland_Cycle2ConfrontationIrisFinale_40	Dialogue	"""What?"" Alex asked, genuinely confused."	
AnimaIsland_Cycle2ConfrontationIrisFinale_50	Dialogue	"I know not how many 'recordings' you checked, but you must have learned one thing: <i>I</i> am the reason why this world looks the way it does! I ruined everything and forced you into your current situation!"" Iris said as her repressed frustration seemed to finally overflow. ""And yet here I am, trying to wipe my hands clean off it all!? Does it not frustrate you!?"	
AnimaIsland_Cycle2ConfrontationIrisFinale_60	Dialogue	"Taken off-guard by the sudden outburst, Alex had to ponder for a moment. Finally, he spoke up, ""Not really. Honestly, you seem to have been locked up in this place for such a long time that you don't realize, but the outside world is not all that bad. If anything, I'd say it's quite an enjoyable place. Although it might be a callous thing to say as an Enforcer who can get this way whenever he wants,"" Alex added with a wry smile."	
AnimaIsland_Cycle2ConfrontationIrisFinale_70	Dialogue	"And as for 'being forced to do things I don't want to do', I don't have much of an answer for that either,"" Alex said as he shrugged his shoulders. ""I know how it sounds, but there's actually nobody who can 'force' me into doing anything, especially given my newfound ability to regress back in time. In other words, if I do something tiresome, it's because I want to protect the things and people I care about."	
AnimaIsland_Cycle2ConfrontationIrisFinale_80	Dialogue	"But if only I were able to accept a year or two of extra suffering, your job would be made easier,"" Iris said as she refused to let up. ""As the reason behind your current predicament, should I not be expected to put up with it?"	
AnimaIsland_Cycle2ConfrontationIrisFinale_90	Dialogue	"That's not for me to judge,"" Alex said as he once again shrugged his shoulders. ""I don't know the extent of this 'suffering' you speak of, nor the full circumstance of the mistake that supposedly earned you said punishment. What I can say is this: if someone like you, someone who holds herself to such a high standard ends up giving up right before the goal, then it must be an unbearable suffering indeed."	
AnimaIsland_Cycle2ConfrontationIrisFinale_100	Dialogue	Iris did not reply. She simply sat on the ground, lost in her thoughts. Perhaps she was thinking about Alex's words, or a different idea altogether occupied her attention. To reach true mastery he would need to return during the final cycle, but at least for now, Alex's business in Anima Island was finished.	
AnimaIsland_Cycle2ConfrontationMaginhartFinale_0	Dialogue	"""So... this is it,"" Iris said as she fell to her knees. She would not be getting up this time around. ""I apologize for forcing you... to clean up... after my stupidity,"" Iris said with a wry smile. Having spent every single bit of her life force, she lifelessly fell to the ground. In the end, capturing her alive proved impossible, just as she claimed."	
AnimaIsland_Cycle2ConfrontationMaginhartFinale_10	Dialogue	"Predictable outcome, but unfortunate nontheless,"" Maginhart said as it approached its creator's body. ""That is a shame, but knowing that you approve of my methods is valuable in and of its own."" Without even a hint of sentimentality, Maginhart started inspecting the body. ""Am I safe to assume that I can also count on you in the upcoming third cycle?"	
AnimaIsland_Cycle2ConfrontationMaginhartFinale_20	Dialogue	"I won't make any promises,"" Alex said, a grimace finding its way onto his face. ""Why would you need my help anyway? You seemed to be doing just fine on your own."	
AnimaIsland_Cycle2ConfrontationMaginhartFinale_30	Dialogue	"My creator's condition seems to be getting more and more unstable with each cycle. Interference from the Shadow, I suppose,"" Maginhart exclaimed with its metallic voice. It did not seem to hold any particular feelings towards what should be its nemesis. ""It is the reason why she was forcefully ejected from my corpus, even despite the precautions I have taken in this cycle. I'm afraid she might be even more unstable come next cycle."	
AnimaIsland_Cycle2ConfrontationMaginhartFinale_40	Dialogue	So you want me to kill her again!?	
AnimaIsland_Cycle2ConfrontationMaginhartFinale_50	Dialogue	"""No. Since we will need to win our clash against Leo in next cycle, I will need Iris as my 'living battery' in order to participate. So worry not, such heavy-handed measures shall not be required from you,"" Maginhart said as it did not even turn to look at Alex."	
AnimaIsland_Cycle2ConfrontationMaginhartFinale_60	Dialogue	"""How fortunate I am,"" Alex said as he clicked his tongue and turned away. Although he reach a new level in terms of mastery over Anima energy, his visit on Anima Island left him even more frustrated than during the previous cycle."	
AnimaIsland_LabInteractions_0	Dialogue	Some kind of weird machinery. Perhaps it was used to perform maintenance on the suit of armor?	
AnimaIsland_LabInteractions_10	Dialogue	Some kind of weird machinery. Perhaps it was used to perform maintenance on the suit of armor?	
AnimaIsland_LabInteractions_20	Dialogue	Some kind of weird machinery. Perhaps it was used to perform maintenance on the suit of armor?	
AnimaIsland_LabInteractions_30	Dialogue	Some kind of weird machinery. Perhaps it was used to perform maintenance on the suit of armor?	
AnimaIsland_LabInteractions_40	Dialogue	Some kind of weird machinery. Perhaps it was used to perform maintenance on the suit of armor?	
AnimaIsland_Cycle3Intro_0	Dialogue	As Alex jumped down onto the beach of Anima Island, the first thing he noticed was Iris' Anima energy raging all over the place. It was coming from the top of the spire, causing storms to flood the island. He could not see any Anima warriors around, most likely seeking shelter indoors, or perhaps guarding the way leading to their leader.	
AnimaIsland_Cycle3Intro_10	Dialogue	"""...Guess I'll have to fight my way through,"" Alex said as he clicked his tongue and looked towards the spire."	
AnimaIsland_SpireFloor1_0	Dialogue	The moment Alex entered the first floor of the spire, he was assaulted by a severe vertigo. Iris' energy was etched into every single brick, and her rampage only brought her memories onto the surface. Alex's malleable Energy Core picked up on them, allowing him to pick up bits and pieces of what Iris experienced over the years.	
AnimaIsland_SpireFloor1_10	Dialogue	"For a moment, Alex felt as if he was Iris, willingly cooperating with Maginhart. ""I am actually glad,"" she murmured to herself. ""If there was nothing I could do, nothing at all, then I would not be able to live with myself. But if I can make up for my mistake through suffering, then I shall happily accept it."""	
AnimaIsland_SpireFloor1_20	Dialogue	What Iris did not fully realize was that the moment she would enter the Maginhart armor, she would be completely at its mercy. She finished engraving the prototype shortly after her disastrous mistake, when she was at the peak of her self-loathing. She yearned for punishment, and the unfeeling armor was happy to oblige.	
AnimaIsland_SpireFloor1_30	Dialogue	Naturally, due to its nature, there were no actual feelings involved in Maginhart's decision-making process. However, in its calculation algorithm, Iris and Iris alone was marked as a being who had its human rights evoked. As long as it aided the goal of stopping the Shadow, Iris' suffering was of no concern.	
AnimaIsland_SpireFloor2_0	Dialogue	"It started for purely pragmatic reasons. ""I do not know how long my fight against the Shadow will last. I need to find a way to preserve my source of energy as long as possible."" Having reached this simple yet cruel conclusion, Maginhart started its research."	
AnimaIsland_SpireFloor2_10	Dialogue	"""It would seem sensory deprivation would be optimal. If locked within my corpus and provided no outside stimulus, the aging process can be decreased to almost zero. I suppose it is a byproduct of the 'immortality research' that my creation was fueled by."" With this, Iris' days and nights were stolen. All that remained was neverending darkness."	
AnimaIsland_SpireFloor2_20	Dialogue	Of course, completely cutting off all external stimulus was out of the question. Iris, Maginhart's living battery, could develop severe mental ilness, which would in turn affect her Energy Core. As such, Iris would be allowed to take control of the Maginhart armor for very brief periods of time. But the only behaviour allowed to her would be combat practice. And the only place she could be awake in was the spire.	
AnimaIsland_SpireFloor2_30	Dialogue	The same actions. The same environment. Repeating for a year straight. 10 years. 100 years. Without any extra stimulus, Iris' mind, body and soul stagnated. Stuck in a loop of repeating days, she was not allowed to age. And, naturally, she was most certainly not allowed to die.	
AnimaIsland_SpireFloor3_0	Dialogue	And yet, Iris was not allowed to go crazy. Maginhart made sure of that. Because there was one tiny ray of light that allowed Iris to keep herself from going crazy. Every time she went through combat training, she improved a very tiny bit. The one and only changing part in an eternally frozen world. Before she realized, Iris found herself training with unprecedented zeal. Her Energy Core, pathetic and unsuited for combat by any standard, was honed to perfection.	
AnimaIsland_SpireFloor3_10	Dialogue	Iris knew that she was being used by Maginhart. After all, she herself was the one who designed and activated the automaton. But there was nothing she could do about it. To keep herself from losing her mind, Iris turned herself into a weapon, sharpening itself day after day, year after year. Before long, Iris became a master of Anima energy, although she would only be able to fully utilize that while in Maginhart's body. When separated, neither of them could show their full potential.	
AnimaIsland_SpireFloor3_20	Dialogue	Ever repeating years wore down Iris' resolve. 'I just want this to be over with. I want this suffering to end. I want to escape from this never-ending hell.' It took 200 years for Iris' prayers to be answered. But when she was finally released, Iris resolved to never let herself be chained down again. She would not waste this chance.	
AnimaIsland_SpireFloor3_30	Dialogue	"""Damn. This is even more messed up than expected,"" Alex said as he let out a heavy sigh. He felt sorry for Iris, but who was to blame here? Maginhart, a machine created to resemble Iris, the victim herself? Was it the Shadow, who forced Iris' hand? Or was it Iris herself, who in a fit of self-loathing decided to activate Maginhart with instructions to ignore Iris' well-being?"	
AnimaIsland_SpireFloor3_40	Dialogue	"""One way or another, I think I should talk to her,"" Alex said as he looked at the men blocking his path. They were the last obstacle standing between him and Iris."	
AnimaIsland_Cycle3Duel_0	Dialogue	When Alex arrived on the rooftop of the spire, the fight between Maginhart seemed to have been already decided. He could faintly feel Iris' energy coming from inside the armor, which meant that Maginhart succeeded in suppresing Iris in this cycle. And yet, something felt incredibly wrong. Maginhart, or perhaps Iris, was clutching their head in pain.	
AnimaIsland_Cycle3Duel_10	Dialogue	"""Is it you, Iris?"" Alex asked as he approached with great caution."	
AnimaIsland_Cycle3Duel_20	Dialogue	"""I'm back here... again!"" Iris' voice was coming from within the Maginhart armor. Somehow she must have been able to forcefully wrest control away from the automaton. ""Not again... Not again!"" There was clear panic and desperation audible in her voice."	
AnimaIsland_Cycle3Duel_30	Dialogue	"Don't forget, Iris!"" Maginhart shouted as it tried to regain control. ""You are the biggest sinner this continent has ever seen. You are the reason behind countless suffering, countless sacrificies! How utterly <i>pathetic</i> is it for you to escape from a bit of pain?"	
AnimaIsland_Cycle3Duel_40	Dialogue	"""I know! I know it all, damn it!"" Iris shouted as she forcefully removed the helmet and tossed it onto the ground. ""But it's... just... too much... for me to bear,"" she added as tears poured down her face. Maginhart's words could no longer reach her, but it hardly mattered. Every hurtful thing that it spouted came from Iris' own heart, after all."	
AnimaIsland_Cycle3Duel_50	Dialogue	"""Don't worry. You already managed to free yourself three times before, so you should be able to do it again,"" Alex said as he approached Iris, trying to lift her spirits if only a little."	
AnimaIsland_Cycle3Duel_60	Dialogue	"STOP!"" Iris shouted, powerful Anima energy revebreating through the air, threatening Alex not to come any closer. ""Are you doing this on purpose!? Don't you realize that being kind to me only makes all of it harder!? If you complained, despised, hated and blamed me, everything would be so much easier! So why do you insist on being kind to me when I'm a wretch shirking her duty!?"	
AnimaIsland_Cycle3Duel_70	Dialogue	"""You seriously need to stop with this self-flagellation,"" Alex said as he shook his head. He quickly realize that he simply could not help Iris with her problems. He was no psychiatrist, and he he saw only very faint glimpses of what she went through. As such, there was only one things Alex could offer her."	
AnimaIsland_Cycle3Duel_80	Dialogue	"""Are you... serious right now?"" Iris asked as she got up from her knees."	
AnimaIsland_Cycle3Duel_90	Dialogue	"Never been more serious,"" Alex said as he brandished his weapons. ""I know only one way to get a rampaging Energy Core under control. You need to let it all out."	
AnimaIsland_Cycle3Duel_100	Dialogue	"Iris fell silent for a moment. Then, she brandished weapons of her own and spoke up, ""I never went all out. Never could, never had to. I don't know what will happen if I do."""	
AnimaIsland_Cycle3Duel_110	Dialogue	"Then it just so happens that you found the perfect match, 'regression' and all,"" Alex said as he shrugged his shoulders. ""And honestly, all that talk about Energy Core and whatnot was just a convenient excuse. The truth is: I think you deserve to let out some steam after 200 years of bottling it in."	
AnimaIsland_Cycle3Duel_120	Dialogue	"For a few moments, Iris seemed completely at a loss for words. And then, she laughed. ""That's right!"" she said as she struggled to catch her breath. ""I never thought I was someone who deserved to complain, to lash out or take out my anger on others. That's why prepare yourself Alex Wester,"" she added as she smiled despite the tears. ""This is going to be my first temper tantrum in 200 years, so try your best to make it out alive."""	
AnimaIsland_Cycle3Finale_0	Dialogue	"""Was that enough... to get your thoughts... in order?"" Alex asked, utterly exhausted."	
AnimaIsland_Cycle3Finale_10	Dialogue	"""Yeah. That was just the thing I needed,"" Iris replied with a smile as she looked up at the starry sky. Her rampaging Energy Core was once again under control, but she seemed relieved rather than exhausted."	
AnimaIsland_Cycle3Finale_20	Dialogue	"Ten minutes passed without anyone saying anything. After the long wait, it was Iris who finally spoke up. ""I'm going to tough it out for one more year."""	
AnimaIsland_Cycle3Finale_30	Dialogue	"Alex did not reply at first. If he were to assure Iris that there was no need to do that, all he would only be spitting on her newfound resolve. That's why, there was only one thing Alex could say. ""Thank you."""	
AnimaIsland_Cycle3Finale_40	Dialogue	"I'm not doing it for you, you know?"" Iris said as she let out a chuckle. ""There is this thing, 'gambler's fallancy' I think it's called. What I'm doing is something similar to that,"" she added as she kept gazing at the star-filled sky, as if to etch the sight into her retinas. ""I've suffered for so long. Wouldn't it be a shame if it ended up being all for naught? And in the end, I would end up playing right into the Shadow's hand."	
AnimaIsland_Cycle3Finale_50	Dialogue	"After keeping Iris company for a few more minutes, Alex finally got up. ""I won't interrupt your stargazing any longer. I need to prepare for the boat trip tomorrow."""	
AnimaIsland_Cycle3Finale_60	Dialogue	"Just as Alex was about to walk down the stairway, he heard Iris' voice. ""Thank you, Alex. For not hating me. And for not giving up on me when I went out of control back there."""	
AnimaIsland_Cycle3Finale_70	Dialogue	"You're welcome,"" Alex said as he could feel a smile sneaking onto his face. ""In return, don't give up on yourself either."	
AnimaIsland_Cycle3Finale_80	Dialogue	"Having heard that, Iris let out a chuckle. ""I'll try to do that from now on."" And just like that, Alex's adventure in Anima Island finally concluded. Mastery over Anima energy was not the only benefit he got out of the ordeal. From now on, he could also count on the help of a friend if he ever found himself in dire straits."	
GlaciesVillage_Cycle1Intro_0	Dialogue	"As Alex walked next to a desolate village in the Glacies region, he unexpectedly ran into Gerrald, the current leader of this area. ""Fancy meeting you here,"" the man said. Despite wearing a mask, Alex could imagine a grin blooming on his face."	
GlaciesVillage_Cycle1Intro_10	Dialogue	"""Why do I feel like meeting you here is not a coincidence?"" Alex said without hiding his displeasure."	
GlaciesVillage_Cycle1Intro_20	Dialogue	"And why <i>would</i> it be?"" Gerrald said as he let out a heavy sigh. ""Believe it or not, but keeping an eye on you is pretty high on my list of priorities. And when you finally end up coming to the Glacies territory to learn, it is in my best interest that you don't waste your time."	
GlaciesVillage_Cycle1Intro_30	Dialogue	"""Oh? So you're saying what I'm trying to do right now is just a waste of time?"" Alex said without hiding his displeasure."	
GlaciesVillage_Cycle1Intro_40	Dialogue	"Naturally,"" Gerrald said as nonchalantly shrugged his shoulders. ""You were planning to go to the main city, right? But there's nothing of value to be found there. Virtually all traces of the Glacies family were wiped clean, so there would be no clues to improving your Glacies energy."	
GlaciesVillage_Cycle1Intro_50	Dialogue	"""And you know a better way, is that it?"" Alex said with a somewhat disgruntled expression. He found it disturbing how well-informed Gerrald seemed to be regarding his plans."	
GlaciesVillage_Cycle1Intro_60	Dialogue	"Naturally. I'm the one who wiped out the Glacies family, after all,"" Gerrald said matter-of-factly. ""Aside from the few remaining survivors, I'm probably the one who knews Glacies energy the best."	
GlaciesVillage_Cycle1Intro_70	Dialogue	So what do you suggest?	
GlaciesVillage_Cycle1Intro_80	Dialogue	First of all, how much do you know about the Glacies family? About their beliefs and traditions?	
GlaciesVillage_Cycle1Intro_90	Dialogue	Since Penance was established, they have always specialized in law and judgment, always considering themselves the utmost authority in terms of rendering judgment.	
GlaciesVillage_Cycle1Intro_100	Dialogue	"Guess that's the kind of surface-level knowledge one should expect from an outsider,"" Gerrald said as he shrugged his shoulders. ""The Glacies family members consider their judgment completely infallible, and themselves as justice incarnate."	
GlaciesVillage_Cycle1Intro_110	Dialogue	"""Is that why you decided to wipe them out?"" Alex said as his expression hardened. He was hardly in the position to criticize, but Gerrald's actions seemed excessive even to him."	
GlaciesVillage_Cycle1Intro_120	Dialogue	"Isn't that enough of a reason?"" Gerrald said with a mysterious glint in his eyes. ""Overwhelming power and absolute confidence in one's infallibity has to be just about the most dangerous combination possible. And not like I slaughtered them all, did I? I actually took inspiration from you, mr. Core Reaper."	
GlaciesVillage_Cycle1Intro_130	Dialogue	"""That's something you do on a case-by-case basis, not just wipe out a whole family from existence!"" Alex said, no longer able to hide his frustration."	
GlaciesVillage_Cycle1Intro_140	Dialogue	"What kind of animal do you take me for?"" Gerrald said as he let out a theatrical sigh. ""Believe it or not, I removed only the most dangerous individuals. It just so happens that the Glacies family was chock-full of them."	
GlaciesVillage_Cycle1Intro_150	Dialogue	So why are there no known survivors from the Glacies family?	
GlaciesVillage_Cycle1Intro_160	Dialogue	"If you're asking that, then you obviously know even less about what happened with the Glacies family than I thought,"" Gerrald said as he shook his head in disbelief. ""Well, one way or another, this place should have everything you need to improve your control over Glacies energy."	
GlaciesVillage_Cycle1Intro_170	Dialogue	A survivor from the Glacies family?	
GlaciesVillage_Cycle1Intro_180	Dialogue	"Perhaps, but that's not the main point,"" Gerrald said as he waved his hand dismissively. ""Don't try to meet them, try to put yourself in their shoes!"" Gerrald added as he pointed towards the nearby village. ""There's a certain 'sinner' and a 'grave crime' in this place. Uncover it and render your judgment, and you might just get closer to the true nature of the Glacies."	
GlaciesVillage_Cycle1Intro_190	Dialogue	"I'm not too convinced, but it shouldn't hurt to try,"" Alex said as he started going in the direction of the village. But as soon as he noticed that Gerrald was following right behind him, he turned around and said, ""And what do you think you're doing?"	
GlaciesVillage_Cycle1Intro_200	Dialogue	"Keeping you company, what else?"" Gerrald said as he shrugged his shoulders. ""In case you haven't noticed, one thing I hate more than anything is overconfident judges who think they're justice incarnate. So I think I should tag along and provide an alternate point of view."	
GlaciesVillage_Cycle1Intro_210	Dialogue	You're acting awfully clingy for someone who obviously hates my guts.	
GlaciesVillage_Cycle1Intro_220	Dialogue	"""You know what they say: keep your friends close, but enemies closer,"" he said without denying the accusation."	
GlaciesVillage_TalkWithValerie_0	Dialogue	"Seeing that a robed woman was observing him from afar, Alex walked up to her and tried to start a conversation. ""Anything interesting you can tell me about this village?"""	
GlaciesVillage_TalkWithValerie_10	Dialogue	"How about you stop wasting time and get this disgusting farce over with?"" the woman said without hiding her hostility. However, her anger seemed to be mostly aimed at Gerrald walking a few steps behind Alex. ""Jonath is the guy you're looking for. Do with him what you must, but stop making a mockery of justice."	
GlaciesVillage_TalkWithValerie_20	Dialogue	"""Mockery? A proper and unbiased investigation is what justice is all about. Definitely moreso than cheating and cutting straight to the conclusion,"" Gerrald said as he crossed his arms in a disapproving manner."	
GlaciesVillage_TalkWithValerie_30	Dialogue	Parading a complete novice around like this place is some kind of zoo: is that your idea of justice? Or what, are you going to destroy my Energy Core too now that I disagreed with you!?	
GlaciesVillage_TalkWithValerie_40	Dialogue	"I had no such plans. But I would stop shouting if I were you,"" Gerrald said as he shook his head and let out a tired sigh. ""If your identity gets exposed, I would be the least of your worries, right? It may not seem like it, but this village has its own fair share of strong fighters."	
GlaciesVillage_TalkWithValerie_50	Dialogue	"...Damn it,"" the woman said as she quickly hid her face under the robe. ""Don't think you'll be able to frolick around like this until the end of your life. Every sin has a just punishment attached to it, no matter how long it takes."	
GlaciesVillage_TalkWithValerie_60	Dialogue	"""As a member of the Glacies family, you would know that better than anyone else, I suppose,"" Gerrald said, moreso amused than agitated. Seemingly done here, he simply walked off without casting a glance in the woman's direction."	
GlaciesVillage_TalkWithValerie_70	Dialogue	"""...So you're a survivor from the Glacies family, I see,"" Alex said, somewhat taken off-guard by what just happened."	
GlaciesVillage_TalkWithValerie_80	Dialogue	"Awfully observant, aren't you?"" the woman said with a sigh. ""Name's Valerie. I'd love to show the famous Alex Wester what the Glacies family is all about, but I'm afraid Gerrald got his hands on you first. Anyone who gets in the way of his plans ends up dead or worse, so I won't take any chances."	
GlaciesVillage_TalkWithValerie_90	Dialogue	Before he could react, Valerie disappeared from his sight. It seemed like the commotion she caused in this cycle made it impossible for her to act openly. Perhaps he could learn more about her in his future visits in this village.	
GlaciesVillage_TalkWithVillagerA_0	Dialogue	"""Hey, has anything notable happened around here? Some kind of crime, for example?"" Alex asked as he walked up to one of the villagers that seemed fairly approachable."	
GlaciesVillage_TalkWithVillagerA_10	Dialogue	"A crime, is it?"" the man repeated the question, visibly pondering as to how to answer. ""Can't say I recall anything like that happening here lately. If anything, things have been unusually peaceful ever since the Glacies bastards were taken care of."	
GlaciesVillage_TalkWithVillagerA_20	Dialogue	"""...I see. Thank you for time,"" Alex said as he gave the man a slight bow. It was obvious that he would not learn anything important using the current method."	
GlaciesVillage_TalkWithVillagerA_30	Dialogue	"Once Alex walked back with a defeated expression on his face, he was greeted by a sigh from Gerrald. ""What a pathetic sight. You call whatever you just did an 'investigation'?"""	
GlaciesVillage_TalkWithVillagerA_40	Dialogue	"""What else am I supposed to do? Threaten him?"" Alex asked without hiding his frustration."	
GlaciesVillage_TalkWithVillagerA_50	Dialogue	"This is the problem with all you oh-so-mighty Enforcers, I swear,"" Gerrald said as he shook his head in disbelief. ""You always rely on brute strength, and fall completely flat whenever a problem cannot be solved by using it."	
GlaciesVillage_TalkWithVillagerA_60	Dialogue	"""Yeah, you sure showed a lot of finesse and ingenuity when dealing with the Glacies family,"" said Alex, unwilling to just take the verbal beating."	
GlaciesVillage_TalkWithVillagerA_70	Dialogue	"And you think I wiped them out single-handedly ?"" Gerrald said as he once again shook his head in disbelief. ""There was a lot more politics and convincing involved. I just ended up being the one people remembered the most. Anyway, try to use your brain for once and stop acting like a clueless cop."	
GlaciesVillage_TalkWithVillagerA_80	Dialogue	Before Alex could protest, Gerrald pointed towards another villager standing in the distance. Begrudingly Alex decided to listen to Gerrald's advice for now and turned his steps towards the man.	
GlaciesVillage_TalkWithVillagerBClueless_0	Dialogue	I'm here on a mission from Gerrald. I'm supposed to investigate a certain crime that occurred around here. Can you tell me anything useful about the town?	
GlaciesVillage_TalkWithVillagerBClueless_10	Dialogue	"""I'm here on a mission from Gerrald. I'm supposed to investigate a certain crime that occurred around here. Can you tell me anything useful about the town?"" Alex asked, hoping that this man would prove more cooperative than the last one."	
GlaciesVillage_TalkWithVillagerBClueless_20	Dialogue	"""Gerrald, is it?"" the man said to himself, scratching his chin while deeply contemplating something. ""If it's a mission from him, then it has to be something important."" Perhaps Alex's idea to use Gerrald's authority might yield some results after all."	
GlaciesVillage_TalkWithVillagerBClueless_30	Dialogue	"If it's about something suspicious that happened here recently, it would have to be-"" the man started saying, but then suddenly stopped himself mid-word. A weird glint sparked in his eyes. ""You know what? I think you're being a bit too nosy for an outsider. Wouldn't want to ruin the happy community we have here."	
GlaciesVillage_TalkWithVillagerBClueless_40	Dialogue	Before Alex could get a word in, he found himself surrounded by a bunch of surprisingly strong-looking fighters. In the distance, Alex could see Gerrald clutching his head in disappointment, not at all willing to lend a helping hand.	
GlaciesVillage_TalkWithVillagerBThief_0	Dialogue	I had something important stolen from me. Based on the clues, the thief should be hiding somewhere in the village. Did anyone suspicious come here recently?	
GlaciesVillage_TalkWithVillagerBThief_10	Dialogue	"""I had something important stolen from me. Based on the clues, the thief should be hiding somewhere in the village. Did anyone suspicious come here recently?"" Alex asked, deciding to take a somewhat round-about approach."	
GlaciesVillage_TalkWithVillagerBThief_20	Dialogue	"A thief around these parts? Doesn't sound too likely,"" the man said. He seemed to give a genuine effort to answering Alex's question. ""The only person who comes to mind is that suspicious woman hanging around for the last few weeks. You'll recognize her from the black coat, and the way in which she is constantly hiding her face. Probably a criminal, that one."	
GlaciesVillage_TalkWithVillagerBTraveller_0	Dialogue	Hey, I'm a traveller passing through this town. Is there any place worth recommending?	
GlaciesVillage_TalkWithVillagerBTraveller_10	Dialogue	"""Hey, I'm a traveller passing through this town. Is there any place worth recommending?"" Alex asked, trying to give off the impression of a laid-back man searching for a pub."	
GlaciesVillage_TalkWithVillagerBTraveller_20	Dialogue	"""Not the most interesting village to visit, is it?"" the man said with a chuckle. ""If you're looking to have some fun, make sure to visit Jonath. It's hard to explain, but just spending time with him can make your day!"" the man exclaimed with a jovial laugh."	
GlaciesVillage_TalkWithVillagerBTraveller_30	Dialogue	"""Thanks man! I'll make sure to do that,"" Alex replied with a smile. It seemed like his next destination was decided."	
GlaciesVillage_TalkWithJonath_0	Dialogue	As Alex approached a man laughing in the town's pub, he noticed an unpleasant presence trying to sweep over his mind. He immediately recognized it: it was the feeling of a 'mind-control' type of Enforcer trying to influence others.	
GlaciesVillage_TalkWithJonathAttack_0	Dialogue	"""For mind-control types, good offense is the best defense."" *Attack Jonath*"	
GlaciesVillage_TalkWithJonathAttack_10	Dialogue	"""For you mind-controling types, good offense is the best defense,"" Alex said to Jonath as he unsheathed his blade. Unsurprisingly, the men gathered around Jonath responded in kind, setting a defensive formation around their 'leader'."	
GlaciesVillage_TalkWithJonathAttack_20	Dialogue	"""Wait, what is this about? Why are you suddenly attacking me?"" Jonath said as he put his hands up, seeming genuinely flabbergasted. Typical behaviour of a mind-controlling Enforcer: pretending to be clueless and harmless in order to buy time. Alex was not about to fall for that trick."	
GlaciesVillage_TalkWithJonathInvestigate_0	Dialogue	"""I'm strong enough not to get influenced, so might as well investigate first."" *Confront Jonath about the mind-control*"	
GlaciesVillage_TalkWithJonathInvestigate_10	Dialogue	"I'm strong enough not to get influenced, so might as well investigate first."" Alex muttered to himself as walked up to Jonath with a confident gait. ""Explain yourself: why are you spreading your 'mind-controlling' influence all over the place?"	
GlaciesVillage_TalkWithJonathInvestigate_20	Dialogue	"What?"" Jonath asked. He seemed genuinely confused. Either he truly had no idea what Alex was talking about, or he was a world-class actor. ""I don't know anything about that, good sir! As far as I'm aware, I don't possess any special ability!"	
GlaciesVillage_TalkWithJonathInvestigate_30	Dialogue	"""Yeah, right,"" Alex said without hiding his displeasure. ""And how do you explain <i>them</i>?"" Alex asked as he pointed towards the men gearing up to protect Jonath with a somewhat blank looks on their faces."	
GlaciesVillage_TalkWithJonathInvestigate_40	Dialogue	"""I mean, you <i>are</i> threatening me right now, aren't you? Isn't it normal that my friends would try to defend me?"" Jonath asked as he put up his hands in a defensive gesture."	
GlaciesVillage_TalkWithJonathInvestigate_50	Dialogue	"""Do they look like regular humans making their own decisions?"" Alex asked as he pointed out the vacant stare in the men's eyes. From the moment Jonath was threatened, they stopped acting like regular people and started resembling mindless minions."	
GlaciesVillage_TalkWithJonathInvestigate_60	Dialogue	"""You're right, that is... weird,"" Jonath said as he looked at the faces of his comrades. He seemed to be contemplating something deeply, perhaps recalling all the mysterious events that occurred over the course of his life."	
GlaciesVillage_TalkWithJonathInvestigate_70	Dialogue	"After a few painfully long minutes spent while being glared at by burly men, Jonath finally finished his contemplation and turned towards Alex. ""You're no regular traveller, are you? Seems like you're the first guy who managed to figure out that there's something wrong with me."""	
GlaciesVillage_TalkWithJonathInvestigate_80	Dialogue	"That's one way to put it,"" Alex said as he shrugged his shoulders. ""So, now that you know, what's the plan? Keep things as they were?"	
GlaciesVillage_TalkWithJonathInvestigate_90	Dialogue	"Don't even joke about it. I can't just pretend like nothing happened,"" Jonath said with a wry smile on his face. ""Say, do you perhaps know some way of turning off that ability of mine?"	
GlaciesVillage_TalkWithJonathInvestigate_100	Dialogue	"""If you can't control it, then I can only turn it off permanently, and with no way of restoring it,"" Alex said, somewhat intrigued. He did not expect things to turn out this way."	
GlaciesVillage_TalkWithJonathInvestigate_110	Dialogue	"Then so be it,"" the man said with a resolute expression. ""Even if it was done unknowingly, I've already profited from it too much. I think it's about time I started living without relying on it."	
GlaciesVillage_TalkWithJonathInvestigate_120	Dialogue	"""Alright then. In that case, grit your teeth. It might hurt for a moment,"" Alex said as he gathered energy in his fist. Men gathered in the pub were about to lunge at Alex, but were stopped by a gesture from Jonath. Just a moment later, the 'Core-reaping' procedure was finished."	
GlaciesVillage_TalkWithJonathInvestigate_130	Dialogue	"As if waking up from a dream, all nearby men clutched their heads and groaned. After a few seconds, their stares started turning towards Jonath sitting in the middle of the pub with a somber expression. ""Well, there it is. Looks like I was unconciously mind-controlling all of you. Do with that information what you will."""	
GlaciesVillage_TalkWithJonathInvestigate_140	Dialogue	"Before anyone could react, one of the men smacked Jonath on the back of his head. ""You idiot! You only just learned that you had such a stupidly powerful ability, and you let it get destroyed just like that!? Maybe you would have been able to learn how to control it!"""	
GlaciesVillage_TalkWithJonathInvestigate_150	Dialogue	"And how long would that take!?"" Jonath shouted as he bit his lips. ""It's not like I could just leave you being mind-controlled in the meantime! I'd rather have you hate me than not knowing what you actually thought about me."	
GlaciesVillage_TalkWithJonathInvestigate_160	Dialogue	"You idiot,"" the man said with a sigh as he shook his head in disbelief. ""Sure, it seems like we were getting mind-controlled into defending you whenever a threat appeared, but now that your ability is gone, I can say it with confidence: we all like you for who you are, all that mind-control business be damned!"	
GlaciesVillage_TalkWithJonathInvestigate_170	Dialogue	"For the most part, the men gathered around Jonath nodded their heads. Some of them voice displeasure, and one even shouted and accussed Jonath, but the overall atmosphere seemed supportive. ""Man, you were always too nice for your own good. Imagine what you could achieve with that ability!"""	
GlaciesVillage_TalkWithJonathInvestigate_180	Dialogue	"'Mind-control' type Enforcers were often quietly eliminated due to the threat they represented, so the choice to give up the ability was definitely a smart one. But Alex knew better than to ruin the heart-warming atmosphere with this piece of trivia. ""Sorry for how things turned out, but I couldn't just stand idly by when I felt a mind-control ability trying to affect me."""	
GlaciesVillage_TalkWithJonathInvestigate_190	Dialogue	"Don't mention it,"" Jonath said as he waved his hand with a self-depreceating smile on his face. ""Up until now, I've been living a lie. No reason to apologize for letting me finally open my eyes to the truth."	
GlaciesVillage_TalkWithJonathInvestigate_200	Dialogue	With this, Alex's business in the town seemed to be finished. All that was left was to talk to Gerrald and discuss the details of the 'crime'.	
GlaciesVillage_TalkWithJonathLeave_0	Dialogue	"""I'm not going to confront him about it."" *Leave for now*"	
GlaciesVillage_Cycle1Finale_0	Dialogue	"""And? What 'crime' did you manage to discover?"" Gerrald asked as he watched Alex with a somewhat intrigued gaze."	
GlaciesVillage_Cycle1FinaleJonath_0	Dialogue	Jonath, a man from this village was born with a 'passive mind-control' ability. Without realizing it, he was slightly bending the will of his peers in a way that benefitted him.	
GlaciesVillage_Cycle1FinaleJonath_10	Dialogue	"""Jonath, a man from this village was born with a 'passive mind-control' ability. Without realizing it, he was slightly bending the will of his peers in a way that benefitted him,"" Alex said as he explained what he found during his investigation in the village."	
GlaciesVillage_Cycle1FinaleJonath_20	Dialogue	"I see,"" Gerrald said without a hint of emotion in his voice. It seemed like he already knew everything Alex explained to him. ""And what is your verdict, Alex Wester? Although it might have been done unknowingly, he still manipulated everyone around him. Is he innocent or guilty?"	
GlaciesVillage_Cycle1FinaleJonathCluelessInnocent_0	Dialogue	He is innocent. There is no sin in being born the way he is, and it would be too cruel to tell him his whole life up until now was built on a lie.	
GlaciesVillage_Cycle1FinaleJonathCluelessInnocent_10	Dialogue	"""He is innocent. There is no sin in being born the way he is, and it would be too cruel to tell him his whole life up until now was built on a lie,"" Alex said as he finally made up his mind."	
GlaciesVillage_Cycle1FinaleJonathCluelessInnocent_20	Dialogue	"That's an interesting point of view, but what about his victims?"" Gerrald said without letting up. ""Just because Jonath was born this way, must they continued to be deprived of their free will? Why must they all suffer for mental well-being of just one guy?"	
GlaciesVillage_Cycle1FinaleJonathCluelessInnocent_30	Dialogue	"""They don't seem particularly unhappy to me,"" Alex said as he shrugged his shoulders."	
GlaciesVillage_Cycle1FinaleJonathGuilty_0	Dialogue	He is guilty. It's not his fault that he was born with an ability like that, but his incompetence is a sin. How did he manage to never notice the odd things happening around him? Besides, willing or not, he ended up hurting people around him, and someone has to pay the price.	
GlaciesVillage_Cycle1FinaleJonathGuilty_10	Dialogue	"""He is guilty. It's not his fault that he was born with an ability like that, but his incompetence is a sin. How did he manage to never notice the odd things happening around him? Besides, willing or not, he ended up hurting people around him, and someone has to pay the price,"" Alex said with utmost confidence."	
GlaciesVillage_Cycle1FinaleJonathGuilty_20	Dialogue	"That's an interesting opinion, especially when coming from you, Alex Wester,"" Gerrald said as his gaze pierced straight through Alex's head. ""Enforcers tend to cause grief to others simply by existing. Aren't you two quite similar in that regard?"	
GlaciesVillage_Cycle1FinaleJonathGuilty_30	Dialogue	"That's bullshit and you know it,"" Alex said as he shook his head in disbelief. ""I have always used my abilities to protect others from danger. I dedicated my life to proving Drake's prophecy wrong. You don't get to judge me."	
GlaciesVillage_Cycle1FinaleJonathGuilty_40	Dialogue	But in the end, both you and Jonath enforce your will on others. The difference being that Jonath is doing it unknowingly, while you continue to flaunt your power without any regard for others.	
GlaciesVillage_Cycle1FinaleJonathGuilty_50	Dialogue	"""Just like you crushed the whole Glacies family because you were stronger than them?"" Alex asked, finally letting his irritation bubble up to the surface."	
GlaciesVillage_Cycle1FinaleJonathGuilty_60	Dialogue	"It was more of a democractic process than you realize,"" Gerrald said as he shrugged his shoulders without a care in the world. ""Unlike you, I didn't act as judge, jury and executioner. Just being the executioner was enough for me."	
GlaciesVillage_Cycle1FinaleJonathGuilty_70	Dialogue	"""You really know how to get a rise out of me,"" Alex said as he realized Gerrald was toying with him for the most part."	
GlaciesVillage_Cycle1FinaleValerie_0	Dialogue	Valerie, the Glacies family survivor is guilty of hiding in this town as a fugitive.	
GlaciesVillage_Cycle1FinaleValerie_10	Dialogue	"""Valerie, the Glacies family survivor is guilty of hiding in this town as a fugitive,"" Alex said as he recalled the robed woman's appearance."	
GlaciesVillage_Cycle1FinaleValerie_20	Dialogue	"That's an... unexpected answer,"" Gerrald said as she scratched his head, taken somewhat off-guard. ""I wasn't aware that hiding away from your enemies is a crime."	
GlaciesVillage_Cycle1FinaleValerie_30	Dialogue	"""It is not, but whatever she did before coming here most certainly is a crime,"" Alex said with a confident smile."	
GlaciesVillage_Cycle1FinaleValerie_40	Dialogue	"""And what exactly <i>did</i> she do, Alex Wester?"" Gerrald asked, obviously unimpressed."	
GlaciesVillage_Cycle1FinaleValerie_50	Dialogue	"Faced with such a question from someone who annihilated the Glacies family, Alex's confidence faltered. ""Well, she obviously took part in the Glacies family's crimes, didn't she? That's why she's being chased."""	
GlaciesVillage_Cycle1FinaleValerie_60	Dialogue	"""Yeah, surely nobody could hate somone for such an illogical reason such as 'she's part of the Glacies family', or 'Drake predicted that he would end up being a tyrant', right?"" Those words were enough to make Alex feel ashamed of his hasty assumptions."	
GlaciesVillage_Cycle1FinaleGerrald_0	Dialogue	You, Gerrald, are responsible for wiping the Glacies family out of existence. The power vacuum allowed Drake to gain way too much power.	
GlaciesVillage_Cycle1FinaleGerrald_10	Dialogue	"""You, Gerrald, are responsible for wiping the Glacies family out of existence. The power vacuum allowed Drake to gain way too much power,"" Alex said as he pointed towards Gerrald."	
GlaciesVillage_Cycle1FinaleGerrald_20	Dialogue	"For a few painfully long seconds, Gerrald did not responds. He seemed to be mulling over what Alex said. After a moment, he seemed to have made up his mind and said, ""You might be right. When I think about it, there's definitely merit to what you're saying."""	
GlaciesVillage_Cycle1FinaleGerrald_30	Dialogue	"""...You're accepting this more easily than I thought,"" Alex said, taken off-guard by Gerrald's compliant attitude."	
GlaciesVillage_Cycle1FinaleGerrald_40	Dialogue	"Because, believe it or not, it's a perspective I've never thought of,"" Gerrald said with a pained expression. ""But answer me this, Alex Wester: are you certain you wouldn't to the exact same thing in my position?"	
GlaciesVillage_Cycle1FinaleGerrald_50	Dialogue	Obviously it depends, but I can't imagine Glacies family being so bad that I would risk creating a power vacuum. There are way too many dangerous Enforcers just waiting for an opportunity to strike.	
GlaciesVillage_Cycle1FinaleGerrald_60	Dialogue	"So you're saying I should have just accepted 'the lesser evil', huh?"" Gerrald muttered and let out a heavy sigh. ""That may be so. But I hope your confidence doesn't wane when you find out more details in the future."	
GlaciesVillage_Cycle1FinaleConclusion_0	Dialogue	"Well, one way or another you reached a conclusion,"" Gerrald said as his gazed pierced straight through Alex. ""The question is: are you confident in your judgment? Are you certain that you made no mistakes, that the verdict you've reached is the right one?"	
GlaciesVillage_Cycle1FinaleConclusion_5	Dialogue	"Well, one way or another you reached a conclusion. Even if it was really, <i>really</i> stupid,"" Gerrald said with clear disdain in his voice. ""The question is: are you confident in your judgment? Are you certain that you made no mistakes, that the verdict you've reached is the right one?"	
GlaciesVillage_Cycle1FinaleConclusionConfidence_0	Dialogue	Yeah. There's no mistake in my judgment. I stand by my decision.	
GlaciesVillage_Cycle1FinaleConclusionConfidence_10	Dialogue	"""Yeah. There's no mistake in my judgment. I stand by my decision,"" Alex said with utmost confidence."	
GlaciesVillage_Cycle1FinaleConclusionConfidence_20	Dialogue	"""I see. What a Glacies-like answer. I suppose congratulation are in order,"" Gerrald said. Despite his words, he seemed quite conflicted whether to rejoice or feel annoyed."	
GlaciesVillage_Cycle1FinaleConclusionConfidence_30	Dialogue	"And? What's <i>your</i> verdict?"" Alex asked as he glared at Gerrald. ""Did I find the correct crime? Did I render the correct judgment?"	
GlaciesVillage_Cycle1FinaleConclusionConfidence_40	Dialogue	"Why would that matter?"" Gerrald asked with a hint of amusement in his voice. ""In case you don't remember, you came here to refine your Glacies energy. And you don't do that by making the right decisions, but by having blind confidence in your decision-making. And you don't seem to be lacking in that department."	
GlaciesVillage_Cycle1FinaleConclusionConfidence_50	Dialogue	"...I see,"" Alex said, unable to hide his slight discontment. ""Now that you mention it, it <i>does</i> feel like something within me improved. Guess you understand Glacies energy better than I thought."	
GlaciesVillage_Cycle1FinaleConclusionConfidence_60	Dialogue	"...I see,"" Alex said, unable to hide his slight discontment. ""Now that you mention it, it <i>does</i> feel like something within me improved. Guess you understand Glacies energy better than I thought."	
GlaciesVillage_Cycle1FinaleConclusionConfidence_70	Dialogue	"It's not much, but it should do for now,"" Gerrald said as he clicked his tongue in disappointment. ""Drop by during the next cycle so we can refine it further."	
GlaciesVillage_Cycle1FinaleConclusionConfidence_80	Dialogue	You make it sound like you won't get your memories erased.	
GlaciesVillage_Cycle1FinaleConclusionConfidence_90	Dialogue	"""Because I won't,"" Gerrald said, but then interrupted Alex's question by raising his hand. ""And if you want to know more, seek out Iris. I'm here to train you, not provide you with free answers."" Without elaborating any further, Gerrald walked off, concluding Alex's visit in the Glacies territory for this cycle."	
GlaciesVillage_Cycle1FinaleConclusionConfidentHesitation_0	Dialogue	There's no way I could ever be fully confident in a decision. But I <i>am</i> confident that I investigated everything I could, that I put in my best effort, and that the judgment I've reached is the best one I could make given the circumstances.	
GlaciesVillage_Cycle1FinaleConclusionConfidentHesitation_10	Dialogue	"""There's no way I could ever be fully confident in a decision. But I <i>am</i> confident that I investigated everything I could, that I put in my best effort, and that the judgment I've reached is the best one I could make given the circumstances,"" Alex said. Although his initial words might not inspire confidence, his voice was brimming with it."	
GlaciesVillage_Cycle1FinaleConclusionConfidentHesitation_20	Dialogue	"""For an Enforcer trying to acquire the Glacies energy, that answer could only earn you a failing grade,"" Gerrald said. Judging from his gaze, he did not seem anywhere near as disappointed as his words made him out to be."	
GlaciesVillage_Cycle1FinaleConclusionConfidentHesitation_30	Dialogue	"I'm here to improve my Glacies energy, not to repeat all mistakes that the Glacies family commited,"" Alex said as he shrugged his shoulders. ""If necessary, I will adjust the energy to fit my own beliefs rather than let it adjust <i>me</i>."	
GlaciesVillage_Cycle1FinaleConclusionConfidentHesitation_40	Dialogue	"An interesting perspective. If the Glacies family shared your outlook, perhaps they would not have ended up becoming the way they were,"" Gerrald said with a sigh. ""Anyway, I can't help but notice that your Glacies energy <i>did</i> improve,"" Gerrald said once he finished appraising Alex's newfound power. ""Drop by during the next cycle so we can refine it further."	
GlaciesVillage_Cycle1FinaleConclusionConfidentHesitation_50	Dialogue	You make it sound like you won't get your memories erased.	
GlaciesVillage_Cycle1FinaleConclusionConfidentHesitation_60	Dialogue	"""Because I won't,"" Gerrald said, but then interrupted Alex's question by raising his hand. ""And if you want to know more, seek out Iris. I'm here to train you, not provide you with free answers."" Without elaborating any further, Gerrald walked off, concluding Alex's visit in the Glacies territory for this cycle."	
GlaciesVillage_Cycle1FinaleConclusionHesitation_0	Dialogue	"""Let me think about it a bit more."" *Return to crime selection*"	
GlaciesVillage_Cycle1FinaleLeave_0	Dialogue	"""I'm not ready to accuse anyone just yet."" *Leave for now*"	
GlaciesVillage_Cycle2Intro_0	Dialogue	"As Alex approached the remote Glacies village, he was once again confronted by Gerrald who seemed to have been waiting for him. ""Ah, there you are. I thought it was about time you made it here."""	
GlaciesVillage_Cycle2Intro_10	Dialogue	"""Yeah, yeah. We both know you're spying on me, so no need to pretend you were just waiting here all this time,"" Alex said and sighed."	
GlaciesVillage_Cycle2Intro_20	Dialogue	"Oh yeah, we did have that conversation, didn't we?"" Gerrald said as he shrugged his shoulders. ""Anyway, I think I've reached the limit of what I can teach you as an outsider to the Glacies family."	
GlaciesVillage_Cycle2Intro_30	Dialogue	Wait, you can't possibly mean-	
GlaciesVillage_Cycle2Intro_40	Dialogue	"Exactly,"" Gerrald said. Although his face was hidden by a mask, there was no doubt that a smile bloomed on his face. ""It just so happens that there's a remnant of the Glacies family hiding in this town. What a fortunate coincedence, is it not?"	
GlaciesVillage_Cycle2Intro_50	Dialogue	"And why would a member of the Glacies family want to help me in any way, huh?"" Alex asked without hiding his frustration. ""While I never did them any harm, I <i>am</i> technically allied with someone they consider to be their nemesis."	
GlaciesVillage_Cycle2Intro_60	Dialogue	"I think you're underestimating her desperation,"" Gerrald said as he seemed to contemplate something for a moment. Before long, he spoke up again, ""Anyway, I've said my piece. It's up to you to decide what to do from now on."	
GlaciesVillage_Cycle2Intro_70	Dialogue	"""Guess I don't have much of a choice,"" Alex said as he turned his attention towards the village. He could not see Valerie anywhere, but it was no big surprise. She was supposed to be a fugitive, so finiding her should not be that trivial of a task."	
GlaciesVillage_ValerieNegotiation_0	Dialogue	"""What business do you have with me?"" Valerie asked with a wary gaze. Once again she must have witnessed him talking to Gerrald. After all, she confronted Alex about it in the first cycle."	
GlaciesVillage_ValerieNegotiation_10	Dialogue	"Alex decided to be upfront with his approach. ""I want to learn how to harness Glacies energy. And I learned from Gerrald that you would be the best teacher for that."""	
GlaciesVillage_ValerieNegotiation_20	Dialogue	"So you wish to learn the Glacies family's secret arts,"" the woman said as she seemed to weight the gains and losses. ""Very well. I somehow doubt that you'll be able to grasp the intricacies of our craft, but that's not my problem. But in return, I will need your help with a little something."	
GlaciesVillage_ValerieNegotiation_30	Dialogue	"""For some reason I have a feeling this 'something' is not all that little,"" Alex said, but was not particularly dismayed. He never hoped to receive Valerie's help for free."	
GlaciesVillage_ValerieNegotiation_40	Dialogue	"Ignoring Alex's quip, Valerie continued, ""I'm sure you're aware, but the Glacies family has quite the poor reputation around these parts."""	
GlaciesVillage_ValerieNegotiation_50	Dialogue	"To put it mildly,"" Alex said as he tried to keep a straight face. ""And you want to change that?"	
GlaciesVillage_ValerieNegotiation_60	Dialogue	"Of course I do!"" Valerie exploded with emotions that must have accumulated over many years. ""Do you know how it feels to be blamed for things you've never done!? To be held accountable for crimes never commited!?"	
GlaciesVillage_ValerieNegotiation_70	Dialogue	"I do, in fact,"" Alex said, recalling everything that happened back when Drake revealed his 'prophecy'. ""But that's besides the point. Wouldn't it be easier to simply improve <i>your</i> reptutation? Just say: 'Yeah, the Glacies family were real bastards, and I don't want to have anything to do with them!'"	
GlaciesVillage_ValerieNegotiation_80	Dialogue	"You think that's ever gonna work?"" Valerie said as she shook her head. ""For as long as my Energy Core remains intact, I would be considered a member of the Glacies family. And if I were to give up my abilities, some crazy psychopath would ambush me and finish the job."	
GlaciesVillage_ValerieNegotiation_90	Dialogue	"Sure, there might be some truth to that,"" Alex said as he shrugged his shoulders. ""Anyway, I guess your reasoning doesn't matter as long as you uphold your end of the deal."	
GlaciesVillage_ValerieNegotiation_100	Dialogue	"Exactly! So from now on, you are the Glacies family's retainer,"" Valerie said with a satisfied smile. ""Now, let us depart! To remind those ungrateful citizens of the grace that the Glacies family has shown them!"	
GlaciesVillage_GlaciesDiscussionBribes_0	Dialogue	"Once she heard a group of villagers discussing a particularly egregious punishment recently rendered by a local judge, Valerie pointed towards them with an excited expression. ""There! Remind those people of the brilliant and impartial judgments that the Glacies family rendered during their reign!"""	
GlaciesVillage_GlaciesDiscussionBribes_10	Dialogue	"Although Alex could see where this was going, he simply sighed and got moving. ""Hey, I just happened to hear what you were discussing,"" Alex said as he tried to appear as friendly as possible. ""What do you think, would things be better if someone from the Glacies family took charge once again?"""	
GlaciesVillage_GlaciesDiscussionBribes_20	Dialogue	"Alex expected some of the listeners to be bewildered, but was met with laughter instead. ""Ah, a classic one!"" said one man as he slapped his knee. ""I'm not wealthy enough yet to miss the times when the meaning of 'justice' was to give out a bigger bribe."""	
GlaciesVillage_GlaciesDiscussionBribes_30	Dialogue	But there's one thing you have to admit, buddy: the Glacies family were just and impartial in one thing only: the one with the bigger sack of coin is always in the right.	
GlaciesVillage_GlaciesDiscussionBribes_40	Dialogue	Yeah, remember that time when the biggest asshole around outbid my friend by just a few gold coins? Anyone else would screw over the guy just for the satisfaction of putting him in his place, but not the Glacies prick! Apparently there's nothing more important to them than a bit more gold in their pockets!	
GlaciesVillage_GlaciesDiscussionBribes_50	Dialogue	I mean, if they at least gave back the money to the loser, you could change the name from a 'trial' to an 'auction', but no: they never gave the gold back, the greedy bastards.	
GlaciesVillage_GlaciesDiscussionBribes_60	Dialogue	"Well, they did end up giving the gold back, just not in a way they expected,"" the man laughed as they started recalling the Glacies massacre. ""To tell the truth, I didn't get even a single coin back then, but that hardly matters. Just knowing that the Glacies bastards are left with nothing to their name is worth more than any treasure!"	
GlaciesVillage_GlaciesDiscussionBribes_70	Dialogue	"Yeah, couldn't put it any better!"" Alex said as he forced a smile on his face. He only heard rumours about the Glacies regions, so it was his first time learning that things were this bad. He returned to Valerie hiding behind the corner and said, ""I think this one is a lost cause."	
GlaciesVillage_GlaciesDiscussionBribes_80	Dialogue	"Y-yeah, those poor bastards are only remembering the bad parts. I-I'm sure that the Glacies family wasn't all that bad. Everyone was so nice to me when I was young,"" Valerie said, her confidence from before quite shaken. ""Anyway, let's continue our search. This was just one unlucky coincidence."	
GlaciesVillage_GlaciesDiscussionMerciless_0	Dialogue	"""O-okay, let's try asking someone else. Surely they'll remember all the good things the Glacies family has done for them,"" Valerie said, unsuccessfully trying to keep up her confident demeanor."	
GlaciesVillage_GlaciesDiscussionMerciless_10	Dialogue	"Although even more skeptical than before, Alex nonetheless followed Valerie's instructions. He approached the group who seemed to be discussing how this year's harvest was particularly bad. ""I'm not from around here. Were things any better back when the Glacies were in charge?"""	
GlaciesVillage_GlaciesDiscussionMerciless_20	Dialogue	"Well, maybe,"" one of the men said begrudingly. ""Neither Gerrald nor the people he put in charge seem particularly interested in this backwater village. But since one of the older members of the Glacies family enjoyed one of the local specialities, he always made sure we were able to make ends meet."	
GlaciesVillage_GlaciesDiscussionMerciless_30	Dialogue	"I don't think we were all that special,"" a woman interrupted. ""The Glacies always demanded heavy taxes, but that also meant they made sure that there were enough people to collect taxes <i>from</i>,"" the woman added with a sigh. ""Gerrald and his followers brought a much more... cutthroat approach. With lower taxes, as long as you're doing well, you can get rich quickly, but..."	
GlaciesVillage_GlaciesDiscussionMerciless_40	Dialogue	...If you're not doing so hot, there won't be anyone making sure you're alive and well.	
GlaciesVillage_GlaciesDiscussionMerciless_50	Dialogue	"Surprised by the unexpected praise for the Glacies reign, Alex followed up with another question, ""So you're saying that you would prefer the Glacies were still in charge?"""	
GlaciesVillage_GlaciesDiscussionMerciless_60	Dialogue	"Let's not get ahead of ourselves here,"" one of the men quickly showed his disaproval. ""Sure, when things get tought I kinda wish the Glacies were here to make sure we somewhow survive. But in the end, it didn't feel like 'living', but more like we were being 'kept alive'. Just enough to survive, but never enough to actually prosper."	
GlaciesVillage_GlaciesDiscussionMerciless_70	Dialogue	"That was insightful. Thank you for your time,"" Alex said as he gracefully bowed towards the villagers and returned to Valerie listening from afar. ""Seems like the Glacies family wasn't <i>all</i> that bad, huh?"	
GlaciesVillage_GlaciesDiscussionMerciless_80	Dialogue	"But contrary to his expectations, Valerie did not seem particularly overjoyed by what she heard. ""...When I was a child, I heard my relatives talking how 'livestock' needs to be kept just barely alive so it doesn't rise up to bite its master. I always thought they were talking about an actual farm, with pigs and cows..."""	
GlaciesVillage_GlaciesDiscussionMerciless_90	Dialogue	"""Oh, that's... unfortunate,"" Alex said, completely at a loss as to how react. ""Come on, surely there must have been some people from the Glacies family that were good! I'm sure that the next group will have something positive to say about them!"" Alex said. Before he noticed, he found himself emotionally invested in searching for good points of the Glacies family."	
GlaciesVillage_GlaciesDiscussionManhunts_0	Dialogue	"Alex noticed a group of older villagers discussing something in hushed tones. Seeing how much Valerie's mood had plummeted, Alex decided to take his chance and approached them. ""Excuse me, I'm new around these parts,"" Alex said as he showed a genuine smile and a graceful bow. ""I'm currently writing a chronicle describing the good and bad parts of different families. Naturally, the Glacies family had its fair share of the 'bad', but is there perhaps anything you could share about the 'good' parts of their rule?"""	
GlaciesVillage_GlaciesDiscussionManhunts_10	Dialogue	"Most of the villagers simply shook their heads with a frowns on their faces, but one elderly woman stepped forward. ""It's not a story a share often, given how people react to any mention of the Glacies family... but I was an abandoned child, growing up in a destitute orphanage. It was the Glacies family who saved me from dying from hunger on the freezing streets."""	
GlaciesVillage_GlaciesDiscussionManhunts_20	Dialogue	"Oh, you did mention being hired as a cleaner in the Glacies mansion once,"" said another woman as she nodded her head. ""I heard it paid well, but I when I consider applying, people around me convinced me otherwise, saying it was a death trap. Guess they were just making things up, eh?"	
GlaciesVillage_GlaciesDiscussionManhunts_30	Dialogue	"Contrary to the other woman's words, the first woman shook her head with a sad expression. ""No, my dear. Your friends did you a great favor. The Glacies have indeed paid me well for my service, but there's a certain... custom... that rendered all of it meaningless."""	
GlaciesVillage_GlaciesDiscussionManhunts_40	Dialogue	"Wait, you don't mean-"" said one of the men listening to the story. ""Were the stories about the 'manhunts' actually true!? I always assumed them to be just a stupid rumour! Guess you can't put <i>anything</i> past the Glacies family!"	
GlaciesVillage_GlaciesDiscussionManhunts_50	Dialogue	"""Manhunts?"" Alex asked. He had a bad feeling about this conversation, but it was too late to back out of it now."	
GlaciesVillage_GlaciesDiscussionManhunts_60	Dialogue	"Oficially, it was considered a punishment,"" the woman said and let out a heavy sigh. ""Over the years, special servants of the Glacies family would write down every single mistake you made. Being late, serving the wrong food, those kinds of things. And once your term as a servant was about to expire, they would hold a trial. And the verdict was always the same: death penalty."	
GlaciesVillage_GlaciesDiscussionManhunts_70	Dialogue	"But you're still alive!"" exclaimed one of the men. ""How did you manage to survive?"	
GlaciesVillage_GlaciesDiscussionManhunts_80	Dialogue	"Through sheer luck, obviously,"" the woman replied and let out yet another sigh. ""Each year, the Glacies would gather all condemned servants and hold a 'hunting festival'. For Enforcers, tracking and killing animals provided no joy, so they required a much more... engaging prey to keep things interesting."	
GlaciesVillage_GlaciesDiscussionManhunts_90	Dialogue	But you somehow managed to escape?	
GlaciesVillage_GlaciesDiscussionManhunts_100	Dialogue	"I hid under the corpse of my colleague,"" the woman said, grimacing as she recalled the ordeal. ""Once the Glaices killed someone, they avoided the corpse, considering it 'filthy'. And so, I managed to hold out until the 'manhunt' was finally finished."	
GlaciesVillage_GlaciesDiscussionManhunts_110	Dialogue	"That's a horrible thing you were forced to go through,"" Alex said without mincing words. ""But nothing about your story puts the Glacies in a positive light. Quite the opposite in fact."	
GlaciesVillage_GlaciesDiscussionManhunts_120	Dialogue	"Indeed. We're about to reach the crucial part,"" the woman said with a wry smile. ""Hiring me as a servant could not be considered a 'good deed', given the treatment they had prepared for those who were about to finish their term. To me, the Glacies family was always the embodiment of evil, with no redeeming qualities. And that's why what happened after the 'manhunt' was over baffled me so much."	
GlaciesVillage_GlaciesDiscussionManhunts_130	Dialogue	Before they started hunting us, the Glacies promised us one thing: 'the last surviving sinner will be granted clemency'. Of course, none of us believed a word they said. They were evil incarnate, toying with us as they pleased. We all assumed that once there was only one person left alive, they would fill them with hope, only to toss them into the abyss once they least expected.	
GlaciesVillage_GlaciesDiscussionManhunts_140	Dialogue	And yet, you're alive. So the Glacies kept their promise.	
GlaciesVillage_GlaciesDiscussionManhunts_150	Dialogue	"That they did,"" the woman said with a poignant expression. ""They congratulated me and set me free, even giving me some money for the road. I arrived at this village, every day spent waiting for a Glacies assassin to make one last heartbreaking reveal: that my 'clemency' was short-lived. And yet, as years passed, nobody came. The Glacies family never bothered me again, up until the very moment Gerrald came and dethroned them."	
GlaciesVillage_GlaciesDiscussionManhunts_160	Dialogue	"Vain pride, I suppose,"" one of the men said as he shook his head. ""They always prided themselves for making 'perfect judgments'. If they were to change their mind about your clemency, it would put their 'infalibility' into question."	
GlaciesVillage_GlaciesDiscussionManhunts_170	Dialogue	"Perhaps,"" the woman said with an indecipherable expression. ""And yet, to me it was that one, single time when the Glacies showed me a 'good' without any 'evil' waiting right behind it. And it continued to gnaw at me to this very day. Why did they do it? Why not just kill everyone?"	
GlaciesVillage_GlaciesDiscussionManhunts_180	Dialogue	"There's no point in trying to understand what a bunch of psychopaths could have been thinking,"" concluded one of the men as he tried to encourage the woman. ""Well, there you have it, mister chronicler,"" he added as he turned towards Alex. ""A 'good' part of the Glacies family, whatever its worth. I hope it's enough to satisfy you."	
GlaciesVillage_GlaciesDiscussionManhunts_190	Dialogue	"""Most certainly. Thank you for sharing the story with me,"" Alex said as he showed a bitter smile. He ended up delivering a finishing blow to Valerie's already dwindling self-confidence. Now all that was left was to pick up the pieces."	
GlaciesVillage_GlaciesDiscussionManhunts_200	Dialogue	"As Alex approached Valerie, it was obvious she did not take the news well. ""So many people, and the only 'good' thing they had to say about the Glacies family was that time when they happened to kill only <i>almost</i> every innocent person they've employed? And that too most likely due to their vain sense of pride."""	
GlaciesVillage_GlaciesDiscussionManhunts_210	Dialogue	Don't let the sins of strangers define who you are.	
GlaciesVillage_GlaciesDiscussionManhunts_220	Dialogue	"But that's the thing, mr Alex Wester,"" Valerie said as she showed Alex a desperate look. ""They were no strangers to me. They were grandparents, uncles, aunts and siblings. And they all did depraved things like these where I couldn't see it. And if I was allowed to grow up, I would probably end up doing just the same, trying to fit in with the only people I cared about."	
GlaciesVillage_GlaciesDiscussionManhunts_230	Dialogue	"Seeing that Alex was trying to give some words of encouragement, Valerie stopped him and let out a weary sigh. ""I'll hold up my end of the deal. Let me teach you everything I know about the Glacies arts. And after that... let's find some place to rest,"" Valerie said, seemingly having given up on avoiding capture."	
GlaciesVillage_ValerieAndJonath_0	Dialogue	"Alex led Valerie to the tavern, hoping to uplift her spirits after the ordeal she just went through. ""I've never been to this place, you know? Way too likely that someone would recognize me here,"" Valerie said witha a weary smile on her face."	
GlaciesVillage_ValerieAndJonath_10	Dialogue	"""It's a chore, but you need to stand up for yourself whenever someone tries to accuse you. Don't let Glacies family keep you from living your life,"" Alex said as he sat down at one of the tables."	
GlaciesVillage_ValerieAndJonath_20	Dialogue	"""I... suppose you're right. I never really did anything worthy of persecu-"" Valerie said as she approached the seat opposite of Alex, but then her head snapped in direction of one of the tables. Before Alex could react, she put her hand up and fired off a salvo of icicles in the direction of one of the patrons."	
GlaciesVillage_ValerieAndJonath_30	Dialogue	"It took a few seconds for everything to sink in. The dead man lying on the floor was Jonath. The men gathered around him were too slow to react to the threat, and now that the technique was deactivated, they were clutching their heads and groaning in pain. ""I-"" Valerie said with a shaky voice. ""I was trained to, when detecting a mind-control type, too dangerous, remove the threat-"" she barely managed to force the words out of her throat."	
GlaciesVillage_ValerieAndJonath_40	Dialogue	"As the men came to their senses and saw what happened, one of them started shouting, ""What did you just do!? Jonath was innocent! He probably never even realized he was born with an ability!"" the man shouted without hiding his anger and pain. ""And you killed him! Without asking any questions, without trying to figure out the truth!"""	
GlaciesVillage_ValerieAndJonath_50	Dialogue	"At first, it seemed like Valerie would try to explain herself. But then, as if something within her snapped, her shocked demeanor changed into one filled with haughty confidence. ""Who are you to question the judgment of a member of the esteemed Glacies family? My decision was absolute, and the sinner received his due punishment."""	
GlaciesVillage_ValerieAndJonath_60	Dialogue	"""You detestable wench!"" the man shouted and lunged at Valerie, completely enraged. But he was unable to get even close, since a layer of frost suddenly covered his body from top to bottom, restraining his movements."	
GlaciesVillage_ValerieAndJonath_70	Dialogue	"How utterly pathetic,"" Valerie said, her voice dripping with disdain. ""Get it through your heads, you pathetic maggots: there's only one person in this place capable of stopping me, and he's firmly on my side."" Valerie then turned towards Alex and asked. ""Isn't that right, mr Alex Wester? We did have a deal, and I'm sure you won't break it for the sake of a bunch of maggots like these."	
GlaciesVillage_ValerieAndJonathQuestion_0	Dialogue	I'm not moving from here until I get some answers. Why did you do this, Valerie!?	
GlaciesVillage_ValerieAndJonathAttack_0	Dialogue	"""Regardless of the reason, you took a man's life before checking whether he's guilty or not. I can't leave a loose cannon like you running around."" *Shatter Valerie's Energy Core*"	
GlaciesVillage_ValerieAndJonathRefuse_0	Dialogue	"""I refuse to play along with this farce."" *Leave the tavern*"	
GlaciesVillage_ValerieAndJonathQuestion_10	Dialogue	"I'm not moving from here until I get some answers. Why did you do this, Valerie!?"" Alex asked as he stood between the girl and the angry mob. ""Is it about Jonath's ability? You reacted instinctively and-"	
GlaciesVillage_ValerieAndJonathQuestion_20	Dialogue	"Don't be ridiculous!"" Valerie's angry shout cut through the room. ""Do you imply that a man just lost his life because some stupid girl got frightened? What you just witnessed was a swift judgment and execution of the Glacies. If you take any issue with what just happened, speak up, or don't ever question me again."	
GlaciesVillage_ValerieAndJonathAttack_10	Dialogue	"""Regardless of the reason, you took a man's life before checking whether he's guilty or not. I can't leave a loose cannon like you running around,"" Alex said as he channeled energy through his palm, and smashed it right into Valerie's solar plexus. Whether due to surprise or some other factor, the girl did not offer much resistance."	
GlaciesVillage_ValerieAndJonathAttack_20	Dialogue	"So... you're going to just take my only means of self-defense... and leave this place without a care in the world?"" Valerie said despite the pain. ""Happy that you did not kill anyone. Satisfied that you were able to remain a 'good person',"" Valerie added, her tone of voice turning venomous. ""Filthy coward. Hypocrite. At least have the guts to get your hands dirty and finish what you started."	
GlaciesVillage_ValerieAndJonathAttack_30	Dialogue	"Don't get me wrong,"" Alex replied with a stern expression. ""I'm not qualified to decide who gets to live or die. The most I can trust myself with is deciding who is a danger to others, and removing that danger."	
GlaciesVillage_ValerieAndJonathAttack_40	Dialogue	"Now that you've weakened the wench, move over!"" shouted one of the men, now freed from Valerie's ice. ""I have my own 'judgment' I need to apply to her posthaste!"	
GlaciesVillage_ValerieAndJonathAttack_50	Dialogue	"It's not up to you to decide her punishment,"" Alex said as he refused to move. ""Gerrald is in the area; he should be the right person for determining how to proceed from here. Or what, are you going to take a page from the Glacies' playbook and start playing judge, jury and executioner?"	
GlaciesVillage_ValerieAndJonathAttack_60	Dialogue	"Don't compare me to those filth,"" the man said and shot Alex a hateful glare, but did not take another step forward. He then turned towards one of his friends and said, ""Bern, go look for mister Gerrald. We need to make sure Jonath's murderer doesn't escape unscathed."	
GlaciesVillage_ValerieAndJonathRefuse_10	Dialogue	"""I refuse to play along with this farce,"" Alex said as he turned his steps towards the exit."	
GlaciesVillage_ValerieAndJonathRefuse_20	Dialogue	"Are you going to just leave me like this, coward!?"" Valerie snapped back at him once she saw that Alex was being serious. ""He might be an asshole, but at least Gerrald did not hesitate once he saw what needed to be done!"	
GlaciesVillage_ValerieAndJonathRefuse_30	Dialogue	"""In that case, call Gerrald,"" Alex said as he shrugged his shoulders. ""If what you're claiming is true, then he won't hesitate to put a bullet through your head,"" Alex added as he once again turned towards the exit, this time not heeding Valerie's voice resounding behind him."	
GlaciesVillage_ValerieAndJonath_80	Dialogue	In the end, the incident ended on a completely unsatisfying note. Valerie kept on insisting she was punishing Jonath for his 'haphazard mind-control', which forced Gerrald's hand. In the end, she ended up in Glacies prison for the forseeable future. 	
GlaciesVillage_ValerieAndJonath_90	Dialogue	"Although his goal was accomplished, the situation still left a bitter taste in Alex's mouth. ""At least this whole fiasco will end up being rewinded in the final cycle,"" Alex said as he let out a weary sigh."	
GlaciesVillage_Cycle3Intro_0	Dialogue	"Ah, there you are,"" Gerrald said once he noticed Alex approaching. ""Judging from your expression, you're hopeful that in this 'final try', you'll be able to avoid any awful incidents like the one from previous cycle."	
GlaciesVillage_Cycle3Intro_10	Dialogue	"Well, yeah,"" Alex said, taken somewhat off-guard by Gerrald's candid attitude. ""I don't know why Valerie reacted like that back then, but as long as I solve Jonath's issue first-"	
GlaciesVillage_Cycle3Intro_20	Dialogue	"Unfortunately, the 'Shadow' made sure you'll have bigger things to worry about in this cycle,"" Gerrald said as he shook his head. ""Seems like he spoke to Valerie and filled her head with a bunch of troublesome ideas. If you don't stop her, she's going to wipe this whole village out of existence."	
GlaciesVillage_Cycle3Intro_30	Dialogue	"What!?"" Alex shouted in disbelief. ""Then what are you doing, just standing here!?"	
GlaciesVillage_Cycle3Intro_40	Dialogue	"""A crisis can also be an opportunity, you know?"" Gerrald said, completely undisturbed by Alex's angry outburst. ""I was wondering how to further your Glacies energy this time around, and just the right kind of crisis presented itself! How could I possibly not make use of it?"" Gerrald said, a carefree smile no doubt hiding behind his mask."	
GlaciesVillage_Cycle3Intro_50	Dialogue	"Are you insane!?"" Alex shouted once again. ""Don't you realize this is our last chance to achieve a satisfying outcome? If anything goes wrong this time around, there will be no way to fix it!"	
GlaciesVillage_Cycle3Intro_60	Dialogue	"Well, in that case, I sure hope you don't mess up,"" Gerrald said as he shrugged his shoulders without a care in the world. ""Valerie is currently in the depths of the nearby ice caverns. She's trying to awaken something ominous, so I would hurry up if I were you."	
GlaciesVillage_Cycle3Intro_70	Dialogue	"""Thanks for nothing,"" Alex said as he could not stop himself from voicing a complaint before directing his steps in the direction that Gerrald pointed towards."	
GlaciesVillage_ValeriePreBossFight_0	Dialogue	"As Alex reached the end of the cave, he could see Valerie fiddling with some kind of ancient artefact. He tried approaching her, but was stopped dead in his tracks by a barrier of icicles blocking his path. ""Oh, sorry about that. But I can't have anyone interrupting me before I'm ready,"" Valerie said as showed Alex a sad yet determined smile."	
GlaciesVillage_ValeriePreBossFight_10	Dialogue	What exactly are you trying to accomplish here?	
GlaciesVillage_ValeriePreBossFight_20	Dialogue	"Make myself useful,"" Valerie said as she allowed a weary sigh to escape her lips. ""That shadowy thing allowed me to remember what happened in that 'discarded past', you know? I recalled everything I learned about the Glacies family... and about myself."	
GlaciesVillage_ValeriePreBossFight_30	Dialogue	"Are you seriously going to believe everything that shady thing throws at you?"" Alex said as he let out an exasperated sigh. ""Surely you don't believe that it's showing you these things out of the goodness of its heart, right? It wants to see you suffer!"	
GlaciesVillage_ValeriePreBossFight_40	Dialogue	"But those things it showed me, those memories: they're all true, are they not?"" Valerie asked. ""Those 'manhunts' organized by the Glacies family. And the way I killed a man due to an overreaction."" Seeing that Alex could not deny even a single of those things, Valerie showed a wry smile. ""Thought as much. I can feel it in my bones: these are memories of things that actually happened, things that I simply ended up forgetting."	
GlaciesVillage_ValeriePreBossFight_50	Dialogue	So what? It simply means that you can learn from those mistakes. Avoid making them again!	
GlaciesVillage_ValeriePreBossFight_60	Dialogue	"Upon hearing Alex's words, Valerie simply shook her head with a sad smile. ""And what would that accomplish? Extend my pointless existence for a few more months, perhaps even years? And to what end? To continue the legacy that my 'beloved' family left me?"" Valerie asked without hiding her disgust. ""No, I have a better plan."""	
GlaciesVillage_ValeriePreBossFight_70	Dialogue	The tragedy from previous cycle made me realize: the existence of a villain can unite people together, make them forget their differences and make them work towards one, singular goal. That's how Gerrald's 'massacre' was made possible. After all, there are no villains as perfect as the Glacies family.	
GlaciesVillage_ValeriePreBossFight_80	Dialogue	"""There's no reason to throw your life away like this,"" Alex said, finally realizing what Valerie was trying to accomplish."	
GlaciesVillage_ValeriePreBossFight_90	Dialogue	"It's a worthless life anyway. As a Glacies, the least I can do is perform my role until the very end,"" Valerie said as energy started raging wildly around her. ""Seems like it's starting. And don't worry: I won't burden you this time around. Once the energy runs out, my body will perish on its own. No need to worry about getting your hands dirty."	
GlaciesVillage_ValeriePreBossFight_100	Dialogue	"Before Alex could say anything, great force pushed him outside the ice caverns, straight onto the streets of Mildfrost. Valerie silhouette followed soon after, raging with power of her fellow Glacies family members. ""The time of reckoning is at hand,"" her voice resounded through the plaza. ""And this village shall be the first of many to suffer its just punishment. All who turned their backs on the Glacies family shall suffer."""	
GlaciesVillage_ValeriePreBossFight_110	Dialogue	"So this is the choice she made,"" Gerrald said as he cast a glance at Valerie's berserk state. ""If she decided to become kindling for the fire of our alliance, the least we can do is make sure her sacrifice doesn't go to waste."	
GlaciesVillage_ValeriePreBossFight_120	Dialogue	"""And you're going to accept it just like that!?"" Alex asked in disbelief. He was sure that Gerrald saved Valerie's life for a reason, that he wished for her to reach a better future. But here he was, emotionlessly accepting the girl's sacrifice."	
GlaciesVillage_ValeriePreBossFight_130	Dialogue	"""She's an adult and she made her choice,"" Gerrald said as shot a sharp glare in Alex's direction. ""I think it's about time to acknowledged her as an individual with her own goals and dreams, rather than a child in need of coddling."" Leaving those words behind, Gerrald threw himself into the frey, with Alex begrudingly following close behind."	
GlaciesVillage_ValeriePostBossFight_0	Dialogue	"True to her words, Valerie's body started breaking down as soon as the energy surrounding her was subdued. She only had a few short minutes of life left. And yet, seeing the villagers observing her from afar, she refused to break her facade. ""Pathetic maggots. Having to hide behind the backs of those stronger than you. If it weren't for Alex Wester and Gerrald, I would have surely slaughtered you all. "	
GlaciesVillage_ValeriePostBossFight_10	Dialogue	"They can't hear you from that far away,"" Alex said and let out a weary sigh as he approached Valerie's battered body. ""Why did you do this?"	
GlaciesVillage_ValeriePostBossFight_20	Dialogue	"I think you, of all people, should know that, mr Alex,"" Valerie said as she forced herself to smile through the pain. ""When the whole world considers you a detestable villain, it simply makes you wish to prove them wrong. No matter the cost."	
GlaciesVillage_ValeriePostBossFight_30	Dialogue	"But those people will remember you as a petty nuisance, rising up only to be defeated on the very same day,"" Alex said as he grimaced and pointed towards the villagers. ""To them, you'll simply remain as 'yet another Glacies tyrant'."	
GlaciesVillage_ValeriePostBossFight_40	Dialogue	"""The truth is: I don't give a damn about their opinions,"" Valerie said as her eyes started glazing over. ""As long as the few people I care about remember me in the right way, that's enough for me."" Leaving those words behind, Valerie breathed her last, leaving Alex and Gerrald standing in the snow."	
GlaciesVillage_ValeriePostBossFight_50	Dialogue	"After a painfully long silence, Alex spoke up, ""There, satisfied?"" he asked Gerrald. ""With this, your 'massacre of the Glacies family' is complete, topped off by a perfectly avoidable death from an innocent person."""	
GlaciesVillage_ValeriePostBossFight_60	Dialogue	"""Spare me your whining and tell me: did your Glacies energy get stronger?"" Gerrald asked, his expression indecipherable behind the mask."	
GlaciesVillage_ValeriePostBossFight_70	Dialogue	"""...It did. For whatever it's worth,"" Alex said without hiding his disgust."	
GlaciesVillage_ValeriePostBossFight_80	Dialogue	"""Then that's all that matters,"" Gerrald said as started walking away from Alex."	
GlaciesVillage_ValeriePostBossFightDuel_0	Dialogue	"""I'm itching to try out my newfound power. And I'm not taking no for an answer."" *Fight Gerrald*"	
GlaciesVillage_ValeriePostBossFightDuel_10	Dialogue	"""I'm itching to try out my newfound power. And I'm not taking no for an answer,"" Alex said, no longer able to control the anger bubbling up onto the surface."	
GlaciesVillage_ValeriePostBossFightDuel_20	Dialogue	"""Fair enough. But let's change location first. Wouldn't want to jeopardize Valerie's sacrifice,"" Gerrald said as he headed towards the ice caverns. After giving Valerie a proper burial, Alex followed after him."	
GlaciesVillage_ValeriePostBossFightDuel_30	Dialogue	"""Guess I can finally let out all the frustrations that have been building up,"" Alex said as he readied his weapon."	
GlaciesVillage_ValeriePostBossFightDuel_40	Dialogue	"""Don't worry, I'm quite used to handling petulant children. Wouldn't want you to break before the Eclipse even starts,"" Gerrald said as he aimed his rifle straight at Alex, signaling the start of the duel."	
GlaciesVillage_ValeriePostBossFightDuelFinished_0	Dialogue	"""Was that enough... to cool your head a little?"" Gerrald asked as he struggled to catch his breath."	
GlaciesVillage_ValeriePostBossFightDuelFinished_10	Dialogue	"""I wish I could break an arm or two, but guess this will have to do,"" Alex said as he sheathed his weapon."	
GlaciesVillage_ValeriePostBossFightDuelFinished_20	Dialogue	"I swear, if it wasn't for the promise I made to Silas..."" Gerrald said as he audibly grit his teeth. ""What did I do to deserve dealing with self-righteous pricks like you?"	
GlaciesVillage_ValeriePostBossFightDuelFinished_30	Dialogue	"Couldn't have happened to a better guy,"" Alex replied, not even trying to hide his animosity. ""Letting a gullible girl sacrifice herself sounds like something deserving of much worse."	
GlaciesVillage_ValeriePostBossFightDuelFinished_40	Dialogue	"Listen to me, you insufferable ignoramus, because I'm only going to say it once,"" Gerrald said in an unprecedented display of anger. ""If you truly care about Valerie's well-being, then make sure to get as strong as possible. And don't let the Shadow lead you astray."	
GlaciesVillage_ValeriePostBossFightDuelFinished_50	Dialogue	"Wait, what do you mean by 'Valerie's well-being'?"" Alex asked, taken completely off-guard. ""She's dead! It's too late for that!"	
GlaciesVillage_ValeriePostBossFightDuelFinished_60	Dialogue	"You, of all people, should know that death is not always irreversible,"" Gerrald said as he turned his steps towards the exit. ""Damn it. I got riled up and revealed more than I should. Let's just hope you'll use your brain and won't waste this opportunity."	
GlaciesVillage_ValeriePostBossFightDuelFinished_70	Dialogue	Providing no other explanation, Gerrald left Alex alone in the ice caverns. In the end, Alex was able to learn how to fully utilize the Glacies energy, so his business in the icy region was finished. All that was left was to use it against Drake's Tonitrui energy.	
GlaciesVillage_ValeriePostBossFightConclude_0	Dialogue	"""Hopefully I won't need to see your mug until the Eclipse."" *Finish mission*"	
GlaciesVillage_ValeriePostBossFightConclude_10	Dialogue	"""Hopefully I won't need to see your mug until the Eclipse,"" Alex said without hiding his disdain."	
GlaciesVillage_ValeriePostBossFightConclude_20	Dialogue	"""The feeling's mutual,"" Gerrald said without turning around. Despite all that happened, the two of them would obviously never get along. After giving Valerie a proper burial, Alex's business in Glaces region was finished. All that was left was to use it against Drake's Tonitrui energy."	
MolisBackstreets_Cycle1EncounterStart_0	Dialogue	As Alex walked through the streets of Wolfden, he could feel the air stirring with excitement. He stopped dead in his tracks and looked around. Sure enough, he quickly found the reason behind the odd atmosphere.	
MolisBackstreets_Cycle1EncounterStart_10	Dialogue	"""Ah, were we found out?"" said a man as he walked from behind one of the walls. He did not seem particularly disturbed by the initial failure of his ambush. ""Guess that means we get to make fun of you for a bit, so that's a decent trade-off."" Following his words, multiple other men appeared all around Alex, surrounding him. He spied some familiar faces among them."	
MolisBackstreets_Cycle1EncounterStart_20	Dialogue	"I can see where this is going,"" Alex said as he let out a exasperated sigh. ""I may have gotten weaker, but I'm still more than enough to handle the likes of you."	
MolisBackstreets_Cycle1EncounterStart_30	Dialogue	"Alex expected an angry outburst in return, but the man ended up simply chuckling and nodding his head. ""You're probably not wrong. After what you did to us, we're no more than pathethic dregs of society. Even if we gang up on you like this, it's not like our chances of success are particularly high."""	
MolisBackstreets_Cycle1EncounterStart_40	Dialogue	"Then why throw your lives away!?"" Alex insisted as he could feel his temper rising. ""Was getting your Energy Cores smashed so traumatic that you can't keep on living!?"	
MolisBackstreets_Cycle1EncounterStart_50	Dialogue	"Perhaps to some extent,"" the man replied with a somewhat resigned expression. ""Still, that's not the reason that brought all of us here together. After all, we've been forced to watch your ugly mug get praised as the high and mighty 'Core Reaper' for all those years. And we somehow managed to put up with it."	
MolisBackstreets_Cycle1EncounterStart_60	Dialogue	"I see,"" Alex said as he finally got the full picture. ""So you saw me become weaker and decided this was your one and only chance to possibly get revenge?"	
MolisBackstreets_Cycle1EncounterStart_70	Dialogue	"Don't be stupid. It's not your 'weakness' that made us spring into action,"" the man said with a disgusted expression. ""It's the fact you fell from your high horse, became weak - perhaps not as much as we are, but weak nontheless - and yet you're now trying to climb back up."	
MolisBackstreets_Cycle1EncounterStart_80	Dialogue	"""Do you realize how pathetic that makes you sound?"" Alex asked as he could not help but look at the man with a mixture of pity and disgust."	
MolisBackstreets_Cycle1EncounterStart_90	Dialogue	"Do you think I care!?"" the man shouted back as he finally unsheathed his weapon. His comrades followed suit. ""You becoming weak and pathetic was truly heavenly punishment for all you did to us. Punishment meant to make you realize your misdeeds, to make you repent! So why are you trying to get stronger as if nothing ever happened!?"	
MolisBackstreets_Cycle1EncounterStart_100	Dialogue	"If it was heavenly punishment as you say, then there would be nothing I could do to oppose it anyway. But as it turns out, you were just being delusional,"" Alex said as he also unsheathed his weapon. ""And just to be clear, I've never regretted what I did to you. To ALL of you."	
MolisBackstreets_Cycle1EncounterStart_110	Dialogue	Though Alex did not have full control of his body while doing the deeds, he would have commited them all the same were he the one calling the shots. Every single person gathered here was a robber, bandit or a thug, getting their way by abusing their higher-than-average strength. Aside from death, losing their Energy Cores was the only method capable of making them look back on their lives and repent.	
MolisBackstreets_Cycle1EncounterStart_120	Dialogue	"""To think you'd have the gall to feel wronged after all you did,"" Alex muttered to himself with a disgusted expression as he faced off against the thugs."	
MolisBackstreets_Cycle1EncounterEnd_0	Dialogue	"""Damn it. So it was a bust after all,"" the leader said as he fell to the ground. He did not seem particularly surprised by the fiasco of the operation."	
MolisBackstreets_Cycle1EncounterEnd_10	Dialogue	"""If you knew this was how it would turn out, then why do it in the first place?"" Alex scoffed at the pathetic display."	
MolisBackstreets_Cycle1EncounterEnd_20	Dialogue	"You wouldn't get it, you bastard,"" the man said and spat at Alex's shoes. ""An arrogant brat who was simply born stronger than others. Abusing his power to lord over everyone around him."	
MolisBackstreets_Cycle1EncounterEnd_30	Dialogue	"Funny how this works, huh?"" Alex said as he walked up to the man and crouched over him. ""Doesn't it sound familiar? Like a certain someone who beat up his neighbours whevenever he was in a foul mood and extort their money for supposed 'protection services'? Maybe heavenly punishment was closer than you thought?"	
MolisBackstreets_Cycle1EncounterEnd_40	Dialogue	"But I... already got my punishment, didn't I?"" the man said, struggling to force the words out of his mouth. ""Then when is your reckoning coming? Why do YOU get to crawl back up after everything you did?"	
MolisBackstreets_Cycle1EncounterEnd_50	Dialogue	"Alex thought back to the very moment when he lost all his power, when he was the most vulnerable. Ryker definitely had the opportunity to kill him while he was at his weakest, and yet he decided to help Alex instead. ""Guess the main difference is that I have friends. People who care about me."""	
MolisBackstreets_Cycle1EncounterEnd_60	Dialogue	"Upon hearing that, the man let out a chuckle. Despite his body hurting all over, he could not stop himself from devolving into a full-blown laughter. ""Friends? YOU, of all people? That's the funniest thing I've ever heard!"""	
MolisBackstreets_Cycle1EncounterEnd_70	Dialogue	"Something about the man's answer irked him, but also made him feel afraid of learning the details. But he felt he needed to ask nontheless. ""I fail to see what's so funny about that. Care to elaborate?"""	
MolisBackstreets_Cycle1EncounterEnd_80	Dialogue	"""Sure, wouldn't want to leave you hanging,"" the man said with a mocking smile. He seemed more than eager to share what he knew. ""I wasn't <i>always</i> a useless, aggresive bum, you know? Used to be a of the Molis family, even talked to some higher-ups over drinks. All turned to shit just because of one or two tiny mistakes, those annoying pricks,"" the man said as his expression turned sour."	
MolisBackstreets_Cycle1EncounterEnd_90	Dialogue	"Spare me your pathetic sob story,"" Alex said as his expression distorted. He did not remember all his previous elimination missions, but the did remember reading this man's bio. Embezzling, assault, blackmail. In Alex's eyes, shattering the man's Energy Core was an act of mercy. ""What does any of that have to do with me?"	
MolisBackstreets_Cycle1EncounterEnd_100	Dialogue	"It's about your 'buddy' Ryker, who else?"" the man said, once again barely holding back laughter. ""Man, just thinking how you blindly ate up every lie he spouted makes all of my pain fade away."	
MolisBackstreets_Cycle1EncounterEnd_110	Dialogue	"Got your ass handed to you, so now you try to drive a wedge between me and Ryker?"" Alex said as he stomped the ground next to the man's head. ""How more pathetic can you get?"	
MolisBackstreets_Cycle1EncounterEnd_120	Dialogue	"Believe what you want,"" the man said, barely fighting back exhaustion. ""But I've heard quite a few things from the Molis higher ups and let me tell you one thing: you don't have any actual friends, Alex. Only people trying to use you."	
MolisBackstreets_Cycle1EncounterEnd_130	Dialogue	"""What the hell would you know!?"" Alex said, but stopped himself from any further violence. He did not want to end up a murderer, especially not because of someone like that. ""Didn't think I'd end up throwing you in jail <i>twice</i>, but life sure is unpredictable."" The man's words weighed heavily on Alex's mind, but he tried to ignore them. People like him often came up with all sorts of lies just to get back at their enemies. This time was surely no different."	
MolisBackstreets_Cycle2EncounterStart_0	Dialogue	"Alex once again found himself walking the backstreets of Wolfden. He remembered the encounter with the supposed 'avengers' that he had here during the previous cycle. And the man's last words still lingered in his mind. ""Ryker was just trying to use me, huh? We've known each other for more than 10 years, so I find that hard to believe."""	
MolisBackstreets_Cycle2EncounterStart_10	Dialogue	"""Then you are still as guillible as ever, brat."" A voice snapped Alex out of his idle thoughts. It took only a single glance to recognize the imposing man. Hearth Molis, the current leader of the family and Ryker's father. And the closest thing Alex had to an actual parental figure, although he had certainly been shirking his duties as of late."	
MolisBackstreets_Cycle2EncounterStart_20	Dialogue	"""I assume that this meeting is not just a coincedence,"" Alex said as he furrowerd his brows. So far, every single meeting between Hearth and Alex was dictated by some sort of urgent reason. This time was undoubtedly no exception."	
MolisBackstreets_Cycle2EncounterStart_30	Dialogue	"""Just came to check how you're doing. Wouldn't be able to look your father in the face otherwise,"" the man replied as he shrugged his shoulders. It was na obvious lie. Such sentimentality never had a place in Hearth's life before."	
MolisBackstreets_Cycle2EncounterStart_40	Dialogue	"""Stop wasting our time and get to the point,"" Alex said with a sigh."	
MolisBackstreets_Cycle2EncounterStart_50	Dialogue	"In that case, let me ask you straight up: why do you continue to struggle?"" Hearth said as his expression instantly snapped from his usual laid-back attitude to utter seriousness. ""Wouldn't it make more sense to just give up? Not like you're going to survive either way."	
MolisBackstreets_Cycle2EncounterStart_60	Dialogue	"I'm fighting, because..."" Alex started saying, but then caught himself not quite sure how to answer. And so, the easiest and most natural answer presented itself. ""...Because it's what I was born to do."	
MolisBackstreets_Cycle2EncounterStart_70	Dialogue	"Didn't change even a bit, huh?"" Hearth replied as he let out a sigh filled with disappointment. ""Guess I did end up wasting my time by coming here."	
MolisBackstreets_Cycle2EncounterStart_80	Dialogue	"So that's the reason why you sided with Leo?"" Alex asked, unable to feign perfect nonchalance. ""Because I didn't have the grit, a clear goal driving me?"	
MolisBackstreets_Cycle2EncounterStart_90	Dialogue	"Hmmm... maybe?"" Hearth replied, his tone lacking confidence to convince even himself. Then he shook his head and added, ""Nah, who am I kidding. I'm just pissed off at the sigh of a brat like you being paraded around like some sort of 'saviour'. Who could you possibly save if you can't even save yourself?"	
MolisBackstreets_Cycle2EncounterStart_100	Dialogue	"The words stung, but Alex did not let it show, instead opting to put on a brave front. ""I didn't ask for any of this, you know?"""	
MolisBackstreets_Cycle2EncounterStart_110	Dialogue	"""Then complain. Throw a tantrum. Don't just meekly accept being sacrificed,"" Hearth said as he shook his head. ""Damn, I should have expected this won't go anywhere. Let's just get it over with,"" he said as he prepared for combat."	
MolisBackstreets_Cycle2EncounterStart_120	Dialogue	"A lesson on Molis energy?"" Alex asked, taken somewhat off-guard. ""What about your recent alliance with Leo?"	
MolisBackstreets_Cycle2EncounterStart_130	Dialogue	"Wouldn't hurt to have two competent candidates, would it?"" Hearth said with a smirk. ""In the end, it doesn't matter which of you two ends up doing the deed. It's just that I simply cannot see you ever succeeding, Alex."	
MolisBackstreets_Cycle2EncounterStart_140	Dialogue	"""Then I guess I have no choice but to change your mind,"" Alex replied. He would have to clear Hearth's doubts the traditional Molis way: through a one-on-one duel."	
MolisBackstreets_Cycle2EncounterEnd_0	Dialogue	"Well, guess you're getting the hang of it,"" Hearth said as he stretched his body. Just seconds ago he seemed pushed to the brink, but now he appeared only slightly winded. ""Leo probably doesn't stand a chance."	
MolisBackstreets_Cycle2EncounterEnd_10	Dialogue	At least <i>try</i> not to look disgusted while saying that.	
MolisBackstreets_Cycle2EncounterEnd_20	Dialogue	"No can do,"" Hearth replied as he shrugged his shoulders. ""Isn't it human nature to cheer for the underdog? Especially for us, the Molis family."	
MolisBackstreets_Cycle2EncounterEnd_30	Dialogue	Even though you've known me for more than 10 years?	
MolisBackstreets_Cycle2EncounterEnd_40	Dialogue	"Isn't that exactly the reason why I wouldn't want <i>you</i> doing the suicide mission?"" Hearth said as he clicked his tongue. ""I have no clue why your... why Gerrald has a different view, but I just can't bring myself to send you to certain death."	
MolisBackstreets_Cycle2EncounterEnd_50	Dialogue	But you're okay with doing that to Leo?	
MolisBackstreets_Cycle2EncounterEnd_60	Dialogue	Leo is doing this of his own volition. Because he truly believes that he can do it. And genuine conviction is worth more than any talent.	
MolisBackstreets_Cycle2EncounterEnd_70	Dialogue	"Conviction, huh?"" Alex mumbled to himself. ""Guess you might be right. I'll need to think about it."	
MolisBackstreets_Cycle2EncounterEnd_80	Dialogue	"Sure thing,"" Hearth said as he prepared to leave. ""Judging from your current strength, you have one more 'repetition' left to go. Next time I'll probably send Ryker himself, so prepare accordingly."	
MolisBackstreets_Cycle2EncounterEnd_90	Dialogue	"""I'll look forward to it,"" Alex said with a wry smile. It seemed like he would need to wait until the final cycle to clear up his doubts about his friendship with Ryker."	
MolisBackstreets_Cycle3EncounterStart_0	Dialogue	"""Finally here, I see,"" Ryker said once he saw Alex approaching. One look at his expression would be enough to judge the meeting could only end one way."	
MolisBackstreets_Cycle3EncounterStart_10	Dialogue	"Guess we've put this off long enough,"" Alex said as he clicked his tongue. The opponent's strength did not matter. He had to make it work. ""Before we begin, let me ask just one thing."	
MolisBackstreets_Cycle3EncounterStart_20	Dialogue	"Ryker seemed taken somewhat off-guard by the sudden questioning, but he quickly regained his composure. ""Go ahead."""	
MolisBackstreets_Cycle3EncounterStart_30	Dialogue	"Your father ordered you to get along with me, right? Back when we first met."" After months of deliberation, Alex had finally arrived at the only possible conclusion. ""Being my friend was just the easiest way of getting your job done. No, were we ever friends to begin with?"	
MolisBackstreets_Cycle3EncounterStart_40	Dialogue	"There was no change in Ryker's expression, nor in his battle stance. Had he known Ryker any less, the attitude would have seemed flippant and uncaring. ""...Who knows,"" Ryker finally said after a long deliberation. ""What does a 'friend' mean, anyway?"""	
MolisBackstreets_Cycle3EncounterStart_50	Dialogue	"""Who knows? I'd say I'm the least qualified person to answer that question,"" Alex said as he shrugged his shoulders with a self-depreceating smile."	
MolisBackstreets_Cycle3EncounterStart_60	Dialogue	"I guess so,"" Ryker said as he let out a chuckle. ""Not that it matters either way. The definition of a friend would be different for each person anyway."	
MolisBackstreets_Cycle3EncounterStart_70	Dialogue	And? Do I qualify?	
MolisBackstreets_Cycle3EncounterStart_80	Dialogue	"I'm afraid not,"" Ryker said as he shrugged his shoulders. ""To me, a friend would be someone I can share my worries with, that I can confide in. An annoying kid I was tasked with looking after does not exactly fit the criteria."	
MolisBackstreets_Cycle3EncounterStart_90	Dialogue	"""I see. That does make sense,"" Alex replied. When he thought about the conversation he would have, Alex always imagined himself erupting in anger. 'How dare you pretend to be my friend!?' 'You were probably laughing behind my back.' 'Was I just another chore to you!?' Phrases all would come to his mind, prepared to fire like bullets in the chamber of a gun."	
MolisBackstreets_Cycle3EncounterStart_100	Dialogue	"And yet, now that he found himself in just the scenario he predicted, none of those words seemed to make sense. ""Ah, I see. Guess you had it pretty hard having to deal with me."""	
MolisBackstreets_Cycle3EncounterStart_110	Dialogue	"You bet I did,"" Ryker said with a exasperated sigh. ""And so, allow me to let off some steam."	
MolisBackstreets_Cycle3EncounterStart_120	Dialogue	"Likewise. I always hated how you seemed to look down on me, you know?"" Alex said with a smile. ""We used to spar a lot, as soon as I got strong enough, you started refusing to fight me for some reason. Guess today we finally get to settle the score."	
MolisBackstreets_Cycle3EncounterStart_130	Dialogue	"""You sure got cocky after learning a move or two. Time to put you in your place,"" Ryker said as a smile filled with excitement finally bloomed on his face. In the end, all this talk of 'friendship' or 'pretending' did not fit the two of them. Not an exchange of words, but an exchange of blows was truly the Molis way."	
MolisBackstreets_Cycle3EncounterEnd_0	Dialogue	"...And there we have it,"" Alex said as he struggled to catch his breath. ""An undisputed victory. Guess I should be the one guarding <i>you</i>."	
MolisBackstreets_Cycle3EncounterEnd_10	Dialogue	"That's quite the attitude... for someone abusing the shadowgift,"" Ryker said as he sprawled out on the ground. ""How many retries did you need to finally beat me?"	
MolisBackstreets_Cycle3EncounterEnd_20	Dialogue	...The final score is {0}.	
MolisBackstreets_Cycle3EncounterEnd_30a	Dialogue	"...For real?"" Ryker asked with a flabbergasted expression. ""I thought I was strong, but guess I still have a long way to go. Time for a more intensive training regimen."	
MolisBackstreets_Cycle3EncounterEnd_30b	Dialogue	"A draw, huh?"" Ryker said as he clicked his tongue. ""Well, guess being able to get extra attempts is part of your strength, one you had to pay a hefty price for."	
MolisBackstreets_Cycle3EncounterEnd_30c	Dialogue	"""Guess I got to keep my face then,"" Ryker said, obviously relieved. ""Although the last bout is the only one that matters in the end."	
MolisBackstreets_Cycle3EncounterEnd_40a	Dialogue	"""Can it even get any more intense than now?"" Alex asked with an exasperated expression. If there was one thing Ryker was known for, it was his gruelling schedule."	
MolisBackstreets_Cycle3EncounterEnd_40b	Dialogue	"""More like I got it as a bonus, but I digress,"" Alex said with a tired sigh."	
MolisBackstreets_Cycle3EncounterEnd_40c	Dialogue	"""At least I got multiple training sessions for the price of one,"" Alex said with a wry smile."	
MolisBackstreets_Cycle3EncounterEnd_50	Dialogue	"Well, that's that,"" Ryker said, his body growing visibly less tense. ""You've seen Molis techniques more than any others during your lifetime, so a few spars was all you needed to reach your full potential. With this, you're as ready as you'll ever be."	
MolisBackstreets_Cycle3EncounterEnd_60	Dialogue	...But you still won't support me during the Eclipse, will you?	
MolisBackstreets_Cycle3EncounterEnd_70	Dialogue	"You've probably heard it before, but Molis tends to root for the underdog, you know?"" Ryker said as he let out a tired sigh. ""We've never had the strength of Ignis, the wisdom of Proprius or the authority of Glacies. All we had was grit, and our familial bonds."	
MolisBackstreets_Cycle3EncounterEnd_80	Dialogue	So you find Leo to be your kindred spirit?	
MolisBackstreets_Cycle3EncounterEnd_90	Dialogue	"To some extent,"" Ryker said with a wry smile on his face. ""He doesn't learn new techniques quite as easily as you do, not to mention you only need to win <i>once</i> to invalidate all his previous victories. I don't know how many 'retries' you'll get, but his chances of victory are pretty much as close to zero as it gets."	
MolisBackstreets_Cycle3EncounterEnd_100	Dialogue	Wouldn't it make sense to support me then? Given that all our lives are on the line.	
MolisBackstreets_Cycle3EncounterEnd_110	Dialogue	"That's just the thing, Alex,"" Ryker said as he slowly got up. Anger flared in his eyes, anger that he had been holding back for so long. ""It's just <i>our</i> lives that are on the line here, not yours. As things stand, you're bound to die whether you win or lose, regardless of if you fight the Shadow or not."	
MolisBackstreets_Cycle3EncounterEnd_120	Dialogue	So you can't trust someone who has nothing to gain?	
MolisBackstreets_Cycle3EncounterEnd_130	Dialogue	"You need to stop that habit of looking at things from the worst perspective,"" Ryker said as he clicked his tongue. ""It's embarassing to say, but I care about whether you live or not. And your chances of survival go up significantly if you <i>don't</i> jump straight into danger. Who knows, maybe Laura will come up with some solution to your current predicament."	
MolisBackstreets_Cycle3EncounterEnd_140	Dialogue	"""If you try to stop me from going, I will <i>need</i> to fight you, you know?"" Alex said as his expression hardened. He might have recovered most of his free will, but that one thing was non-negotiable. He will need to face off against the Shadow, and he would take down anyone who tried to stop him."	
MolisBackstreets_Cycle3EncounterEnd_150	Dialogue	"""In that case, I need to train some more. I won't be as easy to get through the next time we meet, you know?"" Ryker said as he walked away, but not before flashing Alex one last smile."	
MolisBackstreets_Cycle3EncounterEnd_160	Dialogue	"""So the final conclusion is that we are friends, but we'll need to fight each other anyway?"" Alex murmured to himself. Not quite the outcome he expected, but one he was willing to accept. Somehow, it felt fitting when it came to him and Ryker. Having gotten a bit stronger, Alex resumed his journey."	
SalutisFields_Cycle1EncounterStart_0	Dialogue	On his way to a mission in a particularly remote location, Alex was running through a moon-illuminated forest. Suddenly, he was filled with a sense of foreboding, causing him to stop dead in his tracks. It was as if his life was about to-	Po ucieczce z podziemnej pułapki, Alex biegł przez las oświetlony księżycem. Niespodziewanie poczuł mrowienie na karku, przez co nagle stanął w miejscu. Czuł się tak, jakby jego życie miało zaraz dobiec-
SalutisFields_Cycle1EncounterStart_10	Dialogue	"A sudden slash performed by an unknown assailant split Alex's Energy Core in two, causing him to black out almost instantly. ""Shit, he couldn't handle even this much? Just how much weaker did he get?"""	"Nagłe cięcie wykonane przez nieznanego zabójcę sprawiło przepołowiło Rdzeń Energii Alexa, sprawiając, że niemalże natychmiastowo stracił przytomność. ""Dziwne. Nie działa? A może to jego pierwszy raz?"""
SalutisFields_Cycle1EncounterStart_20	Dialogue	With the girl's rude remark being the last thing to reach his ears, Alex's consciousness was abruptly cut off.	Te słowa były ostatnią rzeczą, które Alex zapamiętał zanim jego świadomość została kompletnie odcięta.
SalutisFields_Cycle1EncounterStart_30	Dialogue	Before he noticed, Alex found himself back in the forest, mere moments before he was turned into a cripple. His ability must have activated the moment his Energy Core was shattered, sending him into the past.	Zanim się obejrzał, Alex znalazł się z powrotem w lesie, zaledwie kilka chwil przed zostaniem zamienionym w kalekę. Jego umiejętność musiała się aktywować w momencie, gdy jego Rdzeń Energii uległ zniszczeniu, wysyłając go w przeszłość.
SalutisFields_Cycle1EncounterStart_40		This time, armed with knowledge, he was able to avoid the immaculate blow aiming to cut off his consciousness.	Tym razem wiedział jak uniknąć perfekcyjnego uderzenia, które już pędziło by pozbawić go świadomości.
SalutisFields_Cycle1EncounterStart_50	Dialogue	"""...You dodged it despite your current level. Guess your 'regression' is working properly,"" the girl said with a smile. She was too knowledgable regarding Alex's circumstances to be just a random foe."	"""...Przy swoich obecnych umiejętnościach nie ma szans, że powinieneś być w stanie tego uniknąć. No chyba że... to faktycznie działa?"" kobieta zastanawiała się na głos gdy jej atak zakończył się niepowodzeniem. Z jakiegoś powodu wydawała się zadowolona z obecnego obrotu sprawy."
SalutisFields_Cycle1EncounterStart_60	Dialogue	"""You're one odd assassin,"" Alex said as he unsheathed his weapon. The girl seemed to be a member of the Salutis family, but at the same time, something about her seemed slightly off."	"""Co ci odbiło!?"" krzyknął Alex i w pośpiechu wyciągnął broń."
SalutisFields_Cycle1EncounterStart_70	Dialogue	"I'm just here for a quick duel with our lives on the line. You were always fond of those back when you were strong, weren't you, Alex?"" the woman asked with a somewhat mocking expression.	""Taki tam szybki pojedynek. Zawsze je lubiłeś, kiedy jeszcze byłeś silniejszy. Nieprawdaż, Alex?"" kobieta powiedziała z tajemniczym uśmiechem pełnym satysfakcji. ""W końcu dostałam misję, której wykonanie sprawi mi tyle przyjemności."	
SalutisFields_Cycle1EncounterStart_80	Dialogue	"""Guess I have no choice in the matter,"" Alex said as he clicked his tongue."	"""Wygląda na to, że pokojowe rozwiązanie nie wchodzi w grę,"" Alex powiedział i westchnął. Ta kobieta ewidentnie wiedziała więcej niż powinna, ale by uzyskać odpowiedzi Alex będzie musiał wpierw ją pokonać."
SalutisFields_Cycle1EncounterEnd_0	Dialogue	"Overwhelmingly underwhelming. I'd rate your current state a meager 4 out of 10,"" the woman said as she nonchalantly dusted off her clothes. ""At this rate, Leo is going to wipe the floor with you once the decisive moment arrives."	"Przytłaczająco rozczarowujący. Na obecną chwilę oceniłabym cię na ledwo 4 na 10,"" powiedziała kobieta i nonszalancko oczyściła swój strój. ""W tym tempie nasz plan może spalić na panewce."
SalutisFields_Cycle1EncounterEnd_1	Dialogue	"Better than I feared, but still underwhelming. I'd rate your current state a meager 6 out of 10,"" the woman said as she nonchalantly dusted off her clothes. ""At this rate, you might even stand a chance against Leo once the decisive moment arrives."	"Lepiej niż się obawiałam, ale nadal rozczarowujący. Na obecną chwilę oceniłabym cię na ledwo 6 na 10,"" powiedziała kobieta i nonszalancko oczyściła swój strój. ""W tym tempie nasz plan może być zagrożony."
SalutisFields_Cycle1EncounterEnd_10	Dialogue	"You're not an actual assassin, are you?"" Alex said as he lowered his weapon. The girl's every move was exagerated, aimed at showing him how to perform and counter it. It was actually a lesson about Salutis energy in disguise. ""A member of the Salutis family that doesn't want me dead?"	"Możemy teraz przedyskutować... czemu zdecydowałaś się na mnie napaść?"" Alex zapytał się z trudem łapiąc oddech. ""Ma to jakiś związek z moją nowo nabytą mocą?"
SalutisFields_Cycle1EncounterEnd_20	Dialogue	"The Salutis are not a complete monolith, you know?"" the girl replied as she shrugged her shoulders. ""Well, it is one for the most part, but I'm somewhat of an exception. A mutual friend tasked me with checking up on your 'Salutis' skills."	"""Mowa o twojej 'regresji'? Oczywiście, że ma to związek. Myślisz, że walczyłabym z tobą na śmierć i życie gdyby nie to? Za kogo mnie masz, jakiegoś psychopatę?"" zapytała kobieta. Wydawała się być faktycznie obrażona."
SalutisFields_Cycle1EncounterEnd_30	Dialogue	"A mutual friend, huh?"" Alex said as he clicked his tongue. If the girl was willing to reveal the person's identity, she would not have used such confusing term in the first place. ""Not impressed with what you see, judging from your previous remark?"	I co, teraz mi powiesz, że mam ci zaufać? Że pracowaliśmy razem w poprzedniej, teraz już nieistniejącej wersji historii?
SalutisFields_Cycle1EncounterEnd_40	Dialogue	"If you were a normal guy, I'd be singing your praises,"" the girl said as she handwaved Alex's words. ""Unfortunately for you, you were gifted with one of the most powerful 'talents' in the world. Being 'somewhat impressive' is not going to cut it, I'm afraid."	"Tak jak niewątpliwie próbował przekonać cię 'cień'? Znam cię zbyt dobrze, żeby tego próbować, Alex,"" kobieta powiedziała z uśmiechem na ustach. ""Będziesz poddawał w wątpliwość wszystko i wszystkich. Sam przeprowadzisz swoje dochodzenie i dojdziesz do własnych wniosków. I nic co powiem nie skłoni cię, żeby postąpić inaczej."
SalutisFields_Cycle1EncounterEnd_50	Dialogue	So you took it into your hands to educate me.	"...Faktycznie dobrze mnie znasz,"" Alex powiedział z grymasem. Nie podobało mu się, jak bardzo został przejrzany. ""Więc skąd ta próba zabójstwa?"
SalutisFields_Cycle1EncounterEnd_60	Dialogue	You don't get many opportunities to face off against a Salutis assassin that <i>doesn't</i> actually want to kill you.	Musiałam sprawdzić, czy twoja aktywowana automatycznie 'regresja' działa tak, jak powinna.
SalutisFields_Cycle1EncounterEnd_70	Dialogue	"You did end up killing me though."" Shattering his Energy Core was no different from cutting off his head; but ended up triggering his 'regression' just the same, and any consequences that doing so carried.	""A co, gdyby nie działała?"	
SalutisFields_Cycle1EncounterEnd_80	Dialogue	"Guess I was just taken off-guard by just how weak you currently are,"" the girl said with a exasperated sigh. ""I've been hearing over and over again about the unbeatable 'Core Reaper'. I must have been quite surprised when he ended up taken down just like any other sucker."	"No to byłoby o jednego mniej egocentrycznego Autarchę. Nic specjalnego,"" kobieta powiedziała i nonszalancko wzruszyła ramionami. ""Choć teraz jak się nad tym zastanawiam, to wszyscy inni <i>też</i> mieliby spory problem, ale to w sumie mało istotne."
SalutisFields_Cycle1EncounterEnd_90	Dialogue	"Although the girl's attitude got on his nerves, Alex tried not to let it show. ""Anyway, I think I received enough 'pointers' regarding Salutis to last me until next cycle. So mind telling me your name in case I'll require further instructions in the future?"""	"""Spory problem?"" Alex zapytał, coraz bardziej sfrustrowany brakiem dokładnych odpowiedzi."
SalutisFields_Cycle1EncounterEnd_100	Dialogue	"'In the future', huh?"" the girl replied with a wry smile on her face. ""Usually, that would only be 'the future' from your perspective, wouldn't it?"	"""Spory problem?"" Alex zapytał, coraz bardziej sfrustrowany brakiem dokładnych odpowiedzi."
SalutisFields_Cycle1EncounterEnd_110	Dialogue	"...Guess that's true,"" Alex replied as he sheepishly scratched the back of his neck. ""But it is somewhat unfair that you know exactly who I am, and I don't even know your name in return."	"""Spory problem?"" Alex zapytał, coraz bardziej sfrustrowany brakiem dokładnych odpowiedzi."
SalutisFields_Cycle1EncounterEnd_120	Dialogue	"""Fine, have it your way then,"" the girl said as she let out a tired sigh. ""The name's Clarise, and I'm doing this as a favor to our mutual friend. I don't think you need to know anything more aside from that."" As if to further prove her point, Clarise leapt into the shadows as soon as she finished her introduction."	"""Spory problem?"" Alex zapytał, coraz bardziej sfrustrowany brakiem dokładnych odpowiedzi."
SalutisFields_Cycle1EncounterEnd_130	Dialogue	"""Clarise, a Salutis assassin gone rogue, huh?"" Alex muttered, having been left alone in the dark forest. The name did not ring any bells, so he did not know if he could trust her. Still, there was no denying the genuine zeal in her movements, as if trying to guide him in the right direction with every attack."	"""Spory problem?"" Alex zapytał, coraz bardziej sfrustrowany brakiem dokładnych odpowiedzi."
SalutisFields_Cycle1EncounterEnd_140	Dialogue	In the end, Alex was the type of person to trust actions more than words. And as long as Clarise showed him goodwill, he would accept it without overthinking it too much. How long said goodwill would last remained to be seen.	"""Spory problem?"" Alex zapytał, coraz bardziej sfrustrowany brakiem dokładnych odpowiedzi."
SalutisFields_Cycle2EncounterStart_0	Dialogue	"""...I'm getting a bad feeling about this,"" Alex muttered to himself as he ran through a moonlit forest. He was expecting another 'training session' with Clarise, but what he received was the prickling unease often associated with being surrounded by assassins."	
SalutisFields_Cycle2EncounterStart_10	Dialogue	"""...So being Shadowgifted has not stripped you of your beastly instincts, I see,"" said a middle-aged woman as she walked from behind one of the trees."	
SalutisFields_Cycle2EncounterStart_20	Dialogue	"Wouldn't go that far. You're just not good enough at your job to succesfully ambush me,"" Alex said with a wry smile as he recalled his 'death' at the hands of Clarise. ""I suppose you're here to eliminate a thorn in your eye?"	
SalutisFields_Cycle2EncounterStart_30	Dialogue	"You overestimate your own importance, mr. Alex,"" the woman said as she let out a bewildered chuckle. ""We may support Leo's cause because he is ultimately much less threatening option between you two. However, our true priorities lie elsewhere."	
SalutisFields_Cycle2EncounterStart_40	Dialogue	"As the clinking of blades being unsheathed resounded around him, Alex took out a weapon of his own. ""Your actions seem to contradict that statement."""	
SalutisFields_Cycle2EncounterStart_50	Dialogue	"""That's why I said you overestimate yourself. You are nothing more than a bait. Our true aim lies elsewhere."" Alex could tell that the woman was smiling underneath her mask."	
SalutisFields_Cycle2EncounterStart_60	Dialogue	"As if on cue, Clarise descend right next to Alex. ""...You people did not change at all."" Her voice was dripping with disdain."	
SalutisFields_Cycle2EncounterStart_70	Dialogue	"At once, everything clicked into place. A squad of Salutis assassins using Alex as a bait. And Clarise, an assassin skilled in handling Salutis energy, yet opposed to the family itself. ""Sorry. Guess me being more proficient with Salutis energy gave the game away,"" Alex said as he turned towards the girl."	
SalutisFields_Cycle2EncounterStart_80	Dialogue	"No worries, I expected something like this to happen,"" Clarise replied, yet her expression seemed especially tense. ""In the end, it was my decision to come out of hiding. And I shouldn't need to explain it, but I'm not exactly doing it because I'm fond of you."	
SalutisFields_Cycle2EncounterStart_90	Dialogue	"That does set my heart at ease,"" Alex replied as a wry smile found its way onto his face. ""Guess I can only thank that 'mutual friend' of mine."	
SalutisFields_Cycle2EncounterStart_100	Dialogue	"Not particularly in a hurry, the group of Salutis assassins simply observed the movements of Alex and Clarise. Finally, their leader spoke up, ""I was wondering if this would work, but here we are. I was finally able to see you again, Clarise."""	
SalutisFields_Cycle2EncounterStart_110	Dialogue	"Spare me your breath,"" Clraise said, repulsed even moreso than before. ""You came here to fight, so that's what we'll do."	
SalutisFields_Cycle2EncounterStart_120	Dialogue	"""So you have no intention of repenting, I see,"" the woman said, seeming a bit disappointed. Alex did not miss how Clarise slightly flinched at those words. ""Very well. It pains me to do this, but I suppose this is something we should have done a long time ago. Leave no survivors,"" she said towards the assassins and promptly lunged at both Alex and Clarise."	
SalutisFields_Cycle2EncounterLose_0	Dialogue	Having barely defeated the onslaught of Salutis assassins, Alex finally had the luxury of having a glance at the battlefield.	
PropriusLibrary_Leo1_0	Dialogue	"Upon entering the Proprius Grand Library, the first person to enter Alex's line of sight was none other than Leo Proprius. ""...Guess I should have expected as much,"" Alex said as he remained tense, but stopped himself from reaching for his weapon."	
PropriusLibrary_Leo1_10	Dialogue	"My relationship with Proprius may be strained, but it is my home nonetheless,"" Leo said as he shrugged his shoulders in a leisurely manner. He did not seem eager to fight here. ""And you're here to master the Proprius energy, I assume?"	
PropriusLibrary_Leo1_20	Dialogue	"...That's right,"" Alex said, somewhat deflated to admit as much in front of a true master that art. ""Any words of advice?"	
PropriusLibrary_Leo1_30	Dialogue	"Hearing his enemy asking for tips, Leo failed to hold back a chuckle. And suprisingly, he did provide a valuable answer. ""Don't just blindly listen to what the Proprius tell you. Mindlessly following their dogma is a dead end."""	
PropriusLibrary_Leo1_40	Dialogue	Is that the reason behind the fall-out between you and the Proprius? A difference in opinions?	
PropriusLibrary_Leo1_50	Dialogue	"Leo scoffed at those words. ""I often argue even with <i>myself</i>. Isn't there obviously going to be a difference in opinions between different people? My issue with Proprius goes far deeper than that."""	
PropriusLibrary_Leo1_60	Dialogue	"""Mind elaborating?"" Alex asked. Learning more about Leo was not a necessary part of mastering the Proprius energy, but detours could often end up being the shorter path in the end."	
PropriusLibrary_Leo1_70	Dialogue	We fundamentally differ in what 'knowledge' means to us. To me, it's just a tool to reach my goal. But for the Proprius, their goal is knowledge itself.	
PropriusLibrary_Leo1_80	Dialogue	Sounds hard to believe.	
PropriusLibrary_Leo1_90	Dialogue	"""It is,"" Leo said with a wry smile on his face. ""But don't just take my word for it. Take a walk around and see for yourself,"" Leo said and waved Alex goodbye."	
PropriusLibrary_Leo1_100	Dialogue	"""I'm curious what business Leo has in this place, but I shouldn't forget my original goal,"" Alex thought to himself, but the shook his head. If Leo's words were to be believed, pursuit of knowledge was the fastest way to mastering Proprius energy, at least on a superficial level."	
PropriusLibrary_Silas1_0	Dialogue		
PropriusLibrary_Silas1_10	Dialogue		
PropriusLibrary_Silas1_20	Dialogue		
PropriusLibrary_Silas1_30	Dialogue		
PropriusLibrary_Silas1_40	Dialogue		
PropriusLibrary_Silas1_50	Dialogue		
PropriusLibrary_Silas1_60	Dialogue		
PropriusLibrary_Silas1_70	Dialogue		
PropriusLibrary_Silas1_80	Dialogue		
PropriusLibrary_Silas1_90	Dialogue		
PropriusLibrary_Silas1_100	Dialogue		
FinalShowdown_0_0	Dialogue	Final fight during Week 51 will be available in full release. Click to progress to the next cycle...	Ostateczna walka w Tygodniu 51 będzie dostępna w pełnej wersji. Kliknij, by przejść do następnego cyklu...
FinalShowdown_0_1	Dialogue	Final fight during Week 51 and endings will be available in full release. Click to return to the start screen...	Ostateczna walka w Tygodniu 51 i zakończenia będą dostępne w pełnej wersji. Kliknij, by wrócić do ekranu startowego...
Prologue_Outside	Quest	Warehouse Outskirts	Peryferie Magazynu
Quest_DestroyDestructibles	Quest	Destroy Objects	Zniszcz Obiekty
Quest_DestroyDestructibles_0	Quest	Destroy all nearby objects. {0} objects remaining.	Zniszcz wszystkie pobliskie obiekty. Pozostało {0} obiektów.
Quest_DefeatSpawningEnemies	Quest	Eliminate Enemies	Wyeliminuj Wrogów
Quest_DefeatSpawningEnemies_0	Quest	Defeat as many enemies as possible. {0} defeated so far.	Pokonaj jak najwięcej wrogów. Pokonano {0}.
Quest_DefeatSpawningEnemies_Screen	Quest	ENEMIES DEFEATED: {0}	POKONANI WROGOWIE: {0}
Quest_EliminateAllEnemies	Quest	Eliminate Enemies	Wyeliminuj Wrogów
Quest_EliminateAllEnemies_0	Quest	Defeat all enemies in the vicinity. {0} remaining.	Pokonaj wszystkich wrogów w pobliżu. Pozostało {0}.
Quest_3LastChances	Quest	Last Chances	Ostatnie Szanse
Quest_3LastChances_Description	Quest	Having become a threat to Drake's hegemony, Alex has no choice but find a way to defeat him. Fortunately for him, even if he fails the first time, he'll have two more chances to learn from his mistakes, grow stronger and try again.	Stając się przeszkodą na drodze do władzy Drake, Alex nie ma wyboru: musi znaleźć sposób, by go pokonać. Na szczęście nawet jeśli poniesie porażkę, będzie miał dwie dodatkowe szanse by wyciągnąć naukę ze swoich błędów, stać się silniejszym i spróbować raz jeszcze.
Quest_3LastChances_10	Quest	Find the map leading to Laura's stolen shipment	Znajdź mapę prowadzącą do skradzionej przesyłki Laury
Quest_3LastChances_10_Journal	Quest	Find the map leading to stolen shipment and bring it to Laura.	Znajdź mapę prowadzącą do skradzionej przesyłki i zanieś ją Laurze.
Quest_3LastChances_20	Quest	Escape with the map	Ucieknij z mapą
Quest_3LastChances_30	Quest	Talk with Laura in her office	Porozmawiaj z Laurą w jej gabinecie
Quest_3LastChances_100	Quest	Defeat Drake at the end of Cycle 1	Pokonaj Drake pod koniec Cyklu 1
Quest_3LastChances_200	Quest	Defeat Drake at the end of Cycle 2	Pokonaj Drake pod koniec Cyklu 2
Quest_3LastChances_300	Quest	Defeat Drake at the end of Cycle 3	Pokonaj Drake pod koniec Cyklu 3
Quest_Anima	Quest	Wings of Freedom	
Quest_Anima_Description	Quest	Aiming to learn how to control the Ignis flames, Alex sets out to the Ignis Manor, the home of the Ignis knights. He hopes to uncover their history and, through that act, acquire greater understanding of the nature of their flames. It remains to be seen where this search will lead him.	
Quest_Anima_0	Quest	Defeat Iris	
Quest_Anima_0_Journal	Quest	Gain mastery over the Anima Energy by clashing against Anima warriors. If time allows, try to look for a way to escape the island together with Iris.	
Quest_Anima_10	Quest	Learn from the warriors scattered across the island. Unique attacks riposted or countered: {0}/20	
Quest_Anima_20	Quest	Confront Maginhart waiting at the base of the spire	
Quest_Anima_30	Quest	Defeat the Weapon Pillager	
Quest_Anima_40	Quest	Confront Maginhart waiting at the base of the spire	
Quest_Anima_40_Journal	Quest	You've reached the first stage of Anima Energy mastery. You should wait for next cycle for further breakthroughs.	Uzyskałeś pierwszy stopień mistrzostwa Energii Anima. Powinieneś poczekać na następny cykl z kolejnymi postępami.
Quest_Ignis	Quest	The Noble Flame	Szlachetny Płomień
Quest_Ignis_Description	Quest	Aiming to learn how to control the Ignis flames, Alex sets out to the Ignis Manor, the home of the Ignis knights. He hopes to uncover their history and, through that act, acquire greater understanding of the nature of their flames. It remains to be seen where this search will lead him.	Chcąc nauczyć się jak kontrolować płomienie Ignis, Alex wyrusza do Dworu Ignis, domu rycerzy Ignis. Poprzez poznanie ich historii ma on nadzieję osiągnąć głębsze zrozumienie odnośnie natury ich płomieni. Pozostaje pytaniem, gdzie doprowadzi go to poszukiwanie.
Quest_Ignis_0	Quest	Gain entrance into the Ignis Manor	Zyskaj wstęp do Dworu Ignis
Quest_Ignis_0_Journal	Quest	Gain mastery over the Ignis Energy by learning from the Ignis Knights and their history.	Osiągnij mistrzostwo w posługiwaniu się Energią Ignis poprzez uczenie się od Rycerzy Ignis oraz ich historii.
Quest_Ignis_10	Quest	Search for Blaine Ignis	Znajdź Blaine-a Ignis
Quest_Ignis_20	Quest	Interrupt the meeting between the Family Heads	Przerwij spotkanie pomiędzy Głowami Rodzin
Quest_Ignis_30	Quest	Talk with Blaine Ignis in his room (north-east corner of the mansion)	Porozmawiaj z Blaine-m Ignis w jego pokoju (północno-wschodni kąt dworu)
Quest_Ignis_40	Quest	Explore the Ignis Manor, learn about Ignis history and fight the Ignis knights. Current Ignis flame progress: {0}/100	Eksploruj Dwór Ignis, poznaj historię Ignis i walcz z rycerzami Ignis. Obecny postęp płomieni Ignis: {0}/100
Quest_Ignis_50	Quest	Talk to Blaine near the sword tombs. Current Ignis flame progress: {0}/100	Porozmawiaj z Blaine-m niedaleko mieczo-grobów. Obecny postęp płomieni Ignis: {0}/100
Quest_Ignis_60	Quest	Defeat Blaine.	Pokonaj Blaine-a.
Quest_Ignis_70	Quest	Mission accomplished. Feel free to explore, and once you're ready, press the 'Finish Mission' button in the menu. Current Ignis flame progress: {0}	Misja wykonana. Eksploruj do woli, a kiedy skończysz, wciśnij przycisk 'Zakończ misję' w menu. Obecny postęp płomieni Ignis: {0}
Quest_Ignis_80	Quest		
Quest_Ignis_70_Journal	Quest	You've reached the first stage of Ignis Energy mastery. You should wait for next cycle for further breakthroughs.	Uzyskałeś pierwszy stopień mistrzostwa Energii Ignis. Powinieneś poczekać na następny cykl z kolejnymi postępami.
Quest_Ignis_80_Journal	Quest	The Ignis Manor ends up engulfed by a volcano eruption on week 40. You should investigate during the 2nd cycle.	Dwór Ignis zostaje pochłonięty przez erupcję wulkanu w tygodniu 40. Powinieneś to zbadać podczas cyklu 2.
Quest_Ignis_100	Quest	Meet up with Blaine near the summit. Current Ignis flame progress: {0}	Dołącz do Blaine niedaleko szczytu. Obecny postęp płomieni Ignis: {0}
Quest_Ignis_110	Quest	Search for a way to reach the heart of the volcano. Current Ignis flame progress: {0}	Znajdź sposób, by dostać się do serca wulkanu. Obecny postęp płomieni Ignis: {0}
Quest_Ignis_120	Quest	Defeat enough fire elementals to trigger a reaction. Current Ignis flame progress: {0}	ZPokonaj wystarczająco żywiołaków ognia, by spowodować reakcję. Obecny postęp płomieni Ignis: {0}
Quest_Ignis_130	Quest	Defeat the Blazing Shadow north-west of the Ignis camp. Current Ignis flame progress: {0}	Pokonaj Płonący Cień na północny-zachód od obozowiska Ignis. Obecny postęp płomieni Ignis: {0}
Quest_Ignis_140	Quest	Rescue Blaine near the summit. Current Ignis flame progress: {0}	Uratuj Blaine-a niedaleko szczytu. Obecny postęp płomieni Ignis: {0}
Quest_Ignis_150	Quest		
Quest_Ignis_150_Journal	Quest	Prevent Colten from assassinating Blaine during the 3rd cycle.	Powstrzymaj Colten-a przed zabiciem Blaine-a w cyklu 3.
Quest_Ignis_200	Quest	Defeat Blaine. Current Ignis flame progress: {0}	Pokonaj Blaine-a. Obecny postęp płomieni Ignis: {0}
Quest_Ignis_210	Quest	Confront Colten immediately, or rescue the catastrophe's victims first. Current Ignis flame progress: {0}	Natychmiast skonfrontuj Colten-a, lub najpierw uratuj ofiary katastrofy. Obecny postęp płomieni Ignis: {0}
Quest_Ignis_210_Journal	Quest	Stop Colten from ruining the Ignis Family any further.	Powstrzymaj Colten-a przed zrujnowaniem Rodziny Ignis więcej, niż już to zdążył zrobić.
Quest_Ignis_220	Quest	Confront Colten. Current Ignis flame progress: {0}	Skonfrontuj Colten-a. Obecny postęp płomieni Ignis: {0}
Quest_Ignis_230	Quest	Defeat Colten. Current Ignis flame progress: {0}	Pokonaj Colten-a. Obecny postęp płomieni Ignis: {0}
Quest_Ignis_240	Quest	Reached true mastery over the Ignis Energy.	Osiągnięto prawdziwą kontrolę nad Energią Ignis.
Quest_Ignis_240_Journal	Quest	Reached true mastery over the Ignis Energy and seized a temporary leadership position in the Ignis Family.	Osiągnięto prawdziwą kontrolę nad Energią Ignis oraz objęto tymczasowe stanowisko dowodzące w Rodzinie Ignis.
Mission_FirstReturn	Quest	First Return	Pierwszy Powrót
Mission_FirstReturn_Description	Quest	Abruptly waking up in an unknown warehouse, Alex needs to figure out just what happened to him.	Po nagłym przebudzeniu się w nieznanym magazynie, Alex musi znaleźć odpowiedź na to, co się z nim stało.
Mission_FirstReturn_0	Quest	Figure out what happened to you	Zbadaj, co się z tobą stało
Mission_FirstReturn_Step_0	Quest	Using [RunUpButtonPress]/[RunLeftButtonPress]/[RunDownButtonPress]/[RunRightButtonPress], approach the potion lying on the ground to the left, then press [InteractButtonPress]].	Używając [RunUpButtonPress]/[RunLeftButtonPress]/[RunDownButtonPress]/[RunRightButtonPress], podejdź do mikstury leżącej na ziemi po lewej, następnie wciśnij [InteractButtonPress]].
Mission_FirstReturn_Step_10	Quest	Exit the building through the door on the right.	Wyjdź z budynku poprzez drzwi po prawej.
Mission_FirstReturn_Step_20	Quest	Walk up to Ryker and press [InteractButtonPress]] to speak to him.	Podejdź do Rykera i wciśnij [InteractButtonPress]] aby z nim rozmawiać.
Mission_FirstReturn_Step_30	Quest	Press [BasicAttackButtonPress] to attack ({0}/3).	Wciśnij [BasicAttackButtonPress] by zaatakować ({0}/3).
Mission_FirstReturn_Step_30_Notification	Quest	Basic Attacks are the main way of dealing damage and generating energy needed for Techniques. Show me what you've got.	Ataki Podstawowe są głównym sposobem zadawania obrażeń i generują energię potrzebną do umiejętności. Pokaż mi co potrafisz.
Mission_FirstReturn_Step_40	Quest	Hold [BasicAttackButtonPress] while attacking to perform a Strong Basic Attack ({0}/3).	Przytrzymaj [BasicAttackButtonPress] podczas atakowania by wyprowadzić Silny Atak Podstawowy ({0}/3).
Mission_FirstReturn_Step_40_Notification	Quest	To overwhelm your opponent, you can perform a Strong Basic Attack. Some energy-users specialize in dealing upfront damage, while others focus on posture-breaking attacks.	By przebić gardę przeciwnika wykonaj Silny Atak Podstawowy. Niektórzy użytkownicy energii specjalizują się w zadawaniu obrażeń wprost, podczas gdy inni preferują wpierw zmiażdżyć przeciwnika.
Mission_FirstReturn_Step_45	Quest	Press [InteractButtonPress]] to indicate that you're ready to start receiving Ryker's attacks.	Wciśnij [InteractButtonPress]] by dać znać, że jesteś gotowy na ataki Rykera.
Mission_FirstReturn_Step_45_Notification	Quest	From now on, I'll start attacking you. Tell me once you're ready.	Od teraz zacznę cię atakować. Daj mi znać gdy będziesz gotowy.
Mission_FirstReturn_Step_50	Quest	Press [DodgeButtonPress] to dodge ({0}/2).	Wciśnij [DodgeButtonPress] by wykonać unik ({0}/2).
Mission_FirstReturn_Step_50_Notification	Quest	Sometimes, attacks are too powerful to just accept them. In those cases, you should dodge to avoid damage and reposition yourself.	Są chwile, gdy ataki są zbyt potężne, by po prostu blokować je twarzą. W tych przypadkach wykonaj unik aby nie otrzymać obrażeń i objąć lepszą pozycję.
Mission_FirstReturn_Step_60	Quest	Press [BlockButtonPress] to block ({0}/2).	Wciśnij [BlockButtonPress] by blokować ({0}/2).
Mission_FirstReturn_Step_60_Notification	Quest	Unlike dodging, blocking attacks doesn't require knowing the precise timing. But be careful: blocking extremely powerful attacks could overwhelm you and leave you weaker for a few moments.	W przeciwieństwie do uników, blokowanie ataków nie wymaga znalezienia dobrego momentu. Ale uważaj: blokowanie szczególnie potężnych ataków może przełamać twoją gardę i uczynić cię podatnym na jakiś czas.
Mission_FirstReturn_Step_70	Quest	Press [BlockButtonPress] right before an enemy attack hits you to riposte it ({0}/2).	Wciśnij [BlockButtonPress] tuż przed otrzymaniem ataku przeciwnika aby go zripostować ({0}/2).
Mission_FirstReturn_Step_70_Notification	Quest	If you can predict the exact timing when an enemy strikes you, you can riposte the attack, avoiding <i>and</i> dealing damage at the same time.	Jeśli jesteś w stanie przewidzieć moment, kiedy atak przeciwnika cię trafi, możesz go zripostować. Pozwoli ci to zarówno uniknąć <i>i</i> zadać obrażenia.
Mission_FirstReturn_Step_80	Quest	Press [RotateStanceRightButtonPress] or [RotateStanceLeftButtonPress] to switch currently used weapon and Technique line-up ({0}/2).	Wciśnij [RotateStanceRightButtonPress] lub [RotateStanceLeftButtonPress] by zmienić obecnie używaną broń i zestaw Technik ({0}/2).
Mission_FirstReturn_Step_80_Notification	Quest	Unlike most energy-users, you specialize in using many different weapons. You can switch between them in the middle of the fight and adapt to your opponents.	Jesteś nietypowy pod tym względem, że zawsze korzystałeś z różnych broni. Możesz je zmienić w wirze walki, aby lepiej dostosować się do zaistniałej sytuacji.
Mission_FirstReturn_Step_90	Quest	Press [ToggleTargetButtonPress] to target Ryker. Hold [ToggleTargetButtonPress] to stop targeting.	Wciśnij [ToggleTargetButtonPress] by obrać Rykera jako cel. Przytrzymaj [ToggleTargetButtonPress] by przestać celować.
Mission_FirstReturn_Step_100	Quest	Press [Ability1ButtonPress] to use the 'Wind Blast' Technique ({0}/2).	Wciśnij [Ability1ButtonPress] by użyć Techniki 'Uderzenie Wiatru' ({0}/2).
Mission_FirstReturn_Step_100_Notification	Quest	Any complex technique is probably beyond your reach right now, but a simple 'Wind Blast' should be doable.	Skomplikowane techniki raczej wykraczają obecnie poza twoje umiejętności, ale zwykłe 'Uderzenie Wiatru' powinno być do zrobienia.
Mission_FirstReturn_Step_110	Quest	Press [BlockButtonPress] right before a winding, up-to-down attack hits you to counter it ({0}/1).	Wciśnij [BlockButtonPress] tuż przed tym jak zamachiwany atak 'z góry na dół' cię uderzy, aby go skontrować ({0}/1).
Mission_FirstReturn_Step_110_Notification	Quest	Now, it's time for more advanced techniques: I'm going to strike you <i>really</i> hard, but this leaves me open to a perfectly-timed riposte. Let's keep trying until you get the hang of it.	Dobra, teraz pora na bardziej skomplikowane sztuczki: uderzę cię teraz <i>naprawdę</i> porządnie, ale odpowiednio wymierzona riposta kompletnie wytrąci mnie z rytmu. Będziemy próbować aż ci się uda.
Mission_FirstReturn_Step_120	Quest	Backstep a wide, down-to-up swing by pressing [DodgeButtonPress] to counter it ({0}/1).	Wykonaj Unik do Tyłu wciskając [DodgeButtonPress] przed szerokim atakiem 'z dołu do góry' aby go skontrować ({0}/1).
Mission_FirstReturn_Step_120_Notification	Quest	Nice! Now let's try doing the same thing, but this time jump back right as I'm about to hit you. I'll lose my balance and I won't be able to continue my attack.	Nieźle! Teraz zrób to samo, ale tym razem skocz do tyłu tuż przed moim uderzeniem. Stracę równowagę i przerwie to mój atak.
Mission_FirstReturn_Step_130	Quest	Roll into a narrow thrust by pressing [DodgeButtonPress] while moving forward to counter it ({0}/1).	Wykonaj Unik w Przód przeciwko pchnięciu wprzód aby je skontrować. Wciśnij [DodgeButtonPress] podczas ruchu do przodu aby wykonać kontrę ({0}/1).
Mission_FirstReturn_Step_130_Notification	Quest	You're doing great. Now, I'm let's do the same thing, but roll into me instead. When I try to make a long-reaching attack, having you dodge right into me will throw me completely off-guard.	Idzie ci świetnie. Znowu zrób to samo, ale tym razem wykonaj przewrót w przód w moją stronę. Kiedy próbuję wykonać daleko-zasięgowe pchnięcie do przodu, wtargnięcie mi tuż przed twarz weźmie mnie z zaskoczenia. 
Mission_FirstReturn_Step_140	Quest	Press [UseItemHealingButtonPress] to heal. Press [UseItem1ButtonPress] or [UseItem2ButtonPress] to use an item ({0}/1).	Wciśnij [UseItemHealingButtonPress] by się uleczyć. Wciśnij [UseItem1ButtonPress] lub [UseItem2ButtonPress] by użyć przedmiotu ({0}/1).
Mission_FirstReturn_Step_140_Notification	Quest	Nice one! Now heal up and talk to me once you're ready to get this show on the road.	Wspaniale! Teraz podlecz się nieco i porozmawiaj ze mną kiedy będziesz gotowy zacząć przedstawienie.
Mission_FirstReturn_Step_150	Quest	Speak to Ryker and defeat him.	Porozmawiaj z Rykerem i pokonaj go.
Mission_FirstReturn_Step_160	Quest	Speak to Ryker.	Porozmawiaj z Rykerem
Mission_FirstReturn_Step_170	Quest	Walk up to the shadowy entity and speak to it.	Podejdź do cienistej istoty i porozmawiaj z nią.
Mission_Anima1	Quest	Mind of Steel (I)	Umysł ze Stali (I)
Mission_Anima1_Description	Quest	Searching for a way to counter Drake's Anima fighting style, Alex sets out for the Ignis Manor. There is a meeting arranged between Ignis, Anima and Glacies leaders, so Alex decided to this is a perfect opportunity to gain their support.	W poszukiwaniu sposobu na przezwyciężenie stylu walki Anima którego używa Drake, Alex udaje się do Rezydencji Ignis. Zaplanowane jest spotkanie między przywódcami Ignis, Anima i Glacies, więc Alex uznał to za idealną okazję do pozyskania ich wsparcia.
Mission_Anima2	Quest	Mind of Steel (II)	Umysł ze Stali (II)
Mission_Anima2_Description	Quest		
Mission_Anima3	Quest	Mind of Steel (III)	Umysł ze Stali (III)
Mission_Anima3_Description	Quest		
Mission_Ignis1	Quest	Noble Flame (I)	Szlachetny Płomień (I)
Mission_Ignis1_Description	Quest	Searching for a way to counter Drake's Anima fighting style, Alex sets out for the Ignis Manor. There is a meeting arranged between Ignis, Anima and Glacies leaders, so Alex decided to this is a perfect opportunity to gain their support.	W poszukiwaniu sposobu na przezwyciężenie stylu walki Anima którego używa Drake, Alex udaje się do Rezydencji Ignis. Zaplanowane jest spotkanie między przywódcami Ignis, Anima i Glacies, więc Alex uznał to za idealną okazję do pozyskania ich wsparcia.
Mission_Ignis2	Quest	Noble Flame (II)	Szlachetny Płomień (II)
Mission_Ignis2_Description	Quest	Having learned that the Ignis Volcano explodes on week 40, Alex sets out to find the reason and prevent the catastrophe. Without the help of Ignis knights, his chances of stopping Drake would be greatly dimnished.	Po 
Mission_Ignis3	Quest	Noble Flame (III)	Szlachetny Płomień (III)
Mission_Ignis3_Description	Quest		
Mission_Glacies1	Quest	Cold Judgment (I)	Chłodny Osąd (I)
Mission_Glacies1_Description	Quest		
Mission_Glacies2	Quest	Cold Judgment (II)	Chłodny Osąd (II)
Mission_Glacies2_Description	Quest		
Mission_Glacies3	Quest	Cold Judgment (III)	Chłodny Osąd (III)
Mission_Glacies3_Description	Quest		
Mission_Molis1	Quest	Unbreakable Bond (I)	Nierozerwalna Więź (I)
Mission_Molis1_Description	Quest		
Mission_Molis2	Quest	Unbreakable Bond (II)	Nierozerwalna Więź (II)
Mission_Molis2_Description	Quest		
Mission_Molis3	Quest	Unbreakable Bond (III)	Nierozerwalna Więź (III)
Mission_Molis3_Description	Quest		
Mission_Salutis1	Quest	Those Not Chosen (I)	
Mission_Salutis1_Description	Quest		
Mission_Salutis2	Quest	Those Not Chosen (II)	
Mission_Salutis2_Description	Quest		
Mission_Salutis3	Quest	Those Not Chosen (III)	
Mission_Salutis3_Description	Quest		
Mission_Tonitrui1	Quest	Reaching the Truth (I)	
Mission_Tonitrui1_Description	Quest		
Mission_Tonitrui2	Quest	Reaching the Truth (II)	
Mission_Tonitrui2_Description	Quest		
Mission_Tonitrui3	Quest	Reaching the Truth (III)	
Mission_Tonitrui3_Description	Quest		
Mission_Proprius1	Quest	Past, Present, Future (I)	Przeszłość, Teraźniejszość, Przyszłość (I)
Mission_Proprius1_Description	Quest		
Mission_Proprius2	Quest	Past, Present, Future (II)	Przeszłość, Teraźniejszość, Przyszłość (II)
Mission_Proprius2_Description	Quest		
Mission_Proprius3	Quest	Past, Present, Future (III)	Przeszłość, Teraźniejszość, Przyszłość (III)
Mission_Proprius3_Description	Quest		
Mission_TrimvineExploration_Description	Quest	Explore Trimvine and Laura's Lab.	Eksploruj Trimvine i Laboratorium Laury.
Quest_Exploration	Quest	Free Exploration	Wolna Eksploracja
Quest_Exploration_0	Quest	Explore the area. Once you're finished, go to menu and press the 'Finish Mission' button. You will be able to return to this area at any time.	Eksploruj obszar. Gdy skończysz, przejdź do menu i wciśnij przycisk 'Zakończ Misję'. Powrót do tego obszaru będzie możliwy w dowolnym momencie.
ActivityFitnessTrainingNotification	Mission	Base [H]Health increased by {0} (until end of this Cycle).	Bazowe [H]Życie zwiększone o {0} (do końca obecnego Cyklu).
ActivityEnduranceTrainingNotification	Mission	Base [SB]Stagger Bar increased by {0} (until end of this Cycle).	Bazowy [SB]Pasek Zachwiania zwiększony o {0} (do końca obecnego Cyklu).
ActivityCombatTrainingNotification	Mission	Gained {0} experience.	Zdobyto {0} doświadczenia.
ActivityResearchNotification	Mission	Starting next cycle, 'Market Investment' will earn on average 10000 gold more.	Od następnego cyklu, 'Inwestycja w Rynek' będzie przynosić przeciętnie 10000 złota więcej.
ActivityInvestmentNotification	Mission	Starting next cycle, 'Market Investment' will earn on average 10000 gold more.	Od następnego cyklu, 'Inwestycja w Rynek' będzie przynosić przeciętnie 10000 złota więcej.
Mission_Skip10Weeks	Mission	Skip 10 Weeks	Pomiń 10 Tygodni
Mission_Skip10Weeks_Description	Mission	Do nothing for 10 weeks.\n\n<i>Just in case you're curious what happens.</i>	Nie rób nic przez 10 tygodni.\n\n<i>Na wypadek, jakbyś był ciekawy, co się stanie.</i>
Mission_Skip3Weeks	Mission	Skip 3 Weeks	Pomiń 3 Tygodni
Mission_Skip3Weeks_Description	Mission	Do nothing for 3 weeks.\n\n<i>Just in case you're curious what happens.</i>	Nie rób nic przez 3 tygodni.\n\n<i>Na wypadek, jakbyś był ciekawy, co się stanie.</i>
Mission_SkipToWeek51	Mission	Skip to Week 51	Przeskocz do Tygodnia 51
Mission_SkipToWeek51_Description	Mission	Do nothing until week 51.\n\n<i>Just in case you're curious what happens.</i>	Nie rób nic do 51 tygodnia.\n\n<i>Na wypadek, jakbyś był ciekawy, co się stanie.</i>
Mission_EliminateGroup	Mission	Arrest Criminals	Aresztuj Kryminalistów
Mission_EliminateGroup_Description	Mission	Defeat a group of enemies:{0}\n\n<i>A group of criminals has recently started causing trouble. Given your current strength, you should be able to deal with them all on your own.</i>	Pokonaj grupę wrogów:{0}\n\n<i>Grupa kryminalistów ostatnio zaczęła sprawiać problemy. Przy twojej obecnej sile, powinieneś dać sobie z nimi radę w pojedynkę.</i>
Mission_EliminateBoss	Mission	Rematch: {0}	Rewanż: {0}
Mission_EliminateBoss_Description	Mission	Defeat {0}.\n\n<i>Think back to a powerful 'Awakened' you've previously defeated. How did you manage to overcome them? What did you learn? And who knows, perhaps the mental spar will give you inspiration to craft a piece of equipment they have used against you.	Pokonaj {0}.\n\n<i>Wróć myślami do potężnego 'Autarchy', którego już pokonałeś. Jakim sposobem udało ci się go przezwyciężyć? Czego się nauczyłeś? I kto wie, może ten myślowy pojedynek napełni cię inspiracją do stworzenia ekwipunku, który został poprzednio użyty przeciw tobie.</i>
Mission_EliminateElites	Mission	Subdue Enforcers	Pokonaj Autarchów
Mission_EliminateElites_Description	Mission	Defeat a group of powerful enemies:{0}\n\n<i>After your recent successes, Enforcers and their underlings banded together, posing a significant risk to the stability of the country. This is definitely not going to be a simple mission, so think twice whether you want to take this risk.</i>	Pokonaj grupę potężnych wrogów:{0}\n\n<i>Po twoich ostatnich sukcesach, Autarchowie i ich sługusy sprzymierzyli się, stanowiąc spore zagrożenie dla bezpieczeństwa kraju. To nie będzie prosta misja, więc pomyśl dwa razy zanim podejmiesz to ryzyko.</i>
Mission_FirstMission	Mission	Night Raid	Nocny Najazd
Mission_FirstMission_Description	Mission	Find a map leading to Laura's stolen shipment.\n\n<i>Knowing that he world will reset within a year, there's only one thing any sensible person would do: take out a loan! Unfortunately, Alex already did so recently, so now he needs to solve Laura's problem to secure more funds.</i>	Znajdź mapę prowadzącą do skradzionej przesyłki Laury.\n\n<i>Wiedząc, że świat zostanie zrestartowany po roku, każdy rozumny człowiek myślałby o jednym: wzięciu kredytu! Niestety, Alex zadłużył się już całkiem niedawno, więc będzie musiał rozwiązać problem Laury by pozyskać więcej środków.</i>
Mission_FitnessTraining	Mission	Fitness Training	Trening Zdrowotny
Mission_FitnessTraining_Description	Mission	Gain +{0} max [H]Health that is lost upon entering new cycle. All future Fitness Training will give +10[H]Health (+200 max).\n\n<i>Training your body will help you withstand powerful blows, although the effects won't carry over to the next cycle.</i>	Otrzymaj +{0} maksymalnego [H]Życia, które zostanie utracone przy wejściu w nowy cykl. Wszystkie przyszłe Treningi Zdrowotne będą dawały +10[H]Życia (+200 maks).\n\n<i>Trening ciała pozwoli ci wytrzymać potężniejsze ciosy, ale efekt nie przetrwa przejścia do następnego cyklu.</i>
Mission_EnduranceTraining	Mission	Endurance Training	Trening Wytrzymałości
Mission_EnduranceTraining_Description	Mission	Gain +{0} max [SB]Stagger Bar that is lost upon entering new cycle. All future Endurance Training will give +10[SB]Stagger Bar (+200 max).\n\n<i>Training your body will help you withstand powerful blows, although the effects won't carry over to the next cycle.</i>	Otrzymaj +{0} maksymalnego [SB]Pasku Zachwiania, które zostanie utracone przy wejściu w nowy cykl. Wszystkie przyszłe Treningi Wytrzymałości będą dawały +10[SB]Pasku Zachwiania (+200 maks).\n\n<i>Trening ciała pozwoli ci wytrzymać potężniejsze ciosy, ale efekt nie przetrwa przejścia do następnego cyklu.</i>
Mission_DailyJob	Mission	Daily Job	Dzienna Praca
Mission_DailyJob_Description	Mission	Earn between {0} and {1} gold.\n\n<i>A skilled warrior's services are often needed even in mundane, non-threatening circumstances. The lack of risk does affect the wage though.</i>	Zarób między {0} i {1} złota.\n\n<i>Usługi zdolnego wojownika są potrzebne nawet do codziennych, bezpiecznych prac. Brak ryzyka jest niestety odzwierciedlony w wielkości wypłaty.</i>
Mission_FinalShowdown	Mission	The Final Showdown	Ostateczne Starcie
Mission_FinalShowdown1and2_Description	Mission	Face off against Drake in his full power.\n\n<i>You may have better chances in the future, but there's no harm in trying to finish Drake before the 3rd cycle. In the worst case, you still get another chance.</i>	Od następnego cyklu, Aktywność 'Inwestycja w Rynek' generuje więcej złota (między {0} i {1} -> między {2} i {3}).\n\n<i>Choć z Alexa żaden biznesmen, znajomość przyszłości pozwala praktycznie każdemu zbić fortunę, co sam Drake udowodnił 10 lat temu.</i>
Mission_FinalShowdown3_Description	Mission	Face off against Drake in his full power.\n\n<i>This is it. This is the moment you've been building your strength for. Failure is not an option. This is the last chance to make things right.</i>	Od następnego cyklu, Aktywność 'Inwestycja w Rynek' generuje więcej złota (między {0} i {1} -> między {2} i {3}).\n\n<i>Choć z Alexa żaden biznesmen, znajomość przyszłości pozwala praktycznie każdemu zbić fortunę, co sam Drake udowodnił 10 lat temu.</i>
Mission_MeetingWithLaura	Mission	Meeting with Laura	Spotkanie z Laurą
Mission_MeetingWithLaura_Description	Mission	Meet Laura and discuss a plan of action.\n\n<i>Although Alex has been avoiding Laura for the last 8 years, recent events forced him to seek her help once again.</i>	Przejdź do następnego cyklu bez starcia z Drake.\n\n<i>Choć Alex unikał Laury przez ostatnie 8 lat, ostatnie wydarzenia zmusiły go do raz jeszcze poproszenia jej o pomoc.</i>
Mission_GiveUpOnThisCycle	Mission	Go to next cycle	Rozpocznij następny cykl
Mission_GiveUpOnThisCycle_Description	Mission	Move onto next cycle without challenging Drake.\n\n<i>There's no shame in admitting one's weakness, especially where there's going to be more chances in the future... or in the past.</i>	Przejdź do następnego cyklu bez starcia z Drake.\n\n<i>Nie ma nic wstydliwego w uznaniu swojego wybrakowania, zwłaszcza jeśli czeka na ciebie więcej szans w przyszłości... lub przeszłości.</i>
Mission_CombatTraining	Mission	Combat Training	Trening Bojowy
Mission_CombatTraining_Description	Mission	Gain {0} experience points.\n\n<i>To regain his former prowess, Alex can practice alone, without any risk of getting hurt.</i>	Otrzymaj {0} punktów doświadczenia.\n\n<i>By odzyskać utraconą biegłość, Alex może ćwiczyć samemu, unikając przy tym ryzyka odniesienia obrażeń.</i>
Mission_CombatExploration	Mission	Combat Exploration	Bojowa Eksploracja
Mission_CombatExploration_Description	Mission	Clear out a vast area. You can finish the mission upon eliminating at least 50% of enemies.\n\n<i>Some areas end up hijacked by hostile gangs of criminals. In cases like these, it's up to Enforcers like Alex to clear out the premises.</i>	Wyczyść duży obszar z wrogów. Możesz zakończyć misję w momencie, gdy wyeliminujesz przynajmniej 50% wrogów.\n\n<i>Niektóre obszary zostają przejęte przez groźne gangi przestępców. W tych przypadkach, to Autarchowie tacy jak Alex muszą oczyścić teren.</i>
Mission_TimeAttack	Mission	Time Attack	Wyścig z Czasem
Mission_TimeAttack_Description	Mission	Defeat as many enemies as possible within 3 minutes.\n\n<i>Sometimes, every second counts. The more enemies you defeat, the less damage they can do to a particularly important location.</i>	Pokonaj jak najwięcej wrogów w ciągu 3 minut\n\n<i>Są momenty, gdy liczy się każda sekunda. Im więcej wrogów pokonasz, tym mniej zniszczeń będą oni w stanie wyrządzić ważnym lokacjom.</i>
Mission_Destructibles	Mission	Neutralize Hazards	Zneutralizuj Zagrożenia
Mission_Destructibles_Description	Mission	Destroy barrels while under attack by powerful enemies.\n\n<i>Shipment with particularly harmful substances has been seized. Unfortunately, a particularly powerful criminal gang was behind it. You need to neutralize the harmful shipment while being attacked by superior forces.</i>	Zniszcz baryłki podczas bycia atakowanym przez potężnych wrogów.\n\n<i>Przesyłka pełna wyjątkowo groźnymi substancjami została przechwycona. Niestety stoi za tym wyjątkowo groźna grupa przestępców. Musisz zneutralizować przesyłkę podczas bycia atakowanym przez o wiele silniejszych przeciwników.</i>
Mission_Race	Mission	Defuse Race	Wyścig Rozbrojeniowy
Mission_Race_Description	Mission	Run through a dangerous area filled with enemies and defuse bomb at the end. Rewards scale with speed of completion.\n\n<i>Sometimes, defeating enemies has to wait. In this case, a bomb threat has been identified, and Alex is the only person close enough to respond. Reaching the bomb and defusing it is all that matters in this mission.</i>	\n\n<i></i>
Mission_CompleteChallenge	Mission	Complete a Challenge	Ukończ Wyzwanie
Mission_CompleteChallenge_Description	Mission	Complete an objective with a set assortment of stances, Techniques and items.\n\n<i>Thanks to Laura's new invention, it is possible to see glimpses of futures that could have been. Here, you will face one such vision: whether you'll be able to overcome it is left to be seen.</i>	\n\n<i></i>
Mission_CompleteSurvival	Mission	Survive 10 Rounds	Przetrwaj 10 Rund
Mission_CompleteSurvival_Description	Mission	Survive through 10 rounds of enemies. In this mission, you start from [Experience]Level 1 (real [Experience]Level not affected). Next time you attempt this mission, continue from where you left off, up until [Experience]Level 50. Current progress: {0}/{1}.\n\n<i>Thanks to Laura's new invention, it is possible to see glimpses of futures that could have been. No better opportunity to try out a different fighting style.</i>	Przetrwaj atak ze strony 10 fal wrogów. W tej misji zaczynasz od [Experience]Poziomu 1 (prawdziwy [Experience]Poziom pozostaje bez zmian). Następnym razem gdy podejmiesz się tej misji, to będziesz kontynuował z momentu gdzie skończyłeś, aż do osiągnięcia [Experience]Poziomu 50. Obecny postęp: {0}/{1}.\n\n<i>Dzięki najnowszemu wynalazkowi Laury możliwym jest spojrzenie w wersje świata, które nie zaistniały. Nie ma lepszej okazji na wypróbowanie nowych stylów walki.</i>
Mission_MarketResearch	Mission	Market Research	Rozeznanie Rynku
Mission_MarketResearch_Description	Mission	Starting from next cycle, 'Market Investment' Activity generates more gold (between {0} and {1} -> between {2} and {3}).\n\n<i>Although Alex is no businessman, having knowledge of the future allows just about anyone to make a fortune, as Drake aptly demonstrated 10 years ago.</i>	Od następnego cyklu, Aktywność 'Inwestycja w Rynek' generuje więcej złota (między {0} i {1} -> między {2} i {3}).\n\n<i>Choć z Alexa żaden biznesmen, znajomość przyszłości pozwala praktycznie każdemu zbić fortunę, co sam Drake udowodnił 10 lat temu.</i>
Mission_MarketInvestments	Mission	Market Investment	Inwestycja w Rynek
Mission_MarketInvestments_Description	Mission	Pay 10,000 gold. After {0} weeks pass (Week {1}), gain between {2} and {3} gold.\n\n<i>Compared to a regular job, investing offers no immediate payoff and even carries a risk of incurring a loss. With that said, Alex's knowledge of the future sure can increase his odds.</i>	Zapłać 10,000 złota. Po {0} tygodniach (Tydzień {1}), otrzymaj między {2} i {3} złota.\n\n<i>W porównaniu do zwykłej pracy, inwestowanie nie oferuje żadnej natychmiastowej wypłaty, a nawet istnieje ryzyko utraty pieniędzy. Choć trzeba przyznać, że znajomość przyszłości ze strony Alexa może znacząco zwiększyć jego szanse.</i>
Mission_AnalyzeItem	Mission	Item Analysis	Analiza Przedmiotu
Mission_TrimvineExploration	Mission	Trimvine	Trimvine
Arena_1	Area	Arena	Arena
Area_SandboxArena	Area	Sandbox Arena	Dobierana Arena
Area_FirstMission	Area	Remote Warehouse	Odległy Magazyn
Area_Trimvine	Area	Trimvine	Trimvine
Area_Trimvine_LaurasLab	Area	Laura's Workshop	Warsztat Laury
Area_IgnisManor	Area	Ignis Manor	Dwór Ignis
Area_IgnisManor_Graves	Area	Ignis Manor	Dwór Ignis
Area_IgnisVolcano	Area	Ignis Volcano	Wulkan Ignis
Area_IgnisVolcano_Summit	Area	Ignis Volcano	Wulkan Ignis
Area_IgnisManorOnFire	Area	Burning Ignis Manor	Płonący Dwór Ignis
Warehouse_FirstMission	Area	Bandit Bunker	Bunkier Bandytów
Forest_FirstMission	Area	Forest near Trimvine	Las niedaleko Trimvine
TutorialTitlePerfectBlockWindow	Tutorial	Advanced: Riposte Timing	Zaawansowane: Aktywowanie Riposty
TutorialDescriptionPerfectBlockWindowSimple	Tutorial	Repeatedly pressing [BlockButtonPress] makes Riposte harder to execute. It's better to Block only once, just before an attack reaches.	Kilkukrotne wciskanie [BlockButtonPress] czyni Ripostę trudniejszą do wyprowadzenia. Lepiej jest Blokować tylko raz, tuż przed otrzymaniem ataku.
TutorialDescriptionPerfectBlockWindowDetailed	Tutorial	Pressing [BlockButtonPress] before you take [Damage]Damage will result in a Riposte (except some special attacks).\n\nThe default timing window is 0.5 second, but it's decreased for each block performed in the last few seconds, and resets upon successful Riposte.\n\nAs a result, it's better to only press [BlockButtonPress] once just before an attack reaches instead of pressing it repeatedly (and shortening the Riposte timing window).	Wciśnięcie [BlockButtonPress] tuż przed otrzymaniem [Damage]Obrażeń prowadzi do Riposty (oprócz niektórych ataków specjalnych).\n\nDomyślny dopuszczony przedział czasu to 0.5 sekundy, ale zmniejsza się z każdy wykonanym blokiem w ciągu ostatnich kilku sekund, i resetuje się po udanej Ripoście.\n\nZ tego powodu lepiej jest kliknąć [BlockButtonPress] raz tuż przed otrzymaniem ataku zamiast ciągle wciskać przycisk (i tym samym zmniejszać przedział czasu Riposty).
TutorialTitleBasicAttacks	Tutorial	Basic Attacks	Ataki Podstawowe
TutorialDescriptionBasicAttacksDetailed	Tutorial	Press [BasicAttackButtonPress] to perform a Basic Attack that deals moderate amount of [I]Injury and a bit of [S]Stagger.\n\nPress the button again to create a Basic Attack combo (dealing more [I]Injury and [S]Stagger).\n\nAt any time during combo, hold the button to perform a Strong Basic Attack, dealing much more [S]Stagger than a regular Basic Attack.	Wciśnij [BasicAttackButtonPress] aby wyprowadzić Podstawowy Atak, zadający przeciętną ilość [I]Zranienia i odrobinę [S]Zachwiania.\n\nWciśnij przycisk ponownie by wyprowadzić kolejny atak, tworząc kombinację (zadającą więcej [I]Obrażeń i [S]Zachwiania).\n\nW którymkolwiek momencie kombinacji możesz przytrzymać przycisk, aby wykonać Silny Podstawowy Atak, zadający ogromną ilość [S]Zachwiania.
TutorialDescriptionBasicAttacksSimple	Tutorial	Press [BasicAttackButtonPress] to attack.\n\nPress button again to create a combo.\n\nHold the button to perform a stronger attack that finishes the combo.	Wciśnij [BasicAttackButtonPress] by zaatakować.\n\nWciśnij przycisk podobnie, aby wykonać kombinację ataków.\n\nPrzytrzymaj przycisk by wyprowadzić mocniejszy atak kończący kombinację.
TutorialTitleHealthAndStagger	Tutorial	Health and Stagger	Życie i Zachwianie
TutorialDescriptionHealthAndStaggerDetailed	Tutorial	Player's [H]Health is represented by a red bar in the upper-left corner or the screen (or above enemy heads). When this value falls to 0, the unit is defeated.\n\n[SB]Stagger Bar (represented by the purple bar below the health bar) is depleted by rare, powerful attacks. When the bar is filled, the unit suffers from [Staggered]Staggered, becoming helpless towards all attacks and receiving special effects from some Techniques.\n\nBy default, Player regenerates 2% of total [SB]Stagger Bar each second.\n\nTaking more than 20% of the unit's [SB]Stagger Bar in one hit causes it to Flinch and stop its current action.	[H]Życie Gracza jest reprezentowane przez czerwony pasek w lewym-górnym rogu ekranu (lub nad głowami przeciwników). Kiedy ta wartość spadnie do 0, dana jednostka zostaje pokonana.\n\n[SB]Pasek Zachwiania (reprezentowany przez fioletowy pasek pod paskiem życia) jest zmniejszany przez rzadkie, potężne ataki. Kiedy pasek się wypełni, jednostka jest [Staggered]Przełamana, czyniąc ją bezsilną na ataki i sprawiając że otrzymuje specjalne efekty od niektórych Technik.\n\nDomyślnie gracz odzyskuje 2% paska Zachwiania co sekundę.\n\nUtrata więcej niż 20% [SB]Paska Zachwiania od jednego uderzenia sprawia że jednostka się Wzdryga, przerywając jej obecną czynność.
TutorialDescriptionHealthAndStaggerSimple	Tutorial	When a unit's [H]Health (red bar) falls to 0, the unit is defeated.\n\nWhen an enemy's [SB]Stagger Bar (purple) fills up, that enemy suffers [Staggered]Staggered.	Kiedy [H]Życie jednostki (czerwony pasek) spadnie do 0, jednostka ta zostaje pokonana.\n\nKiedy [SB]Pasek Zachwiania jednostki (fioletowy) wypełnia się, otrzymuje ona [Staggered]Przełamanie.
TutorialTitlePlayerStaggered	Tutorial	Player Staggered	Zachwiany Gracz
TutorialDescriptionPlayerStaggeredSimple	Tutorial	When player's [SB]Stagger Bar (purple) fills up, he suffers a different type of [Staggered]Staggered.\n\nPlayer can still move and act, but he is greatly weakened and slowed, and takes some damage even when successfully dodging or blocking attacks.	Kiedy [SB]Pasek Zachwiania gracza (fioletowy pasek) wypełni się, nakładany jest inny typ [Staggered]Przełamania niż u wrogów.\n\nGracz nadal może się poruszać i działać, ale jest o wiele słabszy, oraz otrzymuje nieco obrażeń nawet kiedy uda mu się uniknąć lub zablokować atak.
TutorialDescriptionPlayerStaggeredDetailed	Tutorial	When player's [SB]Stagger Bar (purple) fills up, he suffers a different type of [Staggered]Staggered than enemies.\n\nPlayer can still move and act, but he receives -30%[AS]Attack Speed and [SP]Movement Speed debuffs, -50% [D]Damage, [T]Tenacity and [C]Control debuffs, and receives 50% of [S]Stagger as [I]Injury instead.\n\nBlocking and Dodging attacks cause player to take 25% [D]Damage instead of full hit.\n\nPerforming Ripostes and Counters shortens the remaining duration of player's [Staggered]Staggered (by 10% and 30% respectively).	Kiedy [SB]Pasek Zachwiania gracza (fioletowy pasek) wypełni się, nakładany jest inny typ [Staggered]Przełamania niż u wrogów.\n\nGracz nadal może się on poruszać i działać, ale jego [AS]Prędkość Ataku i [SP]Ruchu jest zmniejszona o 30%, zadawane [D]Obrażenia, [T]Wytrzymałość i [C]Kontrola o 50%, oraz 50% otrzymanego [S]Zachwiania jest otrzymywane jako [I]Zranienie.\n\nBlokowanie i Uniki sprawiają, że gracz otrzymuje 25% [D]Obrażeń zamiast pełnego trafienia.\n\nWykonywanie Ripost i Kontr zmniejsza pozostały czas trwania [Staggered]Przełamania gracza (odpowiednio o 10% i 30%)
TutorialTitleBlocking	Tutorial	Blocking	Blokowanie
Effect_TechniquesBlockedIndicator	Tutorial	Blocked	Zablokowane
TutorialDescriptionBlockingDetailed	Tutorial	You can hold [BlockButtonPress] to start Blocking incoming attacks.\n\nIn 'Challenge' mode, special attacks break through Block (unless that special attack is countered by Block).\n\nBlocking causes player to receive 10% of [I]Injury and 50% of [S]Stagger as [I]Stagger. As such, it's better to Dodge attacks that inflict high [S]Stagger instead of blocking.\n\nIn 'Story' mode, [D]Damage taken from blocking halved.	Możesz przytrzymać [BlockButtonPress] by zacząć Blokować nadciągające ataki.\n\nW trybie 'Wyzwanie', specjalne ataki przebijają się przez Blok (chyba że dany atak jest kontrowany przez Blok).\n\nBlokowanie sprawia, że gracz otrzymuje 10% [I]Zranienia oraz 50% [S]Zachwiania jako [I]Zachwianie. W wyniku tego lepiej jest Unikać ataków zadających dużo [S]Zachwiania zamiast je blokować.\n\nW trybie 'Fabularnym' [D]Obrażenia od blokowania są zmniejszone o pół.
TutorialDescriptionBlockingSimple	Tutorial	Hold [BlockButtonPress] to Block attacks.\n\nIn 'Challenge' mode, special attacks break through Block.\n\nBlocking is better against [I]Injury attacks, but weaker against [S]Stagger attacks.	Przytrzymaj [BlockButtonPress] aby Blokować ataki.\n\nW trybie 'Wyzwanie', specjalne ataki przebijają się przez Blok.\n\nBlokowanie jest lepsze przeciwko atakom zadającym [I]Zranienie, ale gorsze przeciwko atakom zadającym [S]Zachwianie.
TutorialTitleRiposting	Tutorial	Riposting	Ripostowanie
TutorialDescriptionRipostingDetailed	Tutorial	Performing a Block just before an attack hits causes the player to execute a Riposte, dealing some [I]Injury and massive [S]Stagger to the opponent.\n\nBlocking a projectile just before it hits causes the player to knock it back towards its source.	Użycie Bloku tuż przed atakiem powoduje wykonanie Riposty, zadając nieco [I]Zranienia i ogromną ilość [S]Zachwiania przeciwnikowi.\n\nBlokowanie pocisków tuż przed trafieniem w gracza powoduje odbicie pocisku w stronę przeciwnika, które dany pocisk wystrzelił.
TutorialDescriptionRipostingSimple	Tutorial	Hold [BlockButtonPress] to block attacks. Block just before an attack to perform a riposte.	Przytrzymaj [BlockButtonPress] aby blokować ataki. Zablokuj tuż przed atakiem aby wykonać ripostę.
TutorialTitleDodging	Tutorial	Dodging	Unikanie
TutorialDescriptionDodgingDetailed	Tutorial	Press [DodgeButtonPress] to Dodge, avoiding all attacks except ones that specifically counter Dodging.\n\nDodging while moving forward results in a Roll.\n\nDodging while moving backwards results in a Backstep.	Możesz wcisnąć [DodgeButtonPress] aby wykonać Unik, unikając wszystkich ataków oprócz tych, które kontrują Uniki.\n\nUnikanie podczas ruchu naprzód skutkuje Przewrotem w Przód.\n\nUnikanie podczas ruchu do tyłu skutkuje Odskokiem.
TutorialDescriptionDodgingSimple	Tutorial	Press [DodgeButtonPress] to Dodge, avoiding most attacks.	Wciśnij [DodgeButtonPress] aby wykonać Unik, negując większość ataków.
TutorialTitleCountering	Tutorial	Countering Special Attacks	Kontrowanie Ataków Specjalnych
TutorialDescriptionCounteringDetailed	Tutorial	Powerful enemies can execute 'Special Attacks'. They cause a red warning sign to appear, and deal massive [I]Injury and/or [S]Stagger if not Countered correctly.\n\nThrusting attacks are Countered by Rolling into the enemy.\n\nWide, sweeping motions are Countered by Backstepping.\n\nStrong, winding attacks (from up to down) are Countered by Riposting the attack (Blocking just before receiving the attack).	Potężni przeciwnicy mogą wykonać 'Ataki Specjalne'. Tworzą one czerwone ostrzeżenie na przeciwniku, i zadają ogromną ilość [I]Zranienia i/lub [S]Zachwiania jeśli nie są poprawnie Skontrowane.\n\nPchnięcia są Kontrowane przez wykonanie Przewrotu w przód w stronę przeciwnika.\n\nSzerokie, zamiatające ruchy są Kontrowane poprzez Odskoki.\n\nPotężne, zamachiwane uderzenia (z góry na dół) są Kontrowane przez Ripostę (Blokowanie tuż przed otrzymaniem danego ataku).
TutorialDescriptionCounteringSimple	Tutorial	Attacks that display red warning sign can only be countered by a specific method: Riposting, Rolling (Dodging forward) or Backstepping (Dodging backwards).	Ataki które wyświetlają czerwone ostrzeżenie mogą być skontrowane tylko konkretnym sposobem: Ripostowaniem, Przewrotem w Przód (Unikiem w przód) lub Odskokiem (Unikiem do tyłu).
TutorialTitleInCombat	Tutorial	In Combat	W Walce
TutorialDescriptionInCombatDetailed	Tutorial	Attacking or being spotted by enemies causes player to enter combat, represented by the sword icon changing from green to red.\n\nSome effects or Techniques only activate when in combat or out of combat.\n\nTo exit combat, player has to defeat all enemies who are targeting him, or run away from them for long enough.	Atakowanie lub bycie spostrzeżonym przez przeciwników sprawia, że gracz otrzymuje status 'W Walce', reprezentowany przez zmianę ikonki mieczy z zielonej na czerwoną.\n\nNiektóre efekty i Techniki może wykorzystać tylko w walce lub poza walką.\n\nAby opuścić walkę, należy pokonać wszystkich przeciwników którzy atakują gracza, lub uciekać od nich wystarczająco długo.
TutorialDescriptionInCombatSimple	Tutorial	Attacking or being spotted causes you to enter 'In Combat' status.\n\nThe status is reset once all enemies are defeated, or slowly disappears when no enemies are nearby.	Atakowanie lub bycie spostrzeżonym sprawia, że otrzymujesz status 'W Walce'.\n\nStatus jest resetowany w momencie pokonania wszystkich przeciwników, lub powoli zanika jeśli nie ma w okolicy żadnego przeciwnika.
TutorialTitleEnergyAndAbilities	Tutorial	Energy and Techniques	Energia i Techniki
TutorialDescriptionEnergyAndAbilitiesDetailed	Tutorial	[E]Energy is a resource required to use special Techniques (icons and costs for which can be seen in lower right corner of the screen).\n\n[E]Energy is generated by: hitting enemies with Basic Attacks, receiving [I]Injury, Dodging, Blocking, Riposting and Countering enemy attacks, and inflicting [Staggered]Staggered.	[E]Energia jest zasobem potrzebnym do aktywowania specjalnych Technik (których ikony i koszt są widoczne w prawym dolnym rogu ekranu).\n\n[E]Energia jest generowana przez następujące czynności: Podstawowe Ataki, otrzymywanie [I]Zranienia, Unikanie, Blokowanie, Ripostowanie i Kontrowanie ataków przeciwnika, oraz nakładanie [Staggered]Przełamania.
TutorialDescriptionEnergyAndAbilitiesSimple	Tutorial	Techniques require [E]Energy to use, and have a [CD]Cooldown before they can be used again.\n\n[E]Energy is generated through combat from various sources.	Techniki wymagają energii do użycia, i mają [CD]Blokadę zanim mogą zostać ponownie użyte.\n\n[E]Energia jest generowana w walce z różnych źródeł.
TutorialTitleStances	Tutorial	Weapons and Stances	Bronie i Postawy
TutorialDescriptionStancesSimple	Tutorial	You can change currently used Weapon and Techniques by pressing [RotateStanceLeftButtonPress] or [RotateStanceRightButtonPress].	Możesz zmienić obecnie używaną Broń i Techniki wciskając [RotateStanceLeftButtonPress] lub [RotateStanceRightButtonPress].
TutorialDescriptionStancesDetailed	Tutorial	You have access to 3 different weapons ([Heavy]Heavy, [Light]Light and [Ranged]Ranged), and each have its own 'Stance' associated with it, representing different set of Basic Attacks and 4 Techniques.\n\nTo switch current Stance, press [RotateStanceLeftButtonPress] or [RotateStanceRightButtonPress].\n\nDifferent weapons specialize in different things ([AS]Attack Speed, [I]Injury, [S]Stagger, [Ranged]Range...), so you can adapt to the situation at hand.\n\nBasic Attacks using Ranged weapons consume ammo, which is restored at the start of each stage (and dropped by Bosses).	Masz dostęp do 3 różnych broni (Ciężkiej, Lekkiej i Zasięgowej). Każda z nich posiada własną 'Postawę', dającą dostęp do innego zestawu Podstawowych Ataków i 4 Technik.\n\nAby zmienić obecną Postawę, wciśnij [RotateStanceLeftButtonPress] lub [RotateStanceRightButtonPress].\n\nRóżne bronie specjalizują się w innych aspektach ([AS]Prędkości Ataku, [I]Zranieniu, [S]Zachwianiu, [Ranged]Zasięgu...), więc możesz dostosować się do obecnej sytuacji.\n\nPodstawowe Ataki przy użyciu broni Zasięgowej zużywają amunicję, która jest odnawiana na początku każdego poziomu (oraz upuszczane przez Bossów). 
TutorialTitleItems	Tutorial	Items	Przedmioty
TutorialDescriptionItemsDetailed	Tutorial	You can use equip items in menu's 'Inventory' tab.\n\nPress [UseItem1ButtonPress] to use Tool in quick-use slot 1, and [UseItem2ButtonPress] to use Tool in quick-use slot 2.\n\nAll currently equipped items are active in all Stances, with the exception of weapons. Only current Stance's weapon has its effects active.	Możesz zakładać przedmioty w zakładce 'Ekwipunek' w menu.\n\nWciśnij [UseItem1ButtonPress] by użyć Narzędzia na przycisku 1, i [UseItem2ButtonPress] by Narzędzia przedmiotu na przycisku 2.\n\nWszystkie obecnie założone przedmioty są aktywne we wszystkich Postawach. Aktywne są bonusy tylko broni obecnej Postawy.
TutorialDescriptionItemsSimple	Tutorial	You can equip items and assign Tools to quick use slots.\n\nTo use item 1, press [UseItem1ButtonPress]. For item 2, press [UseItem2ButtonPress].	Możesz zakładać przedmioty, oraz przypisać Narzędzia do przycisków szybkiego użycia.\n\nAby użyć przedmiotu 1, wciśnij [UseItem1ButtonPress]. Dla przedmiotu 2, wciśnij [UseItem2ButtonPress].
TutorialTitleTargeting	Tutorial	Targeting	Obieranie celu
TutorialDescriptionTargetingDetailed	Tutorial	You can press [ToggleTargetButtonPress] to target closest enemy.\n\nYou can press again to cycle between targets, or hold it to stop targeting.\n\nRanged attacks (and targeted Techniques such as Wind Blast) will aim at given target.\n\nIf no target is selected, then you can use [ManualAim] to target manually.	Możesz wcisnąć [ToggleTargetButtonPress] aby obrać najbliższego wroga jako cel.\n\nMożesz wcisnąć ponownie aby przejść do następnego celu, lub przytrzymać aby przestać celować.\n\nAtaki zasięgowe (i Techniki celowane takie jak Uderzenie Wichru) uderzą w stronę danego celu.\n\nJeśli żaden cel nie jest obrany, to możesz użyć [ManualAim] aby celować własnoręcznie.
TutorialDescriptionTargetingSimple	Tutorial	Press [ToggleTargetButtonPress] to target closest enemy.\n\nPress again to change target.\n\nHold to stop targeting.	Wciśnij [ToggleTargetButtonPress] by obrać cel.\n\nNaciśnij znowu żeby zmienić cel.\n\nPrzytrzymaj aby przestać celować.
TutorialTitleRipostingProjectiles	Tutorial	Advanced: Riposting Projectiles	Zaawansowane: Odbijanie Pocisków
TutorialDescriptionRipostingProjectilesSimple	Tutorial	Riposting or Basic Attacking a Projectile at just the right timing will send it flying back towards its source.	Uderzenie Podstawowym Atakiem lub Ripostowanie Pocisku w odpowiednim momencie sprawi, że poleci z powrotem do swego źródła.
TutorialDescriptionRipostingProjectilesDetailed	Tutorial	If you Riposte a Projectile at the perfect timing, it will be hit back towards its source (or at your current target).\n\nAlternatively, if you are performing a Basic Attack, and your weapon hits the Projectile during the Basic Attack's damage-dealing phase, it will also be sent back.	Jeśli Zripostujesz Pocisk w idealnym momencie, zostanie wysłany z w stronę tego, kto go stworzył (lub w twój obecny cel).\n\nAlternatywnie, jeśli wykonujesz Podstawowy Atak, a twoja broń trafi w Pocisk w momencie kiedy twój Podstawowy Atak zadaje obrażenia, to pocisk także zostanie odbity.
TutorialTitleAnimationCanceling	Tutorial	Advanced: Animation Canceling	Zaawansowane: Przerywanie Animacji
TutorialDescriptionAnimationCancelingSimple	Tutorial	You can interrupt a Basic Attack by switching stances, and you can interrupt the stance switch animation by Basic Attacking.	Możesz przerwać Podstawowy Atak poprzez zmianę postawy, oraz możesz przerwać animację zmiany postawy poprzez wyprowadzenie Podstawowego Ataku. 
TutorialDescriptionAnimationCancelingDetailed	Tutorial	It is possible to interrupt a Basic Attack animation by switching stances.\n\nStance switch animation can be canceled by Basic Attacking, Dodging, Blocking or using a Technique.\n\nAs such, it is possible to react even in the middle of attack animation by switching stances and pressing the button corresponding to e.g. Blocking.	Animację Podstawowego Ataku można przerwać poprzez zmianę postawy.\n\nAnimacja zmiany postawy może być przerwana przez wykonanie Podstawowego Ataku, Uniku, Bloku lub Techniki.\n\nW wyniku tego możliwe jest reagowanie nawet w trakcie animacji ataku: należy zmienić postawę i od razu nacisnąć przycisk odpowiedzialny za np. Blok. 
Title_Iris	Name	Iris, the Progenitor of the Anima	Iris, Protoplasta Anima
Title_Maginhart	Name	Maginhart, the Hollow Armor	Maginhart, Pusta Zbroja
Title_AnimatedGreataxe	Name	Animated Greataxe	Ożywiony Topór
Title_AnimatedBlades	Name	Animated Blades	Ożywione Ostrza
Title_AnimatedBow	Name	Animated Bow	Ożywiony Łuk
Title_Adventurer	Name	Adventurer	Poszukiwacz Przygód
Title_AnimaRookie	Name	Anima Rookie	Rekrut Anima
Title_AnimaGuardian	Name	Anima Guardian	Strażnik Anima
Title_AnimaBlademaster	Name	Anima Blademaster	Mistrz Ostrzy Anima
Title_AnimaBowmaster	Name	Anima Bowmaster	Mistrz Łuku Anima
Title_AnimaSpearmaster	Name	Anima Spearmaster	Mistrz Włóczni Anima
Title_WeaponPillager	Name	The Weapon Pillager	Grabieżca Broni
Title_Ryker	Name	Ryker, Head of the Molis Family	Ryker, Głowa Rodziny Molis
Title_GiantArmor	Name	Giant Armor	Gigantyczna Zbroja
Name_ManorGuard	Name	Manor Guard	Strażnik Rezydencji
Name_Gerrald	Name	Gerrald	Gerrald
Name_Maginhart	Name	Maginhart	Maginhart
Title_Player	Name	Alex, the Core Reaper	Alex, Żniwiarz Rdzeni
Name_Shadow	Name	Shadow	Cień
Name_FlameShadow	Name	Blazing Shadow	Płonący Cień
Title_FlameShadow	Name	Blazing Shadow	Płonący Cień
Title_Shadow	Name	The Shadow of the Progenitor	Cień Pierwszego
Name_Clarise	Name	Clarise	Clarise
Title_Clarise	Name	Clarise, the Salutis Assassin	Clarise, Zabójca Salutis
Name_Clarise1	Name	Clarise	Clarise
Title_Clarise1	Name	Clarise (I)	Clarise (I)
Name_Laura	Name	Laura	Laura
Title_Laura	Name	Laura, Head of the Tonitrui Family	Laura, Głowa Rodziny Tonitrui
Name_Relana	Name	Relana	Relana
Name_TimelyHelpNPC	Name	Trimvine Citizen	Mieszkaniec Trimvine
Name_TrimvineCitizen	Name	Trimvine Citizen	Mieszkaniec Trimvine
Name_Scientist	Name	Scientist	Naukowiec
Name_Smuggler	Name	Smuggler	Przemytnik
Name_SentientArmor	Name	Sentient Armor	Świadoma Zbroja
Name_Drake	Name	Drake	Drake
Name_Ryker	Name	Ryker	Ryker
Name_Iris	Name	Iris	Iris
Name_IgnisJudge	Name	The referee	Sędzia
Name_Nathalie	Name	Nathalie	Nathalie
Name_IgnisKnight	Name	Ignis Knight	Rycerz Ignis
Name_IgnisAssassin	Name	Ignis Assassin	Zabójca Ignis
Name_Default	Name	Civilian	Cywil
Name_Default_Male	Name	Man	Mężczyzna
Name_Default_Female	Name	Woman	Kobieta
Title_ExplosivesExpert	Name	Explosives Expert	Ekspert Materiałów Wybuchowych
Title_IgnisPaladin	Name	Ignis Paladin	Paladyn Ignis
Title_IgnisKnight	Name	Ignis Knight	Rycerz Ignis
Title_IgnisPyromancer	Name	Ignis Pyromancer	Piromanta Ignis
Title_IgnisAssassin	Name	Ignis Assassin	Zabójca Ignis
Title_IgnisSwordmaster	Name	Ignis Swordmaster	Mistrz Fechtunku Ignis
Title_IgnisCannonier	Name	Ignis Cannonier	Kanonier Ignis
Title_Blaine	Name	Blaine, Ignis Family Head	Blaine, Głowa Rodziny Ignis
Name_Blaine	Name	Blaine	Blaine
Title_Colten	Name	Colten, Ignis Family Heir	Colten, Dziedzic Rodziny Ignis
Title_ColtenLeader	Name	Colten, Ignis Family Head	Colten, Głowa Rodziny Ignis
Name_Colten	Name	Colten	Colten
Name_DrakeIgnis	Name	Drake (Ignis)	Drake (Ignis)
Title_DrakeIgnis	Name	Drake, the Mounting Flame	Drake, Narastający Płomień
Title_AnimatedArmor	Name	Animated Armor	Ożywiona Zbroja
Title_FireElemental	Name	Fire Elemental	Żywiołak Ognia
Title_IgnisCaptain	Name	Ignis Captain	Kapitan Ignis
Title_IgnisLancer	Name	Ignis Lancer	Mistrz Włóczni Ignis
Title_Criminal_FreezeCaster	Name	Frost Criminal	Przestępca Władający Mrozem
Title_Criminal_Hammer	Name	Hammer Criminal	Przestępca z Młotem
Title_Criminal_Grenadier	Name	Grenadier Criminal	Przestępca Grenadier
Title_Criminal_Shortbow	Name	Bow Criminal	Przestępca z Łukiem
Name_Player	Name	Alex	Alex
Title_Criminal_Leader	Name	Criminal Leader	Przywódca Przestępców
Title_Criminal_Spear	Name	Spear Criminal	Przestępca z Włócznią
Title_Criminal_Daggers	Name	Dagger Criminal	Przestępca ze Sztyletami
Title_GiantArmour	Name	Giant Armor	Gigantyczna Zbroja
Title_GiantElemental	Name	Giant Elemental	Gigantyczny Żywiołak
Title_Berserker	Name	The Berserker	Berserker
Title_GraveRobber	Name	Grave Robber	Okradacz Grobów
Title_SalutisAssassin	Name	Salutis Assassin	Zabójca Salutis
Title_Criminal_Shield	Name	Shield Criminal	Przestępca z Tarczą
Title_ShieldGiant	Name	Shield Giant	Tarczowy Gigant
Title_UnknownEnemy	Name	Unknown Enemy	Nieznany Przeciwnik
Name_Unknown	Name	???	???
TechniqueFamily_Ignis_Colored	UI	<color=#730300ff>Ignis</color>	<color=#730300ff>Ignis</color>
TechniqueFamily_Anima_Colored	UI	<color=#005E0Aff>Anima</color>	<color=#005E0Aff>Anima</color>
TechniqueFamily_Glacies_Colored	UI	<color=#4487CBff>Glacies</color>	<color=#4487CBff>Glacies</color>
TechniqueFamily_Salutis_Colored	UI	<color=#9D9D9Dff>Salutis</color>	<color=#9D9D9Dff>Salutis</color>
TechniqueFamily_Molis_Colored	UI	<color=#794818ff>Molis</color>	<color=#794818ff>Molis</color>
TechniqueFamily_Tonitrui_Colored	UI	<color=#DBC400ff>Tonitrui</color>	<color=#DBC400ff>Tonitrui</color>
TechniqueFamily_Proprius_Colored	UI	<color=#6916A1ff>Proprius</color>	<color=#6916A1ff>Proprius</color>
TechniqueFamily_None_Colored	UI	"<color=""grey"">Neutral</color>"	"<color=""grey"">Neutralna</color>"
TechniqueUpgradeA	UI	Ancient	Antyczna
TechniqueUpgradeB	UI	Battle-born	Bitewna
TechniqueUpgradeAFull	UI	Ancient Mastery	Antyczne Mistrzostwo
TechniqueUpgradeBFull	UI	Battle-born Mastery	Bitewne Mistrzostwo
UltimateTechnique	UI	Ultimate	Ostateczna
Technique	UI	Technique	Technika
StanceUnlockTitle	UI	UI	Postawa
UpgradeUnlockTitle	UI	Upgrade	Ulepszenie
AbilityUnlockTitle	UI	Technique	Technika
AbilityMasteryTitle	UI	Mastery	Ulepszenie
Player	UI	Gracz	
Enemies	UI	Wrogowie	
RemainsActiveInOtherStances	UI	(Active even in other stances):	(Aktywne nawet w innych postawach):
UI_EffectSource	UI	Source: 	Źródło: 
UI_ActiveEffectCount	UI	Active Effects: 	Aktywne Efekty: 
UI_EffectSourceUnknown	UI	Unknown	Nieznane
EffectSourceType_Equipment	UI	Equipment	Uzbrojenie
EffectSourceType_Enemy	UI	Enemy	Wróg
EffectSourceType_PassivePowerUp	UI	Passive Power-up	Pasywne Wzmocnienie
EffectSourceType_Stance	UI	UI	Postawa
EffectSourceType_Technique	UI	Technique	Technika
EffectSourceType_Tool	UI	Tool	Narzędzie
EffectSourceType_Unknown	UI	Unknown	Nieznane
StanceUpgrade1	UI	Stance Upgrade 1	Ulepszenie Postawy 1
StanceUpgrade2	UI	Stance Upgrade 2	Ulepszenie Postawy 2
StanceUpgrade3	UI	Stance Upgrade 3	Ulepszenie Postawy 3
Stance	UI	Stance	Postawa
SingularPursuitOnlyOneStanceNotification	UI	Singular Pursuit can only be assigned to one Stance at a time. Unequip Singular Pursuit from its current Stance to equip it to a new one.	Jednotorowa Specjalizacja może być przypisana do tylko jednej Postawy jednocześnie. Zdejmij Jednotorową Specjalizację ze jej obecnej Postawy aby założyć ją na nową.
CostPerSecond	UI	sec	sek
GainedIgnisEnergyNotification	UI	Ignis Energy increased to {0}.	Energia Ignis zwiększona do {0}.
ItemsOnCooldownWarning	UI	Tools are on [CD]Cooldown.	Używanie Narzędzi jest [CD]Zablokowane.
SlowedTimeTechniqueRestrictionWarning	UI	You cannot use time-slowing Techniques when time is already slowed down.	Nie możesz używać Technik spowalniających czas kiedy czas jest już spowolniony.
LauraPocketMoneyNotification	UI	Laura has sent you {0} extra funds.	Laura przesłała ci {0} dodatkowych środków.
SkillTreeDescription_StancesAndTechniques	UI	Stances, Techniques, Upgrades	Postawy, Techniki, Ulepszenia
SkillTreeDescription_PassivePowerUps	UI	Passive Power-Ups	Pasywne Wzmocnienia
SkillTreeSpeciality_Anima	UI	 [Weapons]Weapons, [Riposte]Ripostes, [Counter]Counters, [BA]Basic Attacks, [Sharp]Sharp	
SkillTreeSpeciality_Ignis	UI	 [Heavy]Heavy Weapons, [Magic]Magic, [S]Stagger, [A]Armor, [Burn]Burn	
SkillTreeSpeciality_Glacies	UI	 [Ranged]Ranged Weapons, [Magic]Magic, [S]Stagger, [C]Crowd-Control, [Freeze]Freeze	
SkillTreeSpeciality_Molis	UI	 [H]Health, [SB]Stagger Bar, [T]Tenacity, [A]Armor, [Barrier]Barrier	
SkillTreeSpeciality_Salutis	UI	 [Backstab]Backstabs, [I]Injury, [Technique]Techniques, [CDR]Cooldown Reduction, [Bleed]Bleed	
SkillTreeSpeciality_Tonitrui	UI	 [Light]Light Weapons, [I]Injury, [BA]Basic Attacks, [AS]Speed, [Supercharge]Supercharge	
SkillTreeSpeciality_Proprius	UI	 [Magic]Magic, [Technique]Techniques, [EG]Energy Gain, [Analysis]Analysis	
DialogueButton_Next	UI	Next	Dalej
DialogueButton_History	UI	History	Historia
DialogueButton_Skip	UI	Skip	Pomiń
DialogueButton_StopSkip	UI	Stop	Stop
PauseScreenLabel	UI	PAUSED	PAUZA
DamageDisplay_Dodged	UI	Dodged	Unik
MissionRewards	UI	Rewards	Nagrody
PlayerName	UI	Player	Gracz
UnitType_Boss	UI	Enforcer	Autarcha
MissionReward_GoldPerEnemy	UI	{0} Gold for each enemy	{0} Złota za każdego wroga
MissionReward_ExperiencePerEnemy	UI	{0} Experience for each enemy	{0} Doświadczenia za każdego wroga
MissionReward_Gold	UI	{0} Gold	{0} Złota
MissionReward_Experience	UI	{0} Experience	{0} Doświadczenia
GetMoneyHistoryEntry	UI	Gained {0} Gold.	Zdobyto {0} Złota.
SpentMoneyHistoryEntry	UI	Spent {0} Gold.	Wydano {0} Złota.
GetExperienceHistoryEntry	UI	Gained {0} Experience.	Zdobyto {0} Doświadczenia.
QuitPlayingConfirmation	UI	Do you want to finish playing? All unsaved progress will be lost.	Czy chcesz zakończyć granie? Cały niezapisany postęp zostanie utracony.
InGameDialogueSpeed	UI	In-world Dialogue Speed: {0}%	Prędkość Dialogu w Świecie: {0}%
ScreenShake	UI	Screen Shake: {0}%	
DialogueTextSpeed	UI	Dialogue Text Speed: {0}%	Prędkość Tekstu Dialogów: {0}%
NotHighEnoughLevelForDestructibleNotification	UI	Can't even scratch that thing. I would need to be much higher level than I am now.	Nawet tego nie mogę zadrapać. Potrzebowałbym być na o wiele wyższym poziomie niż jestem teraz.
SlightlyNotHighEnoughLevelForDestructibleNotification	UI	I can almost destroy that thing. I would need just a bit higher level.	Prawie jestem w stanie to zniszczyć. Potrzebuję tylko odrobinę wyższego poziomu.
DialogueSelectedChoice	UI	Selected choice: 	Wybrana opcja: 
TooLowLevelToUseWarning	UI	Level [Experience]{0} is required to use {1} items.	Poziom [Experience]{0} jest wymagany by używać przedmiotów {1}.
TooLowLevelToEquipWarning	UI	Level [Experience]{0} is required to equip {1} items.	Poziom [Experience]{0} jest wymagany by zakładać przedmioty {1}.
TooLowLevelToUpgradeWarning	UI	Level [Experience]{0} is required to create {1} items.	Poziom [Experience]{0} jest wymagany by tworzyć przedmioty {1}.
NotEnoughMaterialsToUpgradeWarning	UI	Not enough [Money]Money or [ExcellentMaterials]Materials to upgrade.	Za mało [Money]Pieniędzy lub [ExcellentMaterials]Materiałów do ulepszenia.
NotEnoughToolMaterialsToUpgradeWarning	UI	Not enough [ToolMaterials]Materials to upgrade.	Za mało [ToolMaterials]Materiałów do ulepszenia.
LoadingScreen	UI	Loading...	Wczytywanie...
AutoSkipLabel	UI	Automatically skip read dialogue	Automatycznie pomijaj przeczytane dialogi
SkipReadTextLabel	UI	Enable skipping unread dialogue	Pozwól na pomijanie nieczytanych dialogów
PowerUpPointsRequired	UI	No Power-up points available. Deselect a power-up or earn more points by leveling up.	Brak punktów Wzmocnienia. Wyłącz jedno z wzmocnień lub zdobądź więcej punktów poprzez zwiększenie Poziomu.
PowerUpName	UI	Passive Power-up	Pasywne Wzmocnienie
TechniqueUpgrades	UI	Equippable Upgrades	Używalne Ulepszenia
UltimateTechniques	UI	Ultimates per combat	Ostateczne Techniki na walkę
PowerUpPoints	UI	Unused Power-up Points	Nieużyte Punkty Wzmocnienia
OnlyOneHealingPowerUp	UI	You can only unlock one Healing Power-Up from all 7 skill trees.	Możesz odblokować tylko jedno Leczące Wzmocnienie ze wszystkich 7 drzew rozwoju.
CannotRefundPowerUpWhenHigherTierUnlocked	UI	To refund this power-up, you first need to refund all further rows.	Aby zwrócić punkty za to wzmocnienie, najpierw musisz zwrócić punkty za wszystkie rzędy po tym.
PreviousPowerUpTierRequired	UI	To unlock this power-up, you first need to unlock all previous rows.	Aby odblokować to wzmocnienie, najpierw musisz odblokować wszystkie rzędy przed tym.
HigherLevelRequired	UI	Level {0} Required	Wymagany {0} Poziom
UIPlayerLevel	UI	Level	Poziom
FreeCostIndicator	UI	-	-
SkillTree_Tier1	UI	Tier I	Szczebel I
SkillTree_Tier2	UI	Tier II (Requires Level 10)	Szczebel II (Wymaga 10 Poziomu)
SkillTree_Tier3	UI	Tier III (Requires Level 20)	Szczebel III (Wymaga 20 Poziomu)
SkillTree_Tier4	UI	Tier IV (Requires Level 30)	Szczebel IV (Wymaga 30 Poziomu)
QuestsWindowTitle	UI	Quests	Zadania
GuideWindowTitle	UI	Available Tutorials	Dostępne Opisy
InventoryCategoryHeavy	UI	Heavy Weapons	Bronie Ciężkie
InventoryCategoryLight	UI	Light Weapons	Bronie Lekkie
InventoryCategoryRanged	UI	Ranged Weapons	Bronie Zasięgowe
InventoryCategoryGloves	UI	Gloves	Rękawice
InventoryCategoryHelmet	UI	Helmets	Hełmy
InventoryCategoryOutfit	UI	Outfits	Stroje
InventoryCategoryBoots	UI	Boots	Buty
InventoryCategoryTool	UI	Tools	Narzędzia
InventoryCategoryQuest	UI	Quest Items	Przedmioty Fabularne
InventoryCategoryOther	UI	Other	Inne
QuestStatusUpdate_InProgress	UI	Quest started	rozpoczęto Zadanie
QuestStatus_NotStarted	UI	Status: Not Started	Status: Nierozpoczęte
QuestStatus_InProgress	UI	Status: In progress	Status: W trakcie
QuestStatus_Completed	UI	Status: Completed	Status: Zakończone
QuestStatusUpdate_Completed	UI	Quest completed	ukończono Zadanie
QuestObjectiveUpdate_Failed	UI	Objective failed	Cel zakończony porażką
QuestObjectiveUpdate_Completed	UI	Objective completed	ukończono Cel
QuestObjectiveUpdate_Current	UI	Objective updated	zaktualizowano Cel
QuestObjectives	UI	Objectives	Cele do wykonania
MissionDetailsLevel	UI	Level: {0}	Poziom: {0}
InventoryUse	UI	Use	Użyj
InventoryEquip	UI	Equip	Załóż
InventoryEquipTo1	UI	Equip to 1	Załóż w 1
InventoryEquipTo2	UI	Equip to 2	Załóż w 2
InventoryBuy	UI	Buy for {0}[Money]	Kup za {0}[Money]
InventoryUpgradeGradeTool	UI	Upgrade	Ulepsz
InventoryUpgradeUsesTool	UI	Max amount {0} -> {1}	Maks ilość {0} -> {1}
InventorySell	UI	Sell	Sprzedaj
InventoryUpgrade	UI	Upgrade	Ulepsz
InventoryUnequip	UI	Unequip	Zdejmij
InventoryUnequipFrom1	UI	Unequip from 1	Zdejmij z 1
InventoryUnequipFrom2	UI	Unequip from 2	Zdejmij z 2
ItemType_Heavy	UI	Heavy Weapon	Broń Ciężka
ItemType_Light	UI	Light Weapon	Broń Lekka
ItemType_Ranged	UI	Ranged Weapon	Broń Zasięgowa
ItemType_Gloves	UI	Gloves	Rękawice
ItemType_Helmet	UI	Helmet	Hełm
ItemType_Outfit	UI	Outfit	Strój
ItemType_Boots	UI	Boots	Buty
ItemType_Tool	UI	Tool	Narzędzie
ItemType_Quest	UI	Quest Item	Przedmiot Fabularny
ItemType_Other	UI	Miscellaneous Item	Przedmiot Bez Kategorii
ItemClass_Greatsword	UI	Greatsword	Miecz Dwuręczny
ItemClass_Polearm	UI	Polearm	Broń Drzewcowa
ItemClass_Longblade	UI	Longblade	Długie Ostrze
ItemClass_TwinBlades	UI	Twin Blades	Podwójne Ostrza
ItemClass_Daggers	UI	Daggers	Sztylety
ItemClass_Gauntlets	UI	Gauntlets	Rękawice Bojowe
ItemClass_Gun	UI	Gun	Broń Palna
ItemClass_Bow	UI	Bow	Łuk
ItemClass_Cannon	UI	Cannon	Działo
ItemGrade_None_Colored	UI	<color=#676767ff>Unique</color>	<color=#676767ff>Unikalny</color>
ItemGrade_Regular_Colored	UI	<color=#676767ff>Regular</color>	<color=#676767ff>Przeciętny/e</color>
ItemGrade_Excellent_Colored	UI	<color=#0009CF>Excellent</color>	<color=#0009CF>Wybitny/e</color>
ItemGrade_Masterful_Colored	UI	<color=#F30000>Masterful</color>	<color=#F30000>Mistrzowski/e</color>
ItemGrade_Flawless_Colored	UI	<color=#2E124B>Flawless</color>	<color=#2E124B>Perfekcyjny/e</color>
ItemGrade_Ultimate_Colored	UI	<color=#FFF89C>Ultimate</color>	<color=#FFF89C>Ostateczny/e</color>
NotEnoughMoneyWarning	UI	You do not have enough [Money]Money to buy that.	Nie posiadasz wystarczająco [Money]Złota by to kupić.
CannotUseAtMaxEnergyWarning	UI	Cannot use while at max energy	Nie można użyć na maksimum energii
CannotUnlearnStanceWithUpgradeWarning	UI	You cannot unlearn a Stance with an unlocked Upgrade.	Nie możesz się oduczyć Postawy która ma odblokowane Ulepszenie.
CannotLearnUpgradeWithoutStance	UI	You cannot unlock an Upgrade without learning the associated Stance first.	Nie możesz odblokować Ulepszenia bez uprzedniego nauczenia się powiązanej Postawy.
MissingLabel	UI	<- MISSING LABEL ->	<- MISSING LABEL ->
StatLabel_Armor	UI	[A]Armor	[Armor]Redukcja Obrażeń
StatLabel_Health	UI	[H]Health	[H]Życie
StatLabel_StaggerBar	UI	[SB]Stagger Bar	[SB]Pasek Zachwiania
StatLabel_MovementSpeed	UI	[MovementSpeed]Movement Speed	[MovementSpeed]Prędkość Ruchu
StatLabel_EnergyGain	UI	[EnergyGain]Energy Gain	[EnergyGain]Generowanie Energii
StatLabel_CooldownReduction	UI	[CooldownReduction]Cooldown Reduction	[CooldownReduction]Redukcja Blokady
StatLabel_Injury	UI	[I]Injury	[I]Zranienia
StatLabel_Stagger	UI	[S]Stagger	[S]Zachwiania
StatLabel_Damage	UI	[D]Damage	[D]Obrażenia
StatLabel_Control	UI	[Control]Control	[Control]Kontrola
StatLabel_Tenacity	UI	[Tenacity]Tenacity	[Tenacity]Wytrzymałość
StatLabel_AttackSpeed	UI	[AS]Attack Speed	[AS]Prędkość Ataku
StatLabel_HeavyInjury	UI	[HI]Heavy Weapon Injury	[HI]Zranienia Ciężką Bronią
StatLabel_LightInjury	UI	[LI]Light Weapon Injury	[LI]Zranienia Lekką Bronią
StatLabel_RangedInjury	UI	[RI]Ranged Weapon Injury	[RI]Zranienia Zasięgową Bronią
StatLabel_MagicInjury	UI	[MI]Magic Injury	[MI]Zranienia Magią
StatLabel_HeavyStagger	UI	[HS]Heavy Weapon Stagger	[HS]Zachwiania Ciężką Bronią
StatLabel_LightStagger	UI	[LS]Light Weapon Stagger	[LS]Zachwiania Lekką Bronią
StatLabel_RangedStagger	UI	[RS]Ranged Weapon Stagger	[RS]Zachwiania Zasięgową Bronią
StatLabel_MagicStagger	UI	[MS]Magic Stagger	[MS]Zachwiania Magią
StatLabel_HeavyAttackSpeed	UI	[HAS]Heavy Weapon Attack Speed	[HAS]Prędkość Ataku Ciężką Bronią
StatLabel_LightAttackSpeed	UI	[LAS]Light Weapon Attack Speed	[LAS]Prędkość Ataku Lekką Bronią
StatLabel_RangedAttackSpeed	UI	[RAS]Ranged Weapon Attack Speed	[RAS]Prędkość Ataku Zasięgową Bronią
StatLabel_MagicAttackSpeed	UI	[MAS]Magic Attack Speed	[MAS]Prędkość Ataku Magią
WeaponCategory_Magic	UI	[Magic]Magic	[Magic]Magia
WeaponCategory_Heavy	UI	[Heavy]Heavy Weapon	[Heavy]Broń Ciężka
WeaponCategory_Light	UI	[Light]Light Weapon	[Light]Broń Lekka
WeaponCategory_Ranged	UI	[Ranged]Ranged Weapon	[Ranged]Broń Zasięgowa
ExecuteDisplay	UI	<color=#FFFFFFFF>K.O.</color>	<color=#FFFFFFFF>K.O.</color>
SaveFileEmpty	UI	- Empty -	- Pusty -
ItemDropNotification	UI	Item acquired	Otrzymano przedmiot
MoneyDropNotification	UI	+{0} Gold	+{0} Złota
SaveMidMission	UI	'Regression' point established	Ustalono punkt 'Regresji'
LoadMidMission	UI	'Regression' activated	'Regresja' aktywowana
ExperienceAcquiredNotification	UI	+{0} Experience	+{0} Doświadczenia
HealUpgradeNotification	UI	Healing Potion improved (+{0} -> +{1})	Mikstura Leczenie ulepszona (+{0} -> +{1})
ItemAutoSellNotification	UI	Duplicate acquired (sold for {0}[Money])	Otrzymano duplikat (sprzedano za {0}[Money])
LevelUpNotification	UI	Level up! Level increased to {0}. +1 Power-Up Point.	Nowy poziom! Poziom zwiększony do {0}. +1 Punkt Wzmocnienia.
Keyboard	UI	Keyboard and Mouse	Klawiatura i Myszka
Gamepad	UI	Gamepad	Gamepad
Controls	UI	Control Scheme	Układ Sterowania
GameSubTitle	UI	by Waterfowl Games	stworzone przez Waterfowl Games
NewGame	UI	New Game	Nowa Gra
AbandonMissionConfirmation	UI	Abandon mission and return to Mission Select? All acquired experience, money, items and quest progress will be lost, but no time will pass.	Porzuć misję i wróć do Wyboru Misji? Całe zdobyte doświadczenie, pieniądze, przedmioty i postęp zadań zostaną stracone, ale nie zostanie zużyty czas.
SellItemConfirmation	UI	Sell {0} for [Money]{1}? This decision is not reversible.	Sprzedać {0} za [Money]{1}? Ta decyzja jest nieodwracalna.
UpgradeItemConfirmation	UI	Upgrade {0} for {1}? Materials cannot be recovered.	Ulepszyć {0} za {1}? Materiały nie mogą być odzyskane.
ToolGradeUpgradeConfirmation	UI	Upgrade {0} grade for {1}? Materials cannot be recovered.	Ulepszyć jakość {0} za {1}? Materiały nie mogą być odzyskane.
ToolAmountUpgradeConfirmation	UI	Upgrade {0} max amount for {1}? Materials cannot be recovered.	Ulepszyć maks ilość {0} za {1}? Materiały nie mogą być odzyskane.
ModalWindowTitleConfirmation	UI	Confirmation	Potwierdzenie
ButtonConfirm	UI	Confirm	Zatwierdź
ButtonCancel	UI	Cancel	Anuluj
LoadGame	UI	Load	Wczytaj
ButtonShowGuide	UI	Show Guide	Pokaż Poradnik
ButtonHideGuide	UI	Hide Guide	Schowaj Poradnik
Tutorial	UI	Tutorial	Samouczek
Challenges	UI	Challenges	Wyzwania
StartSurvivalMode	UI	New Survival	Nowy Przetrwanie
ContinueSurvivalMode	UI	Continue Survival	Kontynuuj Przetrwanie
ArenaSandboxElites	UI	Mini-Bosses	
ArenaSandboxRegulars	UI	Regular Enemies	Zwykli Przeciwnicy
ArenaSandboxBosses	UI	Bosses	Bossy
SandboxArena	UI	Sandbox Arena	Dobierana Arena
SandboxArenaTooltip	UI	Select an enemy (or enemies) to fight against in a closed-off arena	Wybierz przeciwnika (lub przeciwników) na których chcesz walczyć w zamkniętej arenie
SaveGameTitle	UI	Save Game	Zapisz Grę
LoadGameTitle	UI	Load Game	Wczytaj Grę
SaveFileCycleWeekTime	UI	Week {0}, Difficulty: {1}, Play Time: {2}h:{3}m:{4}s	Tydzień {0}, Czas Gry: {1}g, {2}m, {3}sek
SaveFileLevelMoneySkillTrees	UI	[Level]{0} [Money]{1} [Anima]{2} [Ignis]{3} [Glacies]{4} [Molis]{5} [Salutis]{6} [Tonitrui]{7} [Proprius]{8}	[Level]{0} [Money]{1} [Anima]{2} [Ignis]{3} [Glacies]{4} [Molis]{5} [Salutis]{6} [Tonitrui]{7} [Proprius]{8}
SaveFileDifficultyMission	UI	Mission: {0}, Saved Date: {1}	Trudność: {0}, Obecna Misja: {1}
CurrentMissionIsNull	UI	-	-
ContinueGame	UI	Continue	Kontynuuj
SaveFileSlotName	UI	Save	Zapis
MissionNoTimeConsumed	UI	No time will pass	Nie upłynie czas
Mission1WeekConsumed	UI	1 week will pass	Upłynie 1 tydzień
NewMissionIndicator	UI	NEW	NOWE
MissionWeeksConsumed	UI	{0} weeks will pass	Upłyną {0} tygodnie
DisabledWhileInCombat	UI	Disabled while in combat	Zablokowane w trakcie walki
DeleteSaveModalTitle	UI	Delete Save File	Usunięcie Zapisu
ButtonDelete	UI	Delete	Usuń
ButtonSaveFile	UI	Save	Usuń
ButtonLoadFile	UI	Load	Usuń
SaveSlotRegular	UI	Save	Zapis
SaveSlotQuickSave	UI	Quick-save	
SaveSlotAutoSaveBeforeMission	UI	Auto-save before Mission	
SaveSlotAutoSaveDuringMission	UI	Auto-save during Mission	
SaveSlotAutoSaveAfterMission	UI	Auto-save after Mission	
OverwriteSaveConfirmation	UI	Are you sure you want to overwrite {0}?	Czy na pewno chcesz usunąć {0}?
LoadSaveConfirmation	UI	Are you sure you want to load {0}?	Czy na pewno chcesz usunąć {0}?
DeleteSaveConfirmation	UI	Are you sure you want to delete {0}?	Czy na pewno chcesz usunąć {0}?
GameSavedAutomatically	UI	Auto-Save completed.	Wykonano Zapis Automatyczny.
SaveFileQuickSaveSlotName	UI	Quick-save	Szybki Zapis
SaveFileMidMissionAutoSaveSlotName	UI	Auto-Save during Mission	Zapis Automatyczny w trakcie misji
SaveFilePostMissionAutoSaveSlotName	UI	Auto-Save after Mission	Zapis Automatyczny po misji
SaveFilePreMissionAutoSaveSlotName	UI	Auto-Save before Mission	Zapis Automatyczny po misji
SaveFileSkillTrees	UI	<color=#730300ff>{0}</color> / <color=#005E0Aff>{1}</color> / <color=#4487CBff>{2}</color> / <color=#794818ff>{3}</color> / <color=#9D9D9Dff>{4}</color> / <color=#DBC400ff>{5}</color> / <color=#6916A1ff>{6}</color>	<color=#730300ff>{0}</color> / <color=#005E0Aff>{1}</color> / <color=#4487CBff>{2}</color> / <color=#794818ff>{3}</color> / <color=#9D9D9Dff>{4}</color> / <color=#DBC400ff>{5}</color> / <color=#6916A1ff>{6}</color>
MissionTypeActivity	UI	Activities	Aktywności
MissionTypeMain	UI	Main Quests	Zadania Główne
MissionTypeSide	UI	Side Quests	Zadania Poboczne
MissionTypeExploration	UI	Free Exploration	Wolna Eksploracja
MissionTypeRandom	UI	Random Missions	Losowe Misje
SaveFileMoney	UI	Money: {0}g	Pieniądze: {0}g
ButtonSave	UI	Save Game	Zapisz Grę
ButtonLoad	UI	Load Game	Wczytaj Grę
PlayTutorialTooltip	UI	Select this to be taught how the game works	Kliknij, aby zostać nauczonym jak działa gra
ChallengesTooltip	UI	Challenge a specially prepared stage by using specified Techniques and Weapons	Zmierz się ze specjalnie przygotowanym wyzwaniem używając określonych Technik i Broni
SurvivalModeTooltip	UI	Survive fighting randomly generated stages, select power-ups and grow stronger	Staraj się przeżyć walcząc z losowo generowanymi przeciwnikami, wybieraj ulepszenia i stawaj się silniejszy
LowerDifficultyConfirmation	UI	Lower difficulty level to 'Story'? This change is irreversible, so making a separate save file is advised.	Zmniejszyć poziom trudności do 'Fabularnego'? Ta zmiana jest nieodwracalna, więc zalecane jest zrobienie oddzielnego zapisu.
ContinueSurvivalModeTooltip	UI	Continue where you left off last time you selected Survival from Start Screen	Kontynuuj z miejsca, w którym ostatnio zakończyłeś Przetrwanie po wybraniu z Ekranu Startowego
ChallengeCombatType	UI	Challenge	Wyzwanie
RegularCombatType	UI	Regular	Normalny
UltimateCombatType	UI	Ultimate	Ostateczny
SaveFileDifficulty	UI	Difficulty: 	Poziom Trudności: 
SaveFileWeek	UI	Week {0}	Tydzień {0}
StoryCombatType	UI	Story	Fabuła
DifficultyOutsideStoryMode	UI	Arena/Survival Difficulty	Trudność Areny/Przetrwania
StartScreenLanguage	UI	Language / Język	Language / Język
BackButton	UI	Back	Powrót
NextButton	UI	Next	Dalej
StartButton	UI	Start	Rozpocznij
ButtonOptions	UI	Options	Opcje
ButtonQuitGame	UI	Quit Game	Wyjdź z Gry
ButtonBackToTitle	UI	Quit to Title	Wyjdź do Menu Głównego
ButtonCloseMenu	UI	Close Menu	Zamknij Menu
ButtonClose	UI	Close	Zamknij
FieldOfView	UI	Field of View Radius (in meters): {0}m	Promień Zasięgu Widoku (w metrach): {0}m
UISize	UI	UI Size: {0}%	Zasięg Widoku
DamageNumbersSize	UI	Damage Numbers Size: {0}%	Zasięg Widoku
GameOverLabelTime	UI	TIME RAN OUT	TIME RAN OUT
GameOverLabelDeath	UI	DEFEATED	POKONANY
GameOverLabelLoadClueless	UI	Your last moments shall be undone...	Twoje ostatnie chwile zostaną odczynione...
GameOverLabelLoadAware	UI	Your last moments shall be undone... for a price.	Twoje ostatnie chwile zostaną odczynione... za pewną cenę.
SoundVolume	UI	Sound Effect Volume	Głośność Efektów Dźwiękowych
DialogueVolume	UI	Dialogue Volume	Głośność Dialogów
MusicVolume	UI	Music Volume	Głośność Muzyki
MasterVolume	UI	Master Volume	Głośność Ogólna
OptionsGameplay	UI	Gameplay	Gra
OptionsKeybinds	UI	Keybinds	Gra
OptionsDisplay	UI	Display	Grafika
OptionsAudio	UI	Audio	Dźwięk
OptionsReportBug	UI	Report Bug	
FirstTimeLaunchLanguage	UI	Select game language / Wybierz język gry:	Select game language / Wybierz język gry:
LowerDifficulty	UI	Lower	Obniż
DifficultyLevel	UI	Difficulty	Poziom Trudności
FirstTimeLaunchCombatType	UI	Pick difficulty level:	Wybierz poziom trudności:
ChallengeSelectTooltip	UI	Overcome unique challenges using specified Techniques and Items	Przezwycięż unikalne wyzwania przy użyciu określonych Technik i Przedmiotów
FirstTimeLaunchUltimateDescription	UI	\n\nRequires in-depth knowledge of how to counter enemy attacks. Techniques and Stance effects are not available.	\n\nWymaga dokładnej znajomości kontr na ataki przeciwnika. Techniki i wzmocnienia Postawy nie są dostępne.
FirstTimeLaunchUltimateDescriptionDetailed	UI	Technique Points and Mastery Points are not available.\n\nStrong Basic Attacks consume 20[E]Energy. Using Tools consumes 50[E]Energy.	Punkty Technik i Punkty Mistrzostwa nie są dostępne.\n\nSilne Podstawowe Ataki zużywają 20[E]Energii. Korzystanie z Narzędzi zużywa 50[E]Energii.
FirstTimeLaunchChallengeDescription	UI	\n\nFights are challenging. Enemy attacks need to be [Counter]Countered correctly.	\n\nWalki są wymagające. Ataki przeciwników muszą być [Counter]Skontrowane w odpowiedni sposób.
FirstTimeLaunchChallengeDescriptionDetailed	UI	Enemies have 150%[H]Health and [SB]Stagger Bar.\n\nEnemies deal 120%[D]Damage and are more aggressive.\n\nSpecial attacks need to be [Counter]countered with the correct method (dodge, roll, block).\n\nCertain special enemy attacks are more dangerous.	
FirstTimeLaunchRegularDescription	UI	\n\nRegular difficulty without any additional changes.	\n\nNormalny poziom trudności bez dodatkowych zmian.
FirstTimeLaunchStoryDescription	UI	\n\nLess punishing combat. [Block]Blocking and [Dodge]Dodging works on every type of attack.	\n\nMniej wymagający styl gry. [Block]Blokowanie i [Dodge]Unikanie działa na każdy atak.
FirstTimeLaunchStoryDescriptionDetailed	UI	Enemies have 70%[H]Health and [SB]Stagger Bar.\n\nEnemies deal 60%[D]Damage and are less aggressive.\n\nTiming window for [Riposte]Riposte is less punishing. Blocking, dodging and rolling counter all special attacks.\n\n[Level]Experience and [Money]Money gains increased by 50%.	
FirstTimeLaunchGuide	UI	While in game, you can press [ToggleMenuButtonPress] to open the game menu. Once there, you can navigate to the 'Guide' tab to see a list with explanations of mechanics appearing in the game.	W trakcie gry możesz wcisnąć [ToggleMenuButtonPress] by otworzyć menu gry. Stamtąd możesz przejść do zakładki 'Poradnik' by zobaczyć listę opisów mechanik występujących w grze.
FirstTimeTooltips	UI	You can hover over icons such as [D] or [Detailed] to read detailed descriptions of effects, stats and abilities	
FirstTimeLaunchCombatTypeChoice	UI	Choose	Wybierz
UI_IgnisEnergy	UI	Ignis Energy	Energia Ignis
ButtonLabel_Choose	UI	Choose	Wybierz
LanguageEnglish	UI	English	English
LanguagePolish	UI	Polski	Polski
ShowExtraInfoInUI	UI	Full Info in UI (still available on Pause Screen when off)	Tryb Okna
ResolutionOptions	UI	Resolution	Rozdzielczość
FullScreenOptions	UI	Window Mode	Tryb Okna
FullScreenOptionFullScreen	UI	Full Screen	Pełen Ekran
FullScreenOptionWindowed	UI	Windowed	W Oknie
FullScreenOptionMaximizedWindowed	UI	Borderless Window	Okno na Pełen Ekran
ShowDescriptionsTip	UI	Press [DetailedDescriptionsButtonPress] for detailed descriptions	Wciśnij [DetailedDescriptionsButtonPress] by pokazać dokładne opisy
AbandonMission	UI	Abandon Mission	Porzuć Misję
FinishMission	UI	Finish Mission	Zakończ Misję
ButtonReportBug	UI	Report a Bug	Zgłoś Błąd
DescriptionReportBug	UI	A log with any errors will be sent to the developer. Additionally, you can describe the issue below:	Log z informacjami o błędach zostanie wysłany do twórcy. Dodatkowo możesz opisać błąd oraz okoliczności, w jakich wystąpił:
DescriptionReportBugError	UI	An error occurred while trying to report the bug:	An error occurred while trying to report the bug:
DescriptionReportBugSuccess	UI	Bug reported successfully. Bug reporting will be available again in 5 minutes.	Zgłaszanie błędu zakończone sukcesem. Zgłaszanie błędów będzie ponownie dostępne za 5 minut.
DescriptionReportBugInput	UI	Describe your issue here...	Wpisz opis błędu...
ButtonSendReport	UI	Send Report	Wyślij Zgłoszenie
SurvivalLevelDisplay	Survival	Level	Poziom
SurvivalEnemiesRemaining	Survival	Enemies Remaining	Pozostali wrogowie
ReturningToRealWorld	Survival	Mission accomplished. Returning to real world...	Misja zakończona. Powrót do prawdziwego świata w toku...
SurvivalLoadingNextStage	Survival	Preparing to enter next stage...	Oczekiwanie na przejście do następnego poziomu...
SurvivalVictory	Survival	Congratulations, you've finished the Survival Mode!	Gratulacje, ukończyłeś Tryb Przetrwania!
SurvivalLifeLost	Survival	Chances Remaining:	Pozostałe Szanse:
NewToolUnlockMessage	UI	You have unlocked new type of Tool: {0}. You can assign it to item slots using the menu.	Odblokowałeś nowy typ Narzędzia: {0}. Możesz przypisać go do przycisków na przedmioty w menu.
ToolDuplicateMessage	UI	You found a Tool type you already had: {0}. You receive [ToolMaterials]{1} Tool Research instead.	Znalazłeś typ Narzędzia, który już posiadałeś: {0}. Zamiast tego otrzymujesz [ToolMaterials]{1} Badania o Narzędziach.
MenuStatLabel_Stat	UI	Stat	Statystyka
ButtonCheck	UI	Check	Sprawdź
ButtonEdit	UI	Edit	Zmień
SubMenuCharacter	UI	Character	Postać
SubMenuSkillTree	UI	Skill Tree	Rozwój
SubMenuInventory	UI	Inventory	Ekwipunek
SubMenuArchive	UI	Archive	Archiwum
SubMenuTutorials	UI	Tutorials	Poradniki
SubMenuOptions	UI	Options	Opcje
SubMenuOther	UI	Other	
Stat_Level	UI	Level	Poziom
Stat_Level_Description	UI	Every level allows you to unlock 1 Passive Power-up.\n\nEvery 3 levels, you can upgrade 1 Technique or Stance.\n\nLevels 10, 20, 30 and 40 unlock new item tier.\n\nLevels 10, 20 and 30 unlock new Skill Tree tier.\n\nStarting from Level 25, you can use Ultimate versions of [Technique]Techniques once per fight.\n\nAt levels 30, 35, 40 and 45 Ultimate uses are increased by 1.	
Stat_ExperiencePoints	UI	Experience Points	Punkty Doświadczenia
Stat_ExperiencePoints_Description	UI	On reaching specified amount of experience points, your level goes up.\n\n[Experience]Experience Points are earned through defeating enemies and finishing missions or quests.	
Stat_Health	UI	Health	Życie
Stat_Health_Description	UI	[H]Health: When your [H]Health falls to 0, you lose. [H]Health can be restored by drinking Health Potion ([UseItemHealingButtonPress]).	
Stat_StaggerBar	UI	Stagger Bar	Pasek Zachwiania
Stat_StaggerBar_Description	UI	[SB]Stagger Bar: Your [SB]Stagger Bar fills out through suffering enemy attacks, or slower when blocking them.\n\nOnce it fills up completely, you temporarily enter [Staggered]Staggered state, making you weaker and causing blocked attacks to still inflict [D]Damage.	
Stat_Energy	UI	Energy	Energia
Stat_Energy_Description	UI	[E]Energy: [E]Energy is used to perform Techniques, powerful attacks assigned to [Ability1ButtonPress], [Ability2ButtonPress], [Ability3ButtonPress] and [Ability4ButtonPress].\n\n[E]Energy is restored by attacking, dodging, blocking, riposting, countering, inflicting [Staggered]Staggered, as well as suffering [D]Damage.	
Stat_EnergyGain	UI	Energy Gain	Generacja Energii
Stat_EnergyGain_Description	UI	[EG]EnergyGain: Every point increases amount of [E]Energy obtained from all sources.\n\nWith 50[EG]Energy Gain, [B]10[/B][E]Energy obtained is increased to [B]15[/B][E].\n\nWith 100[EG]Energy Gain, [B]10[/B][E]Energy obtained is increased to [B]20[/B][E].\n\nWith 200[EG]Energy Gain, [B]10[/B][E]Energy obtained is increased to [B]30[/B][E].	
Stat_Armor	UI	Damage Reduction	Redukcja Obrażeń
Stat_Armor_Description	UI	[A]Armor: Every point decreases [D]Damage taken from all sources, but does not work while [Staggered]Staggered.\n\nWith 50[A]Armor, 150[D]Damage is reduced to 100[D].\n\nWith 100[A]Armor, 150[D]Damage is reduced to 75[D].\n\nWith 200[A]Armor, 150[D]Damage is reduced to 50[D].	
Stat_Tenacity	UI	Tenacity	Wytrzymałość
Stat_Tenacity_Description	UI	[T]Tenacity: Every point decreases duration of all hard-crowd control applied to you (such as [Stun]Stun or [Freeze]Freeze).\n\nWith 50[T]Tenacity, 3 second [Stun]Stun will last only 2 seconds.\n\nWith 100[T]Tenacity, 3 second [Stun]Stun will last only 1.5 seconds.\n\nWith 200[T]Tenacity, 3 second [Stun]Stun will last only 1 second.\n\nThis is off-set by enemy [C]Control.	
Stat_CooldownReduction	UI	Cooldown Reduction	Redukcja Blokady
Stat_CooldownReduction_Description	UI	[CDR]Cooldown Reduction: Every point decreases duration of all [CD]Cooldowns, including Techniques, Items and special effects from Stances, Passive Power-ups etc.\n\nWith 50[CDR]Cooldown Reduction, a 30 second [CD]Cooldown will last only 20 seconds.\n\nWith 100[CDR]Cooldown Reduction, a 30 second [CD]Cooldown will last only 15 seconds.\n\nWith 200[CDR]Cooldown Reduction, a 30 second [CD]Cooldown will last only 10 seconds.	
Stat_Control	UI	Control	Kontrola
Stat_Control_Description	UI	[C]Control: Every point increases duration of all hard-crowd control applied by you (such as [Stun]Stun or [Freeze]Freeze).\n\nWith 50[C]Control, a 2 second [Stun]Stun will last 3 seconds.\n\nWith 100[C]Control, 2 second [Stun]Stun will last 4 seconds.\n\nWith 200[C]Control, 2 second [Stun]Stun will last 6 seconds.\n\nThis is off-set by enemy [T]Tenacity.	
Stat_MovementSpeed	UI	Movement Speed	Prędkość Ruchu
Stat_MovementSpeed_Description	UI	[SPEED]Movement Speed: Every point increases running speed.\n\nWith 50[SPEED]Movement Speed, player will run 50% longer distance in same amount of time.\n\nWith 100[SPEED]Movement Speed, player will run 100% longer distance in same amount of time.\n\nWith 200[SPEED]Movement Speed, player will run 200% longer distance in same amount of time.	
Stat_Damage	UI	Damage	
Stat_Damage_Description	UI	[D]Damage includes both [I]Injury and [S]Stagger, so an attack dealing [G]50[/G][D]Damage will inflict [R]50[/R][I]+[P]50[/P][S]	
Stat_AttackSpeed	UI	Attack Speed	
Stat_AttackSpeed_Description	UI	[AS]Attack Speed: Determines speed of all Basic Attacks, Ripostes, Counters and Backstabs (but not Techniques).	
Stat_Injury	UI	Injury	
Stat_Injury_Description	UI	[I]Injury: Determines all [I]Injury inflicted.\n\n[I]Injury decreases enemy [H]Health (red bar).	
Stat_Stagger	UI	Stagger	
Stat_Stagger_Description	UI	[S]Stagger: Determines all [S]Stagger inflicted.\n\n[S]Stagger fills up enemy [SB]Stagger Bar (purple bar).\n\nWhen [Staggered]Staggered, enemies lose their [A]Armor and become temporarily unable to act.\n\nWhen an enemy is [Staggered]Staggered, player's [S]Stagger decreases enemy [H]Health at 50% effectivness.\n\nWhen the player is [Staggered]Staggered, enemy [S]Stagger is harmless.	
Stat_HeavyDamage	UI	Heavy Weapon Damage	Obrażenia Ciężką Bronią
Stat_HeavyDamage_Description	UI	[HD]Heavy Damage: Determines all [D]Damage inflicted with [Heavy]Heavy Weapons (Greatswords, Polearms, Longblades), decreasing both enemy [H]Health (red bar) and [SB]Stagger Bar (purple bar).	
Stat_HeavyInjury	UI	Heavy Weapon Injury	Zranienie Ciężką Bronią
Stat_HeavyInjury_Description	UI	[HI]Heavy Injury: Determines all [I]Injury inflicted with [Heavy]Heavy Weapons (Greatswords, Polearms, Longblades).\n\n[I]Injury decreases enemy [H]Health (red bar).	
Stat_HeavyStagger	UI	Heavy Weapon Stagger	Zachwianie Ciężką Bronią
Stat_HeavyStagger_Description	UI	[HS]Heavy Stagger: Determines all [S]Stagger inflicted with [Heavy]Heavy Weapons (Greatswords, Polearms, Longblades).\n\n[S]Stagger fills up enemy [SB]Stagger Bar (purple bar).	
Stat_HeavyAttackSpeed	UI	Heavy Weapon Speed	Prędkość Ciężką Bronią
Stat_HeavyAttackSpeed_Description	UI	[HAS]Heavy Attack Speed: Determines speed of Basic Attacks, Ripostes, Counters and Backstabs (but not Techniques) used with [Heavy]Heavy Weapons (Greatswords, Polearms, Longblades).\n\nHeavy Weapons have max [AS]Attack Speed value of 1.5.	
Stat_LightDamage	UI	Light Weapon Damage	Obrażenia Lekką Bronią
Stat_LightDamage_Description	UI	[LD]Light Damage: Determines all [D]Damage inflicted with [Light]Light Weapons (Twin Blades, Daggers, Gauntlets), decreasing both enemy [H]Health (red bar) and [SB]Stagger Bar (purple bar).	
Stat_LightInjury	UI	Light Weapon Injury	Zranienie Lekką Bronią
Stat_LightInjury_Description	UI	[LI]Light Injury: Determines all [I]Injury inflicted with [Light]Light Weapons (Twin Blades, Daggers, Gauntlets).\n\n[I]Injury decreases enemy [H]Health (red bar).	
Stat_LightStagger	UI	Light Weapon Stagger	Zachwianie Lekką Bronią
Stat_LightStagger_Description	UI	[LS]Light Stagger: Determines all [S]Stagger inflicted with [Light]Light Weapons (Twin Blades, Daggers, Gauntlets).\n\n[S]Stagger fills up enemy [SB]Stagger Bar (purple bar).	
Stat_LightAttackSpeed	UI	Light Weapon Speed	Prędkość Lekką Bronią
Stat_LightAttackSpeed_Description	UI	[LAS]Light Attack Speed: Determines speed of Basic Attacks, Ripostes, Counters and Backstabs (but not Techniques) used with [Light]Light Weapons (Twin Blades, Daggers, Gauntlets).\n\nLight Weapons have max [AS]Attack Speed value of 2.5.	
Stat_RangedDamage	UI	Ranged Weapon Damage	Obrażenia Zasięgową Bronią
Stat_RangedDamage_Description	UI	[RD]Ranged Damage: Determines all [D]Damage inflicted with [Ranged]Ranged Weapons (Guns, Bows, Cannons), decreasing both enemy [H]Health (red bar) and [SB]Stagger Bar (purple bar).	
Stat_RangedInjury	UI	Ranged Weapon Injury	Zranienie Zasięgową Bronią
Stat_RangedInjury_Description	UI	[RI]Ranged Injury: Determines all [I]Injury inflicted with [Ranged]Ranged Weapons (Guns, Bows, Cannons).\n\n[I]Injury decreases enemy [H]Health (red bar).	
Stat_RangedStagger	UI	Ranged Weapon Stagger	Zachwianie Zasięgową Bronią
Stat_RangedStagger_Description	UI	[RS]Ranged Stagger: Determines all [S]Stagger inflicted with [Ranged]Ranged Weapons (Guns, Bows, Cannons).\n\n[S]Stagger fills up enemy [SB]Stagger Bar (purple bar).	
Stat_RangedAttackSpeed	UI	Ranged Weapon Speed	Prędkość Zasięgową Bronią
Stat_RangedAttackSpeed_Description	UI	[RAS]Ranged Attack Speed: Determines speed of Basic Attacks, Ripostes, Counters and Backstabs (but not Techniques) used with [Ranged]Ranged Weapons (Guns, Bows, Cannons).\n\nRanged Weapons have max [AS]Attack Speed value of 2.0.	
Stat_MagicDamage	UI	Magic Damage	Obrażenia Magią
Stat_MagicDamage_Description	UI	[MD]Magic Damage: Determines all [D]Damage inflicted with [Magic]Magic (some Techniques, [Proprius]Power Without Limit and [Proprius]Mind Over Matter stances), decreasing both enemy [H]Health (red bar) and [SB]Stagger Bar (purple bar).	
Stat_MagicInjury	UI	Magic Injury	Zranienie Magią
Stat_MagicInjury_Description	UI	[MI]Magic Injury: Determines all [I]Injury inflicted with [Magic]Magic (some Techniques, [Proprius]Power Without Limit and [Proprius]Mind Over Matter stances).\n\n[I]Injury decreases enemy [H]Health (red bar).	
Stat_MagicStagger	UI	Magic Stagger	Zachwianie Magią
Stat_MagicStagger_Description	UI	[MS]Magic Stagger: Determines all [S]Stagger inflicted with [Magic]Magic (some Techniques, [Proprius]Power Without Limit and [Proprius]Mind Over Matter stances).\n\n[S]Stagger fills up enemy [SB]Stagger Bar (purple bar).	
Stat_MagicAttackSpeed	UI	Magic Speed	Prędkość Magią
Stat_MagicAttackSpeed_Description	UI	[MAS]Magic Attack Speed: Determines speed of Basic Attacks, Ripostes, Counters and Backstabs (but not Techniques) performed while in [Proprius]Power Without Limit or [Proprius]Mind Over Matter stances.\n\nMagic has max [AS]Attack Speed value of 2.0.	
Stat_WeaponDamage	UI	Weapon Damage	Obrażenia Brońmi
Stat_WeaponDamage_Description	UI	[WD]Weapon Damage: includes [HD]Heavy Damage, [LD]Light Damage and [RD]Ranged Damage, but not [MD]Magic Damage.	
Stat_WeaponInjury	UI	Weapon Injury	Zranienie Brońmi
Stat_WeaponInjury_Description	UI	[WI]Weapon Injury: includes [HI]Heavy Injury, [LI]Light Injury and [RI]Ranged Injury, but not [MI]Magic Injury.	
Stat_WeaponStagger	UI	Weapon Stagger	Zachwianie Brońmi
Stat_WeaponStagger_Description	UI	[WS]Weapon Stagger: includes [HS]Heavy Stagger, [LS]Light Stagger and [RS]Ranged Stagger, but not [MS]Magic Stagger.	
Stat_TechniqueDamage	UI	Technique Damage	Obrażenia Technikami
Stat_TechniqueDamage_Description	UI	[TD]Technique Damage: Determines all [D]Damage inflicted with [Technique]Techniques (performed by pressing [Ability1ButtonPress], [Ability2ButtonPress], [Ability3ButtonPress] or [Ability4ButtonPress] and paying corresponding [E]Energy cost)	
Stat_TechniqueInjury	UI	Technique Injury	Zranienie Technikami
Stat_TechniqueInjury_Description	UI	[TI]Technique Injury: Determines all [I]Injury inflicted with [Technique]Techniques (performed by pressing [Ability1ButtonPress], [Ability2ButtonPress], [Ability3ButtonPress] or [Ability4ButtonPress] and paying corresponding [E]Energy cost)	
Stat_TechniqueStagger	UI	Technique Stagger	Zachwianie Technikami
Stat_TechniqueStagger_Description	UI	[TS]Technique Stagger: Determines all [S]Stagger inflicted with [Technique]Techniques (performed by pressing [Ability1ButtonPress], [Ability2ButtonPress], [Ability3ButtonPress] or [Ability4ButtonPress] and paying corresponding [E]Energy cost)	
Stat_MaximumValue	UI	MAX	
BindingName	UI	Action Name	
KeyboardBinding1	UI	Keyboard 1st	
KeyboardBinding2	UI	Keyboard 2nd	
GamepadBinding1	UI	Gamepad 1st	
GamepadBinding2	UI	Gamepad 2nd	
RunUpButtonPress	UI	Run up	
RunRightButtonPress	UI	Run right	
RunDownButtonPress	UI	Run down	
RunLeftButtonPress	UI	Run left	
BasicAttackButtonPress	UI	[BA]Basic Attack	
BlockButtonPress	UI	Block	
DodgeButtonPress	UI	[Dodge]Dodge	
InteractButtonPress	UI	Interact	
Ability1ButtonPress	UI	Use Technique 1	
Ability2ButtonPress	UI	Use Technique 2	
Ability3ButtonPress	UI	Use Technique 3	
Ability4ButtonPress	UI	Use Technique 4	
UseItem1ButtonPress	UI	Use Item 1	
UseItem2ButtonPress	UI	Use Item 2	
UseItemHealingButtonPress	UI	Use Health Potion	
ScoutButtonPress	UI	Scout (increase field of view)	
RotateStanceLeftButtonPress	UI	Change Stance to left	
RotateStanceRightButtonPress	UI	Change Stance to right	
EquipHeavyStanceButtonPress	UI	Equip [Heavy]Heavy stance	
EquipLightStanceButtonPress	UI	Equip [Light]Light stance	
EquipRangedStanceButtonPress	UI	Equip [Ranged]Ranged stance	
ToggleTargetButtonPress	UI	Change Target	
ToggleMenuButtonPress	UI	Open Menu	
PauseScreenButtonPress	UI	Pause	
PrepareUltimateButtonPress	UI	Prepare Ultimate Technique	
QuickSaveButtonPress	UI	Quick-save	
QuickLoadButtonPress	UI	Quick-load	
OpenCharacterMenuButtonPress	UI	Open Character Menu	
OpenInventoryMenuButtonPress	UI	Open Inventory Menu	
OpenSkillTreeMenuButtonPress	UI	Open Skill Tree Menu	
OpenArchiveMenuButtonPress	UI	Open Archive Menu	
OpenTutorialsMenuButtonPress	UI	Open Tutorials Menu	
OpenOptionsMenuButtonPress	UI	Open Options Menu	
OpenDebugConsoleButtonPress	UI	Open Debug Console	
CheatModeButtonPress	UI	Activate Cheat Mode	
ToggleLogsButtonPress	UI	Turn Logs On/Off	
ToggleOnScreenLogsButtonPress	UI	Turn Log Window On/Off	
GamepadAbilitiesButtonPress	UI	Enable Technique Buttons	
GamepadItemsButtonPress	UI	Enable Tools/Scout Buttons	
GamepadOnly	UI	Gamepad Only	
RestoreDefaultKeybinds	UI	Restore Default	
RestoreAlternateKeyboardKeybinds	UI	Alternate Keyboard	
RestoreAlternateGamepadKeybinds	UI	Alternate Gamepad	
IncorrectKeybindInput	UI	Received unexpected input, rebinding was cancelled	
WrongGamepadKeybindInput	UI	Received Gamepad input, expected Mouse or Keyboard	
WrongKeyboardKeybindInput	UI	Received Mouse or Keyboard input, expected Gamepad	
UnexpectedKeybindError	UI	Unexpected error ocurred while trying to change keybind ({0}, {1}, {2})	
InputWaitingRoomLabel	UI	Waiting 5 seconds for valid input...	
WaitedTooLongForKeybind	UI	Rebind operation was automatically cancelled after 5 seconds of no valid input	
